cell_id,family,held_out,severity,asd_policy,seed,detectors,t_rel,params_json,poison_lo,poison_med,poison_hi,poison_collapsed,gated_lo,gated_med,gated_hi,gated_recovers,oracle_lo,oracle_med,oracle_hi,oracle_recovers,detector_n_gates,detector_fired,oracle_only_recovery,residual_power_H1,residual_power_L1,error,elapsed_s,gs_label,gs_event_time,gs_snr,gs_duration,gs_confidence,excerpt_window_s,severity_mode,scale_k,native_snr,injected_snr_w,injected_inband_rms_ratio,is_noise_control,gates_json,gs_snr_bin,injected_rho_w
0,Blip,True,nan,stationary,0,H1,-1.4660163946254445,"{""gs_event_time"": 1241581364.51025, ""window_s"": 1.0, ""mode"": ""native""}",17.207115173339844,32.31892395019531,45.652456283569336,False,16.647403144836424,32.35907173156738,45.27616386413574,True,18.193118476867674,33.68402862548828,45.141046142578126,True,1,True,False,0.0476959972928012,0.0,,7.277,Blip,1241581364.51025,28.7245693206787,0.25,0.9999998807907104,1.0,native,34.44049011860848,27.370771657408476,27.370771657408472,0.004521914624871528,False,"[[-2.0, -0.787]]","[8,30)",29.51568931312247
1,Blip,True,nan,stationary,0,H1,-1.3508600682005232,"{""gs_event_time"": 1241581364.51025, ""window_s"": 1.0, ""mode"": ""native""}",18.092787170410155,33.47822570800781,45.16454620361328,False,19.362718200683595,34.897186279296875,44.70782966613769,True,14.752778053283691,28.573490142822266,44.87622718811035,True,1,True,False,0.049232876266354524,0.0,,5.399,Blip,1241581364.51025,28.7245693206787,0.25,0.9999998807907104,1.0,native,34.44049011860848,27.370771657408476,27.370771657408472,0.004521914624871528,False,"[[-2.0, -0.662]]","[8,30)",29.51568931312247
2,Blip,True,nan,stationary,0,H1,-0.6952507023676436,"{""gs_event_time"": 1241581364.51025, ""window_s"": 1.0, ""mode"": ""native""}",19.393344497680665,34.37211036682129,45.1497859954834,False,19.823580169677733,35.618892669677734,45.37219505310058,True,19.855553817749023,34.62343978881836,44.068142318725585,True,1,True,False,0.047059476771887744,0.0,,5.337,Blip,1241581364.51025,28.7245693206787,0.25,0.9999998807907104,1.0,native,34.44049011860848,27.370771657408476,27.370771657408472,0.004521914624871528,False,"[[-1.463, 0.088]]","[8,30)",29.51568931312247
3,Blip,True,nan,stationary,0,H1,-0.7233725861108999,"{""gs_event_time"": 1240747921.04639, ""window_s"": 1.0, ""mode"": ""native""}",18.66591110229492,34.4088249206543,44.844985198974605,False,21.062121963500978,35.4232292175293,45.21061820983887,True,16.383935928344727,28.75663471221924,45.681141471862794,True,1,True,False,0.04477866237713961,0.0,,5.129,Blip,1240747921.04639,18.5389003753662,0.09375,0.9999998807907104,1.0,native,54.003019607542136,27.282216663097007,27.282216663097014,0.004709038160890981,False,"[[-1.463, -0.037]]","[8,30)",29.41926334605877
4,Blip,True,nan,stationary,0,H1,-0.7615378662224954,"{""gs_event_time"": 1240747921.04639, ""window_s"": 1.0, ""mode"": ""native""}",18.721439933776857,34.149789810180664,45.50556640625,False,19.573564529418945,33.360342025756836,45.397624015808105,True,19.904034996032713,34.70883369445801,44.848247337341306,True,1,True,False,0.042669608259299975,0.0,,5.354,Blip,1240747921.04639,18.5389003753662,0.09375,0.9999998807907104,1.0,native,54.003019607542136,27.282216663097007,27.282216663097014,0.004709038160890981,False,"[[-1.463, -0.162]]","[8,30)",29.41926334605877
5,Blip,True,nan,stationary,0,H1,-1.0395869348857398,"{""gs_event_time"": 1240747921.04639, ""window_s"": 1.0, ""mode"": ""native""}",20.18974914550781,35.36613845825195,45.60834503173828,False,16.438234519958495,31.02871036529541,45.204840660095215,True,23.02825403213501,35.55241775512695,45.385264778137206,True,1,True,False,0.04334531396629703,0.0,,5.465,Blip,1240747921.04639,18.5389003753662,0.09375,0.9999998807907104,1.0,native,54.003019607542136,27.282216663097007,27.282216663097014,0.004709038160890981,False,"[[-1.838, -0.787]]","[8,30)",29.41926334605877
6,Blip,True,nan,stationary,0,H1,-0.3033480770529468,"{""gs_event_time"": 1240595566.29834, ""window_s"": 1.0, ""mode"": ""native""}",20.486803245544433,34.68337631225586,45.00773620605469,False,20.023211097717287,34.863094329833984,45.20072898864746,True,14.33439598083496,25.106343269348145,45.95814056396484,True,0,False,False,0.0,0.0,,5.596,Blip,1240595566.29834,14.2938995361328,0.0781200006604195,0.9999998807907104,1.0,native,31.50325342416871,12.583806420976098,12.583806420976098,0.002095137208338339,False,[],"[8,30)",13.568766560740471
7,Blip,True,nan,stationary,0,H1,-0.32299759346852397,"{""gs_event_time"": 1240595566.29834, ""window_s"": 1.0, ""mode"": ""native""}",21.14221782684326,35.4565372467041,45.23479957580567,False,21.151248741149903,34.26981735229492,45.34912586212158,True,15.585028648376465,30.205899238586426,45.87631340026855,True,0,False,False,0.0,0.0,,5.214,Blip,1240595566.29834,14.2938995361328,0.0781200006604195,0.9999998807907104,1.0,native,31.50325342416871,12.583806420976098,12.583806420976098,0.002095137208338339,False,[],"[8,30)",13.568766560740471
8,Blip,True,nan,stationary,0,H1,-0.6773496186231663,"{""gs_event_time"": 1240595566.29834, ""window_s"": 1.0, ""mode"": ""native""}",19.58428611755371,35.0320987701416,45.82830467224121,False,19.64168300628662,34.21196174621582,45.22765197753906,True,13.50684928894043,25.433887481689453,42.944606971740725,True,0,False,False,0.0,0.0,,5.268,Blip,1240595566.29834,14.2938995361328,0.0781200006604195,0.9999998807907104,1.0,native,31.50325342416871,12.583806420976098,12.583806420976098,0.002095137208338339,False,[],"[8,30)",13.568766560740471
9,Blip,True,nan,stationary,0,H1,-0.7194488684786204,"{""gs_event_time"": 1263711472.65381, ""window_s"": 1.0, ""mode"": ""native""}",16.76619358062744,32.432159423828125,45.10124835968018,False,19.487533950805666,34.29240036010742,45.30435676574707,True,13.88001594543457,26.190571784973145,42.987738609313965,True,1,True,False,0.04705947680344935,0.0,,5.267,Blip,1263711472.65381,22.3089008331299,0.15625,0.9999997615814208,1.0,native,48.439330746417426,33.91878236902087,33.91878236902086,0.006754077634994689,False,"[[-1.463, 0.088]]","[8,30)",36.57639171319674
10,Blip,True,nan,stationary,0,H1,-0.6738639233148719,"{""gs_event_time"": 1263711472.65381, ""window_s"": 1.0, ""mode"": ""native""}",20.28066635131836,34.937503814697266,45.38795185089111,False,18.54874267578125,34.20917320251465,45.2583122253418,True,17.540164184570312,32.08197021484375,43.54021244049072,True,1,True,False,0.047059476802720025,0.0,,4.905,Blip,1263711472.65381,22.3089008331299,0.15625,0.9999997615814208,1.0,native,48.439330746417426,33.91878236902087,33.91878236902086,0.006754077634994689,False,"[[-1.463, 0.088]]","[8,30)",36.57639171319674
11,Blip,True,nan,stationary,0,H1,-1.0332942912250755,"{""gs_event_time"": 1263711472.65381, ""window_s"": 1.0, ""mode"": ""native""}",21.17426128387451,35.476003646850586,45.22692718505859,False,18.95020160675049,34.37422180175781,44.99651565551758,True,15.7334379196167,31.160435676574707,43.523908615112305,True,1,True,False,0.049455392998514446,0.0,,5.338,Blip,1263711472.65381,22.3089008331299,0.15625,0.9999997615814208,1.0,native,48.439330746417426,33.91878236902087,33.91878236902086,0.006754077634994689,False,"[[-1.838, -0.287]]","[8,30)",36.57639171319674
12,Blip,True,nan,stationary,0,H1,-1.3378841939731065,"{""gs_event_time"": 1260562379.36035, ""window_s"": 1.0, ""mode"": ""native""}",20.13591957092285,35.54050827026367,45.321491432189944,False,19.383037185668947,34.810115814208984,44.950287437438966,True,13.834500885009765,25.359675407409668,44.0440071105957,True,1,True,False,0.04923287622543856,0.0,,5.734,Blip,1260562379.36035,17.3188495635986,0.15625,0.9999997615814208,1.0,native,57.667258601307495,32.0497865440787,32.0497865440787,0.008777986800201334,False,"[[-2.0, -0.662]]","[8,30)",34.55698616179423
13,Blip,True,nan,stationary,0,H1,-0.634213991767102,"{""gs_event_time"": 1260562379.36035, ""window_s"": 1.0, ""mode"": ""native""}",19.90515480041504,36.160240173339844,46.068774414062496,False,18.02552375793457,34.78488349914551,45.55315742492676,True,14.296664810180664,26.058194160461426,45.24650268554687,True,1,True,False,0.04239571825370718,0.0,,5.786,Blip,1260562379.36035,17.3188495635986,0.15625,0.9999997615814208,1.0,native,57.667258601307495,32.0497865440787,32.0497865440787,0.008777986800201334,False,"[[-1.338, -0.037]]","[8,30)",34.55698616179423
14,Blip,True,nan,stationary,0,H1,-0.869574813029129,"{""gs_event_time"": 1260562379.36035, ""window_s"": 1.0, ""mode"": ""native""}",16.800353622436525,31.853073120117188,44.99217300415039,False,17.65827178955078,32.09942817687988,45.51706161499023,True,21.34787197113037,34.59621810913086,45.090976333618165,True,1,True,False,0.045342824015764956,0.0,,5.39,Blip,1260562379.36035,17.3188495635986,0.15625,0.9999997615814208,1.0,native,57.667258601307495,32.0497865440787,32.0497865440787,0.008777986800201334,False,"[[-1.588, -0.162]]","[8,30)",34.55698616179423
15,Blip,True,nan,stationary,0,H1,-1.1277097493292532,"{""gs_event_time"": 1238210670.78223, ""window_s"": 2.5, ""mode"": ""native""}",11.207161331176758,16.054670333862305,36.92784996032715,False,17.07006492614746,34.42466926574707,45.74162349700928,True,11.9978816986084,18.099760055541992,41.62984924316406,False,1,True,False,0.05239908443902024,0.0,,5.598,Blip,1238210670.78223,80.3803405761719,1.25,0.9999998807907104,2.5,native,48.08344406970361,110.0170293939222,110.01702939392221,0.02002302022572211,False,"[[-1.963, -0.287]]","[30,100)",118.66259100780474
16,Blip,True,nan,stationary,0,H1,-0.9169975694018532,"{""gs_event_time"": 1238210670.78223, ""window_s"": 2.5, ""mode"": ""native""}",10.602166366577148,13.701841354370117,24.085895633697508,False,17.01608943939209,33.46156120300293,44.229756355285645,True,15.506875610351562,29.315731048583984,44.19259662628174,True,1,True,False,0.05092999198468915,0.0,,6.033,Blip,1238210670.78223,80.3803405761719,1.25,0.9999998807907104,2.5,native,48.08344406970361,110.0170293939222,110.01702939392221,0.02002302022572211,False,"[[-1.838, -0.162]]","[30,100)",118.66259100780474
17,Blip,True,nan,stationary,0,H1,-0.43261459878119973,"{""gs_event_time"": 1238210670.78223, ""window_s"": 2.5, ""mode"": ""native""}",10.668068313598633,13.093133926391602,18.22561378479004,False,18.13652687072754,32.82786560058594,45.502374458312985,True,15.054768371582032,28.557377815246582,44.607825660705565,True,1,True,False,0.04859621676271051,0.0,,5.672,Blip,1238210670.78223,80.3803405761719,1.25,0.9999998807907104,2.5,native,48.08344406970361,110.0170293939222,110.01702939392221,0.02002302022572211,False,"[[-1.213, 0.338]]","[30,100)",118.66259100780474
18,Blip,True,nan,stationary,0,H1,-0.37914778085250045,"{""gs_event_time"": 1265092802.5542, ""window_s"": 1.0, ""mode"": ""native""}",16.463200950622557,31.632665634155273,44.912031173706055,False,18.573588943481447,33.95350646972656,44.92441463470459,True,17.301795387268065,31.611421585083008,45.523766899108885,True,1,True,False,0.04698017530315826,0.0,,6.011,Blip,1265092802.5542,32.3168106079102,0.25,0.9999997615814208,1.0,native,37.8879132995385,35.31781842922267,35.317818429222676,0.005774312067030367,False,"[[-1.088, 0.338]]","[30,100)",38.082694131185946
19,Blip,True,nan,stationary,0,H1,-1.0706457639491158,"{""gs_event_time"": 1265092802.5542, ""window_s"": 1.0, ""mode"": ""native""}",18.32675132751465,33.02717208862305,45.208374214172366,False,18.39838581085205,34.49725532531738,44.86337795257568,True,14.832021713256836,28.78263759613037,44.71894645690918,True,1,True,False,0.0494553929635043,0.0,,5.573,Blip,1265092802.5542,32.3168106079102,0.25,0.9999997615814208,1.0,native,37.8879132995385,35.31781842922267,35.317818429222676,0.005774312067030367,False,"[[-1.838, -0.287]]","[30,100)",38.082694131185946
20,Blip,True,nan,stationary,0,H1,-0.814164203124287,"{""gs_event_time"": 1265092802.5542, ""window_s"": 1.0, ""mode"": ""native""}",16.722250556945802,30.91524314880371,44.65521755218506,False,17.443534088134765,31.797334671020508,44.748609161376955,True,15.416054344177246,27.129935264587402,45.47380123138427,True,1,True,False,0.04725899913078868,0.0,,6.317,Blip,1265092802.5542,32.3168106079102,0.25,0.9999997615814208,1.0,native,37.8879132995385,35.31781842922267,35.317818429222676,0.005774312067030367,False,"[[-1.588, -0.037]]","[30,100)",38.082694131185946
21,Blip,True,nan,stationary,0,H1,-1.1137567307088694,"{""gs_event_time"": 1263969411.51831, ""window_s"": 1.0, ""mode"": ""native""}",20.52608757019043,34.72714614868164,45.41471157073975,False,17.906266975402833,33.23410415649414,44.724298095703126,True,14.567429351806641,27.35987663269043,43.22455177307129,True,1,True,False,0.052399084348277704,0.0,,5.418,Blip,1263969411.51831,34.6442909240723,0.1875,0.9999996423721312,1.0,native,52.127677545591105,60.56216564467913,60.56216564467914,0.013616773647092432,False,"[[-1.963, -0.287]]","[30,100)",65.29372946742431
22,Blip,True,nan,stationary,0,H1,-0.7868399637603639,"{""gs_event_time"": 1263969411.51831, ""window_s"": 1.0, ""mode"": ""native""}",16.83856658935547,31.901053428649902,45.52876434326172,False,16.636141204833983,32.78484344482422,45.22233695983887,True,19.570715713500977,34.45829200744629,44.110500717163085,True,1,True,False,0.04725899918879473,0.0,,5.496,Blip,1263969411.51831,34.6442909240723,0.1875,0.9999996423721312,1.0,native,52.127677545591105,60.56216564467913,60.56216564467914,0.013616773647092432,False,"[[-1.588, -0.037]]","[30,100)",65.29372946742431
23,Blip,True,nan,stationary,0,H1,-1.09450652939144,"{""gs_event_time"": 1263969411.51831, ""window_s"": 1.0, ""mode"": ""native""}",18.912792587280272,35.62354850769043,45.33747787475586,False,18.15698986053467,33.204689025878906,44.84723014831543,True,13.14929656982422,22.984400749206543,44.383278083801265,False,1,True,False,0.05239908410614326,0.0,,5.862,Blip,1263969411.51831,34.6442909240723,0.1875,0.9999996423721312,1.0,native,52.127677545591105,60.56216564467913,60.56216564467914,0.013616773647092432,False,"[[-1.963, -0.287]]","[30,100)",65.29372946742431
24,Blip,True,nan,stationary,0,H1,-1.0300571993662064,"{""gs_event_time"": 1243601282.31103, ""window_s"": 1.0, ""mode"": ""native""}",15.576273155212402,28.88456439971924,43.98501262664795,False,18.26729393005371,34.411678314208984,45.133703994750974,True,21.882497787475586,35.74512481689453,44.50235385894776,True,1,True,False,0.04945539299475028,0.0,,6.105,Blip,1243601282.31103,39.2656288146973,0.375,0.9999991655349731,1.0,native,45.53774776291852,54.803676502958304,54.8036765029583,0.009412913199190959,False,"[[-1.838, -0.287]]","[30,100)",59.09450161278484
25,Blip,True,nan,stationary,0,H1,-0.43167077759424927,"{""gs_event_time"": 1243601282.31103, ""window_s"": 1.0, ""mode"": ""native""}",21.878664588928224,34.315547943115234,45.38597145080566,False,18.207010078430176,33.862571716308594,44.81435432434082,True,15.511078453063964,31.045019149780273,44.50901546478271,True,1,True,False,0.04859621665678525,0.0,,5.492,Blip,1243601282.31103,39.2656288146973,0.375,0.9999991655349731,1.0,native,45.53774776291852,54.803676502958304,54.8036765029583,0.009412913199190959,False,"[[-1.213, 0.338]]","[30,100)",59.09450161278484
26,Blip,True,nan,stationary,0,H1,-1.2274108877599443,"{""gs_event_time"": 1243601282.31103, ""window_s"": 1.0, ""mode"": ""native""}",21.52312297821045,35.70681571960449,45.49180450439453,False,17.78656940460205,32.75595664978027,45.430759048461915,True,20.15270290374756,35.454423904418945,46.03333721160889,True,1,True,False,0.051975223850856365,0.0,,6.277,Blip,1243601282.31103,39.2656288146973,0.375,0.9999991655349731,1.0,native,45.53774776291852,54.803676502958304,54.8036765029583,0.009412913199190959,False,"[[-2.0, -0.412]]","[30,100)",59.09450161278484
27,Blip,True,nan,stationary,0,H1,-0.7521754263767492,"{""gs_event_time"": 1241210717.1167, ""window_s"": 1.0, ""mode"": ""native""}",20.173027420043944,34.63139533996582,45.64384136199951,False,17.158839797973634,31.030820846557617,44.479997634887695,True,16.822529602050782,32.52658462524414,44.50329055786133,True,1,True,False,0.049345793341160155,0.0,,6.393,Blip,1241210717.1167,34.1753082275391,0.21875,0.9999991655349731,1.0,native,46.734454438395026,50.11967312909231,50.119673129092305,0.008774783325857884,False,"[[-1.588, 0.088]]","[30,100)",54.043096251754186
28,Blip,True,nan,stationary,0,H1,-1.3991815877011382,"{""gs_event_time"": 1241210717.1167, ""window_s"": 1.0, ""mode"": ""native""}",17.389553451538085,33.61783790588379,44.38002510070801,False,20.943399047851564,35.34074783325195,45.00267734527588,True,21.621468353271485,35.334903717041016,45.367404556274415,True,1,True,False,0.049232876267731575,0.0,,5.729,Blip,1241210717.1167,34.1753082275391,0.21875,0.9999991655349731,1.0,native,46.734454438395026,50.11967312909231,50.119673129092305,0.008774783325857884,False,"[[-2.0, -0.662]]","[30,100)",54.043096251754186
29,Blip,True,nan,stationary,0,H1,-0.5008270228159227,"{""gs_event_time"": 1241210717.1167, ""window_s"": 1.0, ""mode"": ""native""}",19.781262397766113,35.006303787231445,44.95391960144043,False,18.96707420349121,34.34571075439453,45.519979095458986,True,12.47272548675537,19.90663719177246,42.567068290710445,False,1,True,False,0.04859621664889184,0.0,,5.609,Blip,1241210717.1167,34.1753082275391,0.21875,0.9999991655349731,1.0,native,46.734454438395026,50.11967312909231,50.119673129092305,0.008774783325857884,False,"[[-1.213, 0.338]]","[30,100)",54.043096251754186
30,Blip,True,nan,stationary,0,H1,-0.55548203101358,"{""gs_event_time"": 1245443923.63818, ""window_s"": 1.531239986419678, ""mode"": ""native""}",11.462882614135742,15.951421737670898,36.78779430389404,False,19.89750862121582,33.91926383972168,45.22562046051025,True,17.660332489013673,33.166006088256836,45.57728614807129,True,1,True,False,0.05211147466439996,0.0,,6.59,Blip,1245443923.63818,166.305953979492,0.765619993209839,0.9982330799102784,1.531239986419678,native,48.989939356871275,248.79648639894407,248.796486398944,0.03941414960305299,False,"[[-1.463, 0.338]]","[100,300)",268.23427776044673
31,Blip,True,nan,stationary,0,H1,-1.2127566684084574,"{""gs_event_time"": 1245443923.63818, ""window_s"": 1.531239986419678, ""mode"": ""native""}",12.368868827819824,16.565645217895508,27.79383106231689,False,18.292055320739745,32.858001708984375,44.53401527404785,True,16.79924793243408,32.44104194641113,44.92637767791748,True,1,True,False,0.051975223710019024,0.0,,6.194,Blip,1245443923.63818,166.305953979492,0.765619993209839,0.9982330799102784,1.531239986419678,native,48.989939356871275,248.79648639894407,248.796486398944,0.03941414960305299,False,"[[-2.0, -0.412]]","[100,300)",268.23427776044673
32,Blip,True,nan,stationary,0,H1,-0.4482189230271555,"{""gs_event_time"": 1245443923.63818, ""window_s"": 1.531239986419678, ""mode"": ""native""}",18.107573890686034,30.744521141052246,42.7738733291626,False,17.263245010375975,33.34417915344238,45.40737590789795,True,21.814214324951173,35.890682220458984,45.178666305541995,True,1,True,False,0.053099455896548096,0.0,,5.69,Blip,1245443923.63818,166.305953979492,0.765619993209839,0.9982330799102784,1.531239986419678,native,48.989939356871275,248.79648639894407,248.796486398944,0.03941414960305299,False,"[[-1.338, 0.463]]","[100,300)",268.23427776044673
33,Blip,True,nan,stationary,0,H1,-1.4297183582337667,"{""gs_event_time"": 1242143255.21594, ""window_s"": 1.0, ""mode"": ""native""}",15.33125171661377,29.33845615386963,45.13287792205811,False,19.48449649810791,34.896493911743164,45.080495071411136,True,16.64135398864746,29.62887668609619,45.4771806716919,True,1,True,False,0.049232876109572644,0.0,,5.51,Blip,1242143255.21594,124.512229919434,0.375,0.99800044298172,1.0,native,48.34355001580046,163.07207227499453,163.0720722749945,0.05311382771256489,False,"[[-2.0, -0.662]]","[100,300)",175.83062630722418
34,Blip,True,nan,stationary,0,H1,-1.0966595273452076,"{""gs_event_time"": 1242143255.21594, ""window_s"": 1.0, ""mode"": ""native""}",13.99014072418213,26.0787410736084,44.39872150421142,False,17.80457763671875,32.31944274902344,45.03098335266113,True,17.80065631866455,31.982319831848145,46.1072280883789,True,1,True,False,0.052399084752341916,0.0,,5.849,Blip,1242143255.21594,124.512229919434,0.375,0.99800044298172,1.0,native,48.34355001580046,163.07207227499453,163.0720722749945,0.05311382771256489,False,"[[-1.963, -0.287]]","[100,300)",175.83062630722418
35,Blip,True,nan,stationary,0,H1,-1.319664639726193,"{""gs_event_time"": 1242143255.21594, ""window_s"": 1.0, ""mode"": ""native""}",22.069118309020997,35.86863708496094,45.78750839233398,False,14.944792556762696,30.079880714416504,44.609228897094724,True,15.78943748474121,26.187108993530273,45.859937286376955,True,1,True,False,0.05064812100047996,0.0,,5.817,Blip,1242143255.21594,124.512229919434,0.375,0.99800044298172,1.0,native,48.34355001580046,163.07207227499453,163.0720722749945,0.05311382771256489,False,"[[-2.0, -0.537]]","[100,300)",175.83062630722418
36,Blip,True,nan,stationary,0,H1,-0.9595927600208557,"{""gs_event_time"": 1263250261.08252, ""window_s"": 1.25, ""mode"": ""native""}",16.486301803588866,30.930870056152344,42.76629505157471,False,18.245108604431152,33.38853454589844,45.320142936706546,True,17.907702255249024,34.11842346191406,44.9903205871582,True,1,True,False,0.05092999250465173,0.0,,5.428,Blip,1263250261.08252,103.223983764648,0.625,0.9944652915000916,1.25,native,49.22795067088206,174.63960205568105,174.63960205568105,0.035387494154637746,False,"[[-1.838, -0.162]]","[100,300)",188.29224100565517
37,Blip,True,nan,stationary,0,H1,-0.5444108756552469,"{""gs_event_time"": 1263250261.08252, ""window_s"": 1.25, ""mode"": ""native""}",19.776543617248535,34.23183822631836,46.176462173461914,False,17.624467658996583,33.22697639465332,44.543935966491695,True,16.382592582702635,29.151497840881348,45.32443714141846,True,1,True,False,0.050298262767889214,0.0,,6.054,Blip,1263250261.08252,103.223983764648,0.625,0.9944652915000916,1.25,native,49.22795067088206,174.63960205568105,174.63960205568105,0.035387494154637746,False,"[[-1.338, 0.338]]","[100,300)",188.29224100565514
38,Blip,True,nan,stationary,0,H1,-1.223229349207503,"{""gs_event_time"": 1263250261.08252, ""window_s"": 1.25, ""mode"": ""native""}",12.755977630615234,20.3488826751709,43.27776317596435,False,17.225024223327637,33.61566352844238,45.34424591064453,True,15.261992073059082,31.015217781066895,44.218268585205074,True,1,True,False,0.051975223571613896,0.0,,5.998,Blip,1263250261.08252,103.223983764648,0.625,0.9944652915000916,1.25,native,49.22795067088206,174.63960205568105,174.63960205568105,0.035387494154637746,False,"[[-2.0, -0.412]]","[100,300)",188.29224100565517
39,Blip,True,nan,stationary,0,H1,-1.4375744387227085,"{""gs_event_time"": 1251034973.20166, ""window_s"": 4.1972599029541, ""mode"": ""native""}",15.684283256530762,28.204408645629883,42.02141914367676,False,19.78339080810547,34.37160682678223,45.57472190856934,True,16.484596824645998,33.09991645812988,44.65959873199463,True,1,True,False,0.04923287653947963,0.0,,5.403,Blip,1251034973.20166,142.999908447266,2.09862995147705,0.9939660429954528,4.1972599029541,native,48.433920295669516,234.25002642697063,234.25002642697063,0.023422428462511108,False,"[[-2.0, -0.662]]","[100,300)",252.57624973988644
40,Blip,True,nan,stationary,0,H1,-1.014537792214166,"{""gs_event_time"": 1251034973.20166, ""window_s"": 4.1972599029541, ""mode"": ""native""}",11.092154502868652,13.564657211303711,19.304163360595698,False,16.461341285705565,32.590179443359375,44.85733413696289,True,17.44868335723877,32.998130798339844,46.153211784362796,True,1,True,False,0.050929992245065336,0.0,,5.388,Blip,1251034973.20166,142.999908447266,2.09862995147705,0.9939660429954528,4.1972599029541,native,48.433920295669516,234.25002642697063,234.25002642697063,0.023422428462511108,False,"[[-1.838, -0.162]]","[100,300)",252.5762497398864
41,Blip,True,nan,stationary,0,H1,-1.2617843465888936,"{""gs_event_time"": 1251034973.20166, ""window_s"": 4.1972599029541, ""mode"": ""native""}",21.852091789245605,33.46824645996094,43.16205768585205,False,17.743051719665527,33.0659122467041,45.084818267822264,True,15.73115406036377,25.322108268737793,45.559882164001465,True,1,True,False,0.051975224046820465,0.0,,4.992,Blip,1251034973.20166,142.999908447266,2.09862995147705,0.9939660429954528,4.1972599029541,native,48.433920295669516,234.25002642697063,234.25002642697063,0.023422428462511108,False,"[[-2.0, -0.412]]","[100,300)",252.5762497398864
42,Blip,True,nan,stationary,0,H1,-1.3910963452570537,"{""gs_event_time"": 1268233046.64697, ""window_s"": 1.5, ""mode"": ""native""}",20.225597763061522,32.59828567504883,42.912990188598634,False,15.710599899291992,29.4894437789917,44.06056041717529,True,18.285828018188475,33.31003189086914,45.06661128997803,True,1,True,False,0.050648120746602895,0.0,,5.31,Blip,1268233046.64697,106.587547302246,0.75,0.9919356107711792,1.5,native,49.41399677296988,172.8917312398834,172.8917312398834,0.025783788201839155,False,"[[-2.0, -0.537]]","[100,300)",186.41348264205845
43,Blip,True,nan,stationary,0,H1,-0.8036011368157793,"{""gs_event_time"": 1268233046.64697, ""window_s"": 1.5, ""mode"": ""native""}",22.602448081970216,34.67594909667969,44.27878665924072,False,19.266390228271483,33.75639533996582,45.16184577941895,True,16.72233715057373,31.033175468444824,45.83563766479492,True,1,True,False,0.05175222704574074,0.0,,5.196,Blip,1268233046.64697,106.587547302246,0.75,0.9919356107711792,1.5,native,49.41399677296988,172.8917312398834,172.8917312398834,0.025783788201839155,False,"[[-1.713, 0.088]]","[100,300)",186.41348264205845
44,Blip,True,nan,stationary,0,H1,-1.1415646406172928,"{""gs_event_time"": 1268233046.64697, ""window_s"": 1.5, ""mode"": ""native""}",13.065013885498047,23.876015663146973,42.87543621063232,False,19.23868045806885,33.65888977050781,45.00101318359375,True,14.792517280578613,23.87773895263672,43.65335903167725,True,1,True,False,0.052399084306557445,0.0,,5.911,Blip,1268233046.64697,106.587547302246,0.75,0.9919356107711792,1.5,native,49.41399677296988,172.8917312398834,172.8917312398834,0.025783788201839155,False,"[[-1.963, -0.287]]","[100,300)",186.41348264205845
45,Blip,True,nan,stationary,0,H1,-0.6936061464523687,"{""gs_event_time"": 1250481506.04541, ""window_s"": 1.5, ""mode"": ""native""}",18.39585361480713,33.23603439331055,45.073259544372554,False,18.920211029052734,35.44019317626953,45.56952056884766,True,23.238922214508058,36.07302284240723,45.16505126953125,True,0,False,False,0.0,0.0,,5.863,Blip,1250481506.04541,344.380798339844,0.75,0.9554197192192078,1.5,native,0.0,0.0,0.0,0.0021456748718107765,False,[],"[300,inf)",0.0
46,Blip,True,nan,stationary,0,H1,-1.2605814672381441,"{""gs_event_time"": 1250481506.04541, ""window_s"": 1.5, ""mode"": ""native""}",18.8642484664917,33.68317794799805,44.8847318649292,False,19.312553024291994,34.09368896484375,45.44669876098633,True,12.65432357788086,19.28536605834961,42.4824312210083,False,0,False,False,0.0,0.0,,5.766,Blip,1250481506.04541,344.380798339844,0.75,0.9554197192192078,1.5,native,0.0,0.0,0.0,0.0021456748718107765,False,[],"[300,inf)",0.0
47,Blip,True,nan,stationary,0,H1,-0.36946426739220267,"{""gs_event_time"": 1250481506.04541, ""window_s"": 1.5, ""mode"": ""native""}",18.933315086364747,33.2411003112793,45.053591346740724,False,18.81630344390869,34.319990158081055,44.61999568939209,True,18.357384490966798,32.22627639770508,45.03166732788086,True,0,False,False,0.0,0.0,,5.433,Blip,1250481506.04541,344.380798339844,0.75,0.9554197192192078,1.5,native,0.0,0.0,0.0,0.0021456748718107765,False,[],"[300,inf)",0.0
48,Koi_Fish,True,nan,stationary,0,H1,-1.0618677981062057,"{""gs_event_time"": 1238824807.73242, ""window_s"": 2.0, ""mode"": ""native""}",19.591686820983888,34.995527267456055,44.14937191009521,False,18.483893966674806,33.27303123474121,45.01070728302002,True,20.716510009765624,35.71697998046875,45.77509593963623,True,1,True,False,0.05239908440936365,0.0,,5.131,Koi_Fish,1238824807.73242,29.6348705291748,1.0,0.9999827146530152,2.0,native,49.295531948584255,50.55274024546926,50.552740245469266,0.019154970707829577,False,"[[-1.963, -0.287]]","[8,30)",54.49505119054462
49,Koi_Fish,True,nan,stationary,0,H1,-1.3734056645157247,"{""gs_event_time"": 1238824807.73242, ""window_s"": 2.0, ""mode"": ""native""}",16.035844612121583,29.814952850341797,44.77862281799316,False,19.53546276092529,34.04914855957031,45.214273834228514,True,16.89478702545166,31.98064136505127,45.6247953414917,True,1,True,False,0.04923287634776664,0.0,,6.342,Koi_Fish,1238824807.73242,29.6348705291748,1.0,0.9999827146530152,2.0,native,49.295531948584255,50.55274024546926,50.552740245469266,0.019154970707829577,False,"[[-2.0, -0.662]]","[8,30)",54.49505119054463
50,Koi_Fish,True,nan,stationary,0,H1,-0.745070218152349,"{""gs_event_time"": 1238824807.73242, ""window_s"": 2.0, ""mode"": ""native""}",14.634569931030274,28.671695709228516,44.017166709899904,False,17.593473052978517,32.67578125,45.3816593170166,True,17.162681770324706,31.79154396057129,45.011434936523436,True,1,True,False,0.04934579346852389,0.0,,6.291,Koi_Fish,1238824807.73242,29.6348705291748,1.0,0.9999827146530152,2.0,native,49.295531948584255,50.55274024546926,50.552740245469266,0.019154970707829577,False,"[[-1.588, 0.088]]","[8,30)",54.49505119054463
51,Koi_Fish,True,nan,stationary,0,H1,-0.38741453631855916,"{""gs_event_time"": 1238563835.38672, ""window_s"": 2.5, ""mode"": ""native""}",17.924555206298827,32.622962951660156,45.4530460357666,False,19.352498626708986,34.77829551696777,45.83383331298828,True,16.670479202270506,31.086538314819336,45.18147239685059,True,1,True,False,0.04698017538582293,0.0,,6.131,Koi_Fish,1238563835.38672,28.3134708404541,1.25,0.9999819993972778,2.5,native,44.01438709083534,42.351994316541195,42.351994316541195,0.015474134131235384,False,"[[-1.088, 0.338]]","[8,30)",45.64281466536453
52,Koi_Fish,True,nan,stationary,0,H1,-0.9715474143410593,"{""gs_event_time"": 1238563835.38672, ""window_s"": 2.5, ""mode"": ""native""}",18.879508209228515,34.271305084228516,45.43251190185547,False,20.083289527893065,34.68028259277344,44.59765548706055,True,20.1067684173584,35.1778507232666,45.370062065124515,True,1,True,False,0.049455392989467405,0.0,,6.877,Koi_Fish,1238563835.38672,28.3134708404541,1.25,0.9999819993972778,2.5,native,44.01438709083534,42.351994316541195,42.351994316541195,0.015474134131235384,False,"[[-1.838, -0.287]]","[8,30)",45.64281466536453
53,Koi_Fish,True,nan,stationary,0,H1,-0.35449140757111536,"{""gs_event_time"": 1238563835.38672, ""window_s"": 2.5, ""mode"": ""native""}",16.977780532836913,30.969651222229004,44.480713844299316,False,18.772281646728516,33.09769058227539,45.180654525756836,True,16.44895496368408,32.27574157714844,44.90130195617676,True,1,True,False,0.05006117613519609,0.0,,6.207,Koi_Fish,1238563835.38672,28.3134708404541,1.25,0.9999819993972778,2.5,native,44.01438709083534,42.351994316541195,42.351994316541195,0.015474134131235384,False,"[[-1.088, 0.463]]","[8,30)",45.64281466536453
54,Koi_Fish,True,nan,stationary,0,H1,-0.9001250235748236,"{""gs_event_time"": 1259556042.02539, ""window_s"": 2.5, ""mode"": ""native""}",17.527623558044432,32.69635200500488,45.66533241271973,False,16.879281425476073,33.387556076049805,45.0492467880249,True,21.004515838623046,35.36243438720703,45.60616874694824,True,1,True,False,0.045342824269917835,0.0,,6.516,Koi_Fish,1259556042.02539,25.8250999450684,1.25,0.999975562095642,2.5,native,48.38286947900889,45.263549811444456,45.263549811444456,0.02229745152603909,False,"[[-1.588, -0.162]]","[8,30)",48.78647892772013
55,Koi_Fish,True,nan,stationary,0,H1,-0.9897256501811094,"{""gs_event_time"": 1259556042.02539, ""window_s"": 2.5, ""mode"": ""native""}",20.81143989562988,34.756752014160156,45.53943367004395,False,18.32388916015625,33.04176712036133,44.65918121337891,True,17.59916820526123,32.246524810791016,44.88536529541015,True,1,True,False,0.04945539308301144,0.0,,6.139,Koi_Fish,1259556042.02539,25.8250999450684,1.25,0.999975562095642,2.5,native,48.38286947900889,45.263549811444456,45.263549811444456,0.02229745152603909,False,"[[-1.838, -0.287]]","[8,30)",48.78647892772013
56,Koi_Fish,True,nan,stationary,0,H1,-0.7557438575815466,"{""gs_event_time"": 1259556042.02539, ""window_s"": 2.5, ""mode"": ""native""}",15.219197273254395,28.65118980407715,45.626010513305665,False,19.757067489624024,34.16339683532715,44.60010871887207,True,16.80103759765625,32.970909118652344,45.31579151153564,True,1,True,False,0.04477866252286711,0.0,,5.774,Koi_Fish,1259556042.02539,25.8250999450684,1.25,0.999975562095642,2.5,native,48.38286947900889,45.263549811444456,45.263549811444456,0.02229745152603909,False,"[[-1.463, -0.037]]","[8,30)",48.78647892772013
57,Koi_Fish,True,nan,stationary,0,H1,-0.3058841937176111,"{""gs_event_time"": 1264858501.41016, ""window_s"": 2.5, ""mode"": ""native""}",18.03079013824463,33.203243255615234,44.573632621765135,False,18.271331214904784,33.354522705078125,44.914076232910155,True,23.137099266052246,36.14057159423828,45.758099746704104,True,1,True,False,0.050061176253488146,0.0,,5.947,Koi_Fish,1264858501.41016,26.7551097869873,1.25,0.999969482421875,2.5,native,51.70367933154868,54.448089823515886,54.44808982351588,0.02552577703780567,False,"[[-1.088, 0.463]]","[8,30)",58.650365763655984
58,Koi_Fish,True,nan,stationary,0,H1,-0.3612675900746817,"{""gs_event_time"": 1264858501.41016, ""window_s"": 2.5, ""mode"": ""native""}",18.046911430358886,34.54464340209961,46.04658470153809,False,17.996051025390624,33.819881439208984,45.06238651275635,True,21.106087303161623,34.579383850097656,45.7045539855957,True,1,True,False,0.050061176245076534,0.0,,5.976,Koi_Fish,1264858501.41016,26.7551097869873,1.25,0.999969482421875,2.5,native,51.70367933154868,54.448089823515886,54.44808982351588,0.02552577703780567,False,"[[-1.088, 0.463]]","[8,30)",58.650365763655984
59,Koi_Fish,True,nan,stationary,0,H1,-0.9479458328290847,"{""gs_event_time"": 1264858501.41016, ""window_s"": 2.5, ""mode"": ""native""}",21.175362968444823,34.79057502746582,45.215509223937985,False,17.508340454101564,33.92339324951172,45.50477352142334,True,19.07774486541748,34.14129638671875,44.61919803619385,True,1,True,False,0.050929992112133754,0.0,,6.742,Koi_Fish,1264858501.41016,26.7551097869873,1.25,0.999969482421875,2.5,native,51.70367933154868,54.448089823515886,54.44808982351588,0.02552577703780567,False,"[[-1.838, -0.162]]","[8,30)",58.65036576365599
60,Koi_Fish,True,nan,stationary,0,H1,-0.5907253856300503,"{""gs_event_time"": 1244083194.32422, ""window_s"": 2.0, ""mode"": ""native""}",20.768691062927246,35.699188232421875,45.51210823059082,False,16.580182838439942,32.10915756225586,44.94868812561035,True,14.865141677856446,29.237253189086914,44.39082641601562,True,1,True,False,0.04009561262902023,0.0,,5.585,Koi_Fish,1244083194.32422,14.6695604324341,1.0,0.9999083280563354,2.0,native,45.67192044518097,29.079784261365592,29.079784261365596,0.014626615233421176,False,"[[-1.213, -0.037]]","[8,30)",31.32649573091708
61,Koi_Fish,True,nan,stationary,0,H1,-0.9030927654148573,"{""gs_event_time"": 1244083194.32422, ""window_s"": 2.0, ""mode"": ""native""}",17.542249488830567,32.16221809387207,45.177584648132324,False,17.86171226501465,34.206851959228516,45.51055965423584,True,23.140756797790527,36.65068435668945,45.09452304840088,True,0,False,False,0.0,0.0,,5.547,Koi_Fish,1244083194.32422,14.6695604324341,1.0,0.9999083280563354,2.0,native,45.67192044518097,29.079784261365592,29.079784261365596,0.014626615233421176,False,[],"[8,30)",31.32649573091708
62,Koi_Fish,True,nan,stationary,0,H1,-0.8648254077638755,"{""gs_event_time"": 1244083194.32422, ""window_s"": 2.0, ""mode"": ""native""}",18.96769733428955,34.9542293548584,45.26052894592285,False,14.447267532348633,26.886527061462402,44.026469421386714,True,14.862689781188966,28.75937271118164,43.6093334197998,True,1,True,False,0.04183260431518155,0.0,,7.588,Koi_Fish,1244083194.32422,14.6695604324341,1.0,0.9999083280563354,2.0,native,45.67192044518097,29.079784261365592,29.079784261365596,0.014626615233421176,False,"[[-1.588, -0.412]]","[8,30)",31.32649573091708
63,Koi_Fish,True,nan,stationary,0,H1,-0.557057159143431,"{""gs_event_time"": 1239024432.76172, ""window_s"": 3.5, ""mode"": ""native""}",24.00391788482666,35.70928382873535,44.65388145446777,False,19.977187156677246,34.2551155090332,45.06549854278565,True,22.81049690246582,34.671260833740234,45.52658348083496,True,1,True,False,0.047536200350762906,0.0,,5.16,Koi_Fish,1239024432.76172,92.556282043457,1.75,1.0,3.5,native,41.49471758796397,98.70593736308582,98.70593736308581,0.0363818582186309,False,"[[-1.338, 0.213]]","[30,100)",106.43668036892798
64,Koi_Fish,True,nan,stationary,0,H1,-1.002412980773195,"{""gs_event_time"": 1239024432.76172, ""window_s"": 3.5, ""mode"": ""native""}",20.581899452209473,34.16561698913574,44.26372299194336,False,17.618312454223634,33.24161148071289,44.44711055755615,True,17.668199348449708,32.343671798706055,44.923507118225096,True,1,True,False,0.05092999240641771,0.0,,4.77,Koi_Fish,1239024432.76172,92.556282043457,1.75,1.0,3.5,native,41.49471758796397,98.70593736308582,98.70593736308581,0.0363818582186309,False,"[[-1.838, -0.162]]","[30,100)",106.43668036892798
65,Koi_Fish,True,nan,stationary,0,H1,-0.6186197138535248,"{""gs_event_time"": 1239024432.76172, ""window_s"": 3.5, ""mode"": ""native""}",22.677456855773926,35.2423095703125,46.22076148986817,False,18.722802543640135,34.77340507507324,45.64502925872802,True,16.66972236633301,32.15986633300781,43.851840782165525,True,1,True,False,0.049519123638611585,0.0,,4.895,Koi_Fish,1239024432.76172,92.556282043457,1.75,1.0,3.5,native,41.49471758796397,98.70593736308582,98.70593736308581,0.0363818582186309,False,"[[-1.463, 0.213]]","[30,100)",106.43668036892798
66,Koi_Fish,True,nan,stationary,0,H1,-0.6466285464123002,"{""gs_event_time"": 1238769669.81836, ""window_s"": 2.5, ""mode"": ""native""}",13.547705459594727,22.08238410949707,44.5772066116333,False,18.867915534973143,33.71307182312012,44.87235507965088,True,20.094360542297363,33.96275329589844,46.73847999572754,True,1,True,False,0.04705947687373104,0.0,,4.969,Koi_Fish,1238769669.81836,73.236442565918,1.25,1.0,2.5,native,38.610510036573494,65.90903087786225,65.90903087786224,0.018907062707424756,False,"[[-1.463, 0.088]]","[30,100)",71.0783275491486
67,Koi_Fish,True,nan,stationary,0,H1,-0.3815283760639462,"{""gs_event_time"": 1238769669.81836, ""window_s"": 2.5, ""mode"": ""native""}",12.794819259643555,19.757192611694336,40.03943691253662,False,18.39325408935547,32.96359062194824,44.82251815795898,True,21.003623008728027,34.36245918273926,45.37041816711426,True,1,True,False,0.04859621674826977,0.0,,5.25,Koi_Fish,1238769669.81836,73.236442565918,1.25,1.0,2.5,native,38.610510036573494,65.90903087786225,65.90903087786224,0.018907062707424756,False,"[[-1.213, 0.338]]","[30,100)",71.0783275491486
68,Koi_Fish,True,nan,stationary,0,H1,-1.3620808400629139,"{""gs_event_time"": 1238769669.81836, ""window_s"": 2.5, ""mode"": ""native""}",17.661831092834472,32.555185317993164,45.89343852996826,False,14.792045974731446,29.487156867980957,44.61054954528809,True,14.864882278442384,29.20259189605713,44.02895927429199,True,1,True,False,0.05064812064251112,0.0,,5.128,Koi_Fish,1238769669.81836,73.236442565918,1.25,1.0,2.5,native,38.610510036573494,65.90903087786225,65.90903087786224,0.018907062707424756,False,"[[-2.0, -0.537]]","[30,100)",71.0783275491486
69,Koi_Fish,True,nan,stationary,0,H1,-0.6251818595084287,"{""gs_event_time"": 1238208337.97461, ""window_s"": 2.5, ""mode"": ""native""}",13.802049255371093,23.972159385681152,44.21165790557861,False,18.619350051879884,33.82926368713379,45.183250427246094,True,20.641168785095214,33.91681671142578,46.03836612701416,True,1,True,False,0.04951912332402352,0.0,,5.124,Koi_Fish,1238208337.97461,67.9936904907227,1.25,1.0,2.5,native,47.99269146326044,103.0400710164642,103.0400710164642,0.02856447386440982,False,"[[-1.463, 0.213]]","[30,100)",111.1742040535536
70,Koi_Fish,True,nan,stationary,0,H1,-0.38709128565052814,"{""gs_event_time"": 1238208337.97461, ""window_s"": 2.5, ""mode"": ""native""}",16.6218168258667,32.455081939697266,46.30084495544433,False,18.544677352905275,33.31092834472656,44.7109224319458,True,16.403803062438964,32.11704444885254,45.45233154296875,True,1,True,False,0.05154011910928001,0.0,,5.208,Koi_Fish,1238208337.97461,67.9936904907227,1.25,1.0,2.5,native,47.99269146326044,103.0400710164642,103.0400710164642,0.02856447386440982,False,"[[-1.213, 0.463]]","[30,100)",111.1742040535536
71,Koi_Fish,True,nan,stationary,0,H1,-0.3384885720904244,"{""gs_event_time"": 1238208337.97461, ""window_s"": 2.5, ""mode"": ""native""}",22.905907440185548,36.077903747558594,44.9964506149292,False,18.87993793487549,33.097829818725586,45.1910701751709,True,18.75230255126953,33.54074668884277,45.43682384490967,True,1,True,False,0.05154011910940919,0.0,,5.275,Koi_Fish,1238208337.97461,67.9936904907227,1.25,1.0,2.5,native,47.99269146326044,103.0400710164642,103.0400710164642,0.02856447386440982,False,"[[-1.213, 0.463]]","[30,100)",111.1742040535536
72,Koi_Fish,True,nan,stationary,0,H1,-1.4823524340415568,"{""gs_event_time"": 1239363943.68945, ""window_s"": 3.0, ""mode"": ""native""}",21.93236255645752,35.02838134765625,45.20292453765869,False,16.200890159606935,32.210378646850586,45.13877773284912,True,18.577991104125978,33.3220157623291,45.956391143798825,True,1,True,False,0.0476959975160322,0.0,,5.049,Koi_Fish,1239363943.68945,60.1538200378418,1.5,1.0,3.0,native,43.03681485351636,76.02663164490761,76.0266316449076,0.029307228998256142,False,"[[-2.0, -0.787]]","[30,100)",81.95867414650309
73,Koi_Fish,True,nan,stationary,0,H1,-0.4636318917053091,"{""gs_event_time"": 1239363943.68945, ""window_s"": 3.0, ""mode"": ""native""}",20.88021049499512,34.586753845214844,44.78709831237793,False,17.810118675231934,33.1571044921875,45.365698623657224,True,15.90916633605957,28.724949836730957,45.709106636047366,True,1,True,False,0.0485962169781422,0.0,,5.011,Koi_Fish,1239363943.68945,60.1538200378418,1.5,1.0,3.0,native,43.03681485351636,76.02663164490761,76.0266316449076,0.029307228998256142,False,"[[-1.213, 0.338]]","[30,100)",81.95867414650309
74,Koi_Fish,True,nan,stationary,0,H1,-0.3225659519203869,"{""gs_event_time"": 1239363943.68945, ""window_s"": 3.0, ""mode"": ""native""}",17.405712509155272,32.712080001831055,44.71737899780273,False,18.6292875289917,34.11219024658203,44.584102630615234,True,16.16623420715332,31.53785991668701,45.04484558105469,True,1,True,False,0.05006117634528972,0.0,,5.14,Koi_Fish,1239363943.68945,60.1538200378418,1.5,1.0,3.0,native,43.03681485351636,76.02663164490761,76.0266316449076,0.029307228998256142,False,"[[-1.088, 0.463]]","[30,100)",81.95867414650309
75,Koi_Fish,True,nan,stationary,0,H1,-0.3513477844668438,"{""gs_event_time"": 1238919051.74414, ""window_s"": 3.0, ""mode"": ""native""}",18.951585960388183,32.39709663391113,45.88579349517822,False,17.98976078033447,34.40723419189453,44.86501331329346,True,19.686452674865723,34.777278900146484,45.21056480407715,True,1,True,False,0.05006117618949024,0.0,,5.038,Koi_Fish,1238919051.74414,89.8646469116211,1.5,0.9999998807907104,3.0,native,38.25298076917112,80.64175692943708,80.64175692943708,0.02014791845479514,False,"[[-1.088, 0.463]]","[30,100)",87.04086864609245
76,Koi_Fish,True,nan,stationary,0,H1,-1.3214831853210025,"{""gs_event_time"": 1238919051.74414, ""window_s"": 3.0, ""mode"": ""native""}",16.226665496826172,28.184409141540527,45.88187484741211,False,15.40873737335205,31.220521926879883,44.52991981506347,True,23.461383152008057,35.55985641479492,45.301445198059085,True,1,True,False,0.05064812066106096,0.0,,5.382,Koi_Fish,1238919051.74414,89.8646469116211,1.5,0.9999998807907104,3.0,native,38.25298076917112,80.64175692943708,80.64175692943708,0.02014791845479514,False,"[[-2.0, -0.537]]","[30,100)",87.04086864609245
77,Koi_Fish,True,nan,stationary,0,H1,-0.3328454234124541,"{""gs_event_time"": 1238919051.74414, ""window_s"": 3.0, ""mode"": ""native""}",23.656024837493895,35.19607353210449,44.89171085357666,False,18.48214645385742,33.686885833740234,44.94603576660156,True,17.616816902160643,32.27132034301758,45.004516792297366,True,1,True,False,0.05006117619624612,0.0,,5.098,Koi_Fish,1238919051.74414,89.8646469116211,1.5,0.9999998807907104,3.0,native,38.25298076917112,80.64175692943708,80.64175692943708,0.02014791845479514,False,"[[-1.088, 0.463]]","[30,100)",87.04086864609245
78,Koi_Fish,True,nan,stationary,0,H1,-0.4320773331353753,"{""gs_event_time"": 1239171477.9707, ""window_s"": 3.5, ""mode"": ""native""}",9.96458854675293,10.003921508789062,10.10313549041748,True,16.712643814086913,33.83868598937988,45.04095268249512,True,14.668007278442383,27.504852294921875,44.34258060455322,True,1,True,False,0.05309945694491311,0.0,,5.042,Koi_Fish,1239171477.9707,171.420715332031,1.75,1.0,3.5,native,48.499055365287596,219.79068326291548,219.7906832629155,0.04878140504925737,False,"[[-1.338, 0.463]]","[100,300)",237.150916587547
79,Koi_Fish,True,nan,stationary,0,H1,-0.5131514069483155,"{""gs_event_time"": 1239171477.9707, ""window_s"": 3.5, ""mode"": ""native""}",9.977398490905761,10.057044982910156,10.314620780944825,True,19.085429382324218,32.688270568847656,44.26651439666748,True,14.503223037719726,24.092320442199707,45.592156410217285,True,1,True,False,0.050298263627668975,0.0,,5.048,Koi_Fish,1239171477.9707,171.420715332031,1.75,1.0,3.5,native,48.499055365287596,219.79068326291548,219.7906832629155,0.04878140504925737,False,"[[-1.338, 0.338]]","[100,300)",237.150916587547
80,Koi_Fish,True,nan,stationary,0,H1,-0.9240144914306014,"{""gs_event_time"": 1239171477.9707, ""window_s"": 3.5, ""mode"": ""native""}",10.18967227935791,11.800291061401367,16.25832996368408,False,17.716022300720216,33.60125160217285,45.68490200042724,True,23.787278652191162,34.79502868652344,44.774023628234865,True,1,True,False,0.05251479592577345,0.0,,5.246,Koi_Fish,1239171477.9707,171.420715332031,1.75,1.0,3.5,native,48.499055365287596,219.79068326291548,219.7906832629155,0.04878140504925737,False,"[[-1.838, -0.037]]","[100,300)",237.15091658754702
81,Koi_Fish,True,nan,stationary,0,H1,-1.2211524964328353,"{""gs_event_time"": 1239105092.24512, ""window_s"": 2.75, ""mode"": ""native""}",10.02026538848877,10.285375595092773,12.06506633758545,True,17.34826545715332,33.8074836730957,45.161110496521,True,17.156661605834962,32.367387771606445,43.80077304840088,True,1,True,False,0.05197522420873052,0.0,,5.253,Koi_Fish,1239105092.24512,135.489501953125,1.375,1.0,2.75,native,48.73397753711816,180.6842320702702,180.6842320702702,0.03588734735048262,False,"[[-2.0, -0.412]]","[100,300)",194.99604082767058
82,Koi_Fish,True,nan,stationary,0,H1,-0.5377433055380306,"{""gs_event_time"": 1239105092.24512, ""window_s"": 2.75, ""mode"": ""native""}",10.616162300109863,12.669231414794922,16.8356840133667,False,18.134430503845216,33.331926345825195,44.94407444000244,True,24.177125930786133,36.04837608337402,44.84706268310547,True,1,True,False,0.05029826305106604,0.0,,5.105,Koi_Fish,1239105092.24512,135.489501953125,1.375,1.0,2.75,native,48.73397753711816,180.6842320702702,180.6842320702702,0.03588734735048262,False,"[[-1.338, 0.338]]","[100,300)",194.99604082767058
83,Koi_Fish,True,nan,stationary,0,H1,-0.3917638082598366,"{""gs_event_time"": 1239105092.24512, ""window_s"": 2.75, ""mode"": ""native""}",10.129650497436524,11.112979888916016,13.768697547912598,True,18.19197311401367,33.7885684967041,45.16456966400146,True,21.614933586120607,35.45625114440918,45.48027153015137,True,1,True,False,0.051540119269863904,0.0,,5.04,Koi_Fish,1239105092.24512,135.489501953125,1.375,1.0,2.75,native,48.73397753711816,180.6842320702702,180.6842320702702,0.03588734735048262,False,"[[-1.213, 0.463]]","[100,300)",194.99604082767058
84,Koi_Fish,True,nan,stationary,0,H1,-1.180643673249249,"{""gs_event_time"": 1251227879.7832, ""window_s"": 3.5, ""mode"": ""native""}",13.097977447509766,19.887365341186523,40.496728324890135,False,18.256477928161623,33.77438735961914,45.53077659606934,True,22.054216575622558,35.23298645019531,44.633681297302246,True,1,True,False,0.051975224942704346,0.0,,5.179,Koi_Fish,1251227879.7832,132.359115600586,1.75,1.0,3.5,native,49.25013476313258,168.81478226208563,168.81478226208566,0.05170289212431434,False,"[[-2.0, -0.412]]","[100,300)",182.32678073397162
85,Koi_Fish,True,nan,stationary,0,H1,-0.8532787108533757,"{""gs_event_time"": 1251227879.7832, ""window_s"": 3.5, ""mode"": ""native""}",23.164871311187746,35.40677070617676,44.84157466888428,False,18.266620635986328,33.305084228515625,45.083504104614256,True,14.983495330810547,29.27345848083496,43.44820709228516,True,1,True,False,0.04984796065796369,0.0,,4.717,Koi_Fish,1251227879.7832,132.359115600586,1.75,1.0,3.5,native,49.25013476313258,168.81478226208563,168.81478226208566,0.05170289212431434,False,"[[-1.713, -0.037]]","[100,300)",182.32678073397162
86,Koi_Fish,True,nan,stationary,0,H1,-0.9686966052305622,"{""gs_event_time"": 1251227879.7832, ""window_s"": 3.5, ""mode"": ""native""}",13.335813903808594,23.257472038269043,43.20405235290527,False,17.608430290222167,33.10471725463867,44.958816337585446,True,19.476694107055664,34.92060470581055,44.89491367340088,True,1,True,False,0.05092999295473585,0.0,,4.575,Koi_Fish,1251227879.7832,132.359115600586,1.75,1.0,3.5,native,49.25013476313258,168.81478226208563,168.81478226208566,0.05170289212431434,False,"[[-1.838, -0.162]]","[100,300)",182.32678073397162
87,Koi_Fish,True,nan,stationary,0,H1,-0.38277922082261406,"{""gs_event_time"": 1249590821.66504, ""window_s"": 2.5, ""mode"": ""native""}",10.046187782287598,10.606266021728516,13.56211929321289,True,18.84292507171631,34.35762977600098,45.59114780426025,True,21.618464469909668,35.61183547973633,44.94855289459228,True,1,True,False,0.051540119164533785,0.0,,4.676,Koi_Fish,1249590821.66504,120.046356201172,1.25,1.0,2.5,native,47.95532874464856,156.19287877097133,156.19287877097136,0.03191581785488689,False,"[[-1.213, 0.463]]","[100,300)",168.44349782507095
88,Koi_Fish,True,nan,stationary,0,H1,-1.4513871465738784,"{""gs_event_time"": 1249590821.66504, ""window_s"": 2.5, ""mode"": ""native""}",12.929036712646484,21.758283615112305,42.4968635559082,False,19.201408004760744,35.068115234375,45.06929721832275,True,17.107406044006346,32.49629592895508,45.210873222351076,True,1,True,False,0.04923287657781495,0.0,,4.744,Koi_Fish,1249590821.66504,120.046356201172,1.25,1.0,2.5,native,47.95532874464856,156.19287877097133,156.19287877097136,0.03191581785488689,False,"[[-2.0, -0.662]]","[100,300)",168.44349782507095
89,Koi_Fish,True,nan,stationary,0,H1,-0.6215925652121271,"{""gs_event_time"": 1249590821.66504, ""window_s"": 2.5, ""mode"": ""native""}",10.25852108001709,12.028680801391602,17.629952430725098,False,18.033464813232424,33.857730865478516,45.08568992614746,True,12.183380317687988,21.000015258789062,42.72302417755127,False,1,True,False,0.049519123416014485,0.0,,4.6,Koi_Fish,1249590821.66504,120.046356201172,1.25,1.0,2.5,native,47.95532874464856,156.19287877097133,156.19287877097136,0.03191581785488689,False,"[[-1.463, 0.213]]","[100,300)",168.44349782507095
90,Koi_Fish,True,nan,stationary,0,H1,-0.762752103661204,"{""gs_event_time"": 1249725807.0332, ""window_s"": 4.5, ""mode"": ""native""}",10.00880298614502,10.129425048828125,10.713085746765136,True,18.97650718688965,33.365896224975586,45.64140014648437,True,17.918109703063966,33.897268295288086,43.932254791259766,True,1,True,False,0.05175223326987924,0.0,,4.652,Koi_Fish,1249725807.0332,207.062744140625,2.25,0.9999998807907104,4.5,native,49.5170547336179,324.3538176499301,324.35381764993014,0.10983794550501011,False,"[[-1.713, 0.088]]","[100,300)",350.013481593524
91,Koi_Fish,True,nan,stationary,0,H1,-1.4659615618637747,"{""gs_event_time"": 1249725807.0332, ""window_s"": 4.5, ""mode"": ""native""}",10.030904769897461,10.12765121459961,10.468842124938964,True,15.50452880859375,29.18519878387451,44.57152767181397,True,17.756586837768555,33.59070014953613,44.756208992004396,True,1,True,False,0.050648126723296105,0.0,,4.465,Koi_Fish,1249725807.0332,207.062744140625,2.25,0.9999998807907104,4.5,native,49.5170547336179,324.3538176499301,324.35381764993014,0.10983794550501011,False,"[[-2.0, -0.537]]","[100,300)",350.01348159352403
92,Koi_Fish,True,nan,stationary,0,H1,-0.6369362726079116,"{""gs_event_time"": 1249725807.0332, ""window_s"": 4.5, ""mode"": ""native""}",9.982790184020995,10.12828254699707,10.891016387939453,True,18.791868591308592,33.942970275878906,44.59061107635498,True,23.420039653778076,35.767032623291016,45.3694522857666,True,1,True,False,0.05161815866540965,0.0,,4.616,Koi_Fish,1249725807.0332,207.062744140625,2.25,0.9999998807907104,4.5,native,49.5170547336179,324.3538176499301,324.35381764993014,0.10983794550501011,False,"[[-1.588, 0.213]]","[100,300)",350.013481593012
93,Koi_Fish,True,nan,stationary,0,H1,-1.4808099245717137,"{""gs_event_time"": 1248902668.92383, ""window_s"": 5.5035400390625, ""mode"": ""native""}",12.245986938476562,19.22566795349121,22.603737831115723,False,19.214585304260254,34.531747817993164,45.0403995513916,True,20.20286407470703,35.23440933227539,45.51558246612549,True,1,True,False,0.050648132855677645,0.0,,4.867,Koi_Fish,1248902668.92383,544.096069335938,2.75177001953125,0.999997854232788,5.5035400390625,native,49.16268668783234,655.995587646997,655.995587646997,0.141449068459477,False,"[[-2.0, -0.537]]","[300,inf)",707.0209079691524
94,Koi_Fish,True,nan,stationary,0,H1,-0.5904587971722863,"{""gs_event_time"": 1248902668.92383, ""window_s"": 5.5035400390625, ""mode"": ""native""}",11.006857872009277,13.67892837524414,15.78971004486084,False,18.10697250366211,32.90173530578613,44.78124847412109,True,12.036033630371094,17.958547592163086,39.59720325469971,False,1,True,False,0.06123226976740453,0.0,,4.618,Koi_Fish,1248902668.92383,544.096069335938,2.75177001953125,0.999997854232788,5.5035400390625,native,49.16268668783234,655.995587646997,655.995587646997,0.141449068459477,False,"[[-2.0, 0.338]]","[300,inf)",707.020295042258
95,Koi_Fish,True,nan,stationary,0,H1,-0.8846895320855064,"{""gs_event_time"": 1248902668.92383, ""window_s"": 5.5035400390625, ""mode"": ""native""}",10.344627189636231,11.505180358886719,12.739334678649902,True,17.014811515808105,32.37050437927246,44.85416927337646,True,11.832033920288087,17.68116569519043,41.295430946350095,False,2,True,False,0.07086811370322428,0.0,,4.811,Koi_Fish,1248902668.92383,544.096069335938,2.75177001953125,0.999997854232788,5.5035400390625,native,49.16268668783234,655.995587646997,655.995587646997,0.141449068459477,False,"[[-2.0, 0.088], [0.912, 1.838]]","[300,inf)",707.0208754673849
96,Koi_Fish,True,nan,stationary,0,H1,-0.38507493504359264,"{""gs_event_time"": 1246994586.92676, ""window_s"": 3.125, ""mode"": ""native""}",12.177122497558594,13.58894157409668,16.72384796142578,False,18.74814338684082,34.57571220397949,45.13228168487549,True,18.430920219421388,33.774648666381836,45.045138931274415,True,1,True,False,0.051540120047870536,0.0,,4.947,Koi_Fish,1246994586.92676,310.95703125,1.5625,0.9999932050704956,3.125,native,48.80310116010113,389.92032604173824,389.9203260417383,0.05710375303924519,False,"[[-1.213, 0.463]]","[300,inf)",420.47546431991896
97,Koi_Fish,True,nan,stationary,0,H1,-1.4207010039311103,"{""gs_event_time"": 1246994586.92676, ""window_s"": 3.125, ""mode"": ""native""}",10.02642993927002,10.16844367980957,10.649231910705566,True,15.07047119140625,29.16905117034912,43.93039779663086,True,20.36452159881592,34.3400993347168,45.223474693298336,True,1,True,False,0.05064812169627937,0.0,,6.756,Koi_Fish,1246994586.92676,310.95703125,1.5625,0.9999932050704956,3.125,native,48.80310116010113,389.92032604173824,389.9203260417383,0.05710375303924519,False,"[[-2.0, -0.537]]","[300,inf)",420.47546431991896
98,Koi_Fish,True,nan,stationary,0,H1,-0.49041926446514017,"{""gs_event_time"": 1246994586.92676, ""window_s"": 3.125, ""mode"": ""native""}",10.995638847351074,12.127452850341797,15.343741416931152,False,18.57102108001709,34.21384048461914,45.21319370269775,True,12.369278526306152,20.507678985595703,42.25638332366943,False,1,True,False,0.053099457171335414,0.0,,5.65,Koi_Fish,1246994586.92676,310.95703125,1.5625,0.9999932050704956,3.125,native,48.80310116010113,389.92032604173824,389.9203260417383,0.05710375303924519,False,"[[-1.338, 0.463]]","[300,inf)",420.47546431991896
99,Koi_Fish,True,nan,stationary,0,H1,-1.4199719894794782,"{""gs_event_time"": 1238754229.00879, ""window_s"": 3.75, ""mode"": ""native""}",10.237177848815918,10.888360977172852,11.935796546936034,True,15.416703605651856,29.592900276184082,44.521251106262206,True,20.73056640625,34.62779426574707,45.24073810577393,True,1,True,False,0.050648122399988775,0.0,,5.194,Koi_Fish,1238754229.00879,320.015014648438,1.875,0.999990940093994,3.75,native,49.0376229940792,529.8216898605207,529.8216898605207,0.06160292526938631,False,"[[-2.0, -0.537]]","[300,inf)",571.3380720388996
100,Koi_Fish,True,nan,stationary,0,H1,-1.0868280254350497,"{""gs_event_time"": 1238754229.00879, ""window_s"": 3.75, ""mode"": ""native""}",10.15794677734375,10.647132873535156,11.63856029510498,True,18.832486152648926,31.59830379486084,44.63510684967041,True,23.820826625823976,36.28584671020508,44.747558784484866,True,1,True,False,0.05601944359389811,0.0,,4.679,Koi_Fish,1238754229.00879,320.015014648438,1.875,0.999990940093994,3.75,native,49.0376229940792,529.8216898605207,529.8216898605207,0.06160292526938631,False,"[[-2.0, -0.037]]","[300,inf)",571.3380720388996
101,Koi_Fish,True,nan,stationary,0,H1,-0.9836415216626001,"{""gs_event_time"": 1238754229.00879, ""window_s"": 3.75, ""mode"": ""native""}",10.664787864685058,12.078325271606445,15.35133113861084,False,18.299737548828126,34.12626266479492,45.37687244415283,True,20.915790557861328,34.943241119384766,45.42605018615723,True,1,True,False,0.05521396411751256,0.0,,4.695,Koi_Fish,1238754229.00879,320.015014648438,1.875,0.999990940093994,3.75,native,49.0376229940792,529.8216898605207,529.8216898605207,0.06160292526938631,False,"[[-1.963, -0.037]]","[300,inf)",571.3380720388996
102,Koi_Fish,True,nan,stationary,0,H1,-0.3407255030591158,"{""gs_event_time"": 1257152891.04101, ""window_s"": 5.25, ""mode"": ""native""}",9.961427116394043,10.038846969604492,10.295040130615234,True,18.83870964050293,34.3983039855957,44.71128158569336,True,18.970532608032226,34.038150787353516,44.96338405609131,True,1,True,False,0.05444131239495562,0.0,,4.736,Koi_Fish,1257152891.04101,395.402557373047,2.625,0.9999886751174928,5.25,native,49.511841213175366,518.7021046897531,518.7021046897531,0.16350314375028108,False,"[[-1.213, 0.588]]","[300,inf)",560.1529416653248
103,Koi_Fish,True,nan,stationary,0,H1,-0.8253217893258517,"{""gs_event_time"": 1257152891.04101, ""window_s"": 5.25, ""mode"": ""native""}",10.094249534606934,11.23415756225586,14.299065780639648,True,18.844807052612303,33.09878349304199,44.731862449645995,True,16.01331272125244,29.50784206390381,45.6580846786499,True,1,True,False,0.05425773485261209,0.0,,4.753,Koi_Fish,1257152891.04101,395.402557373047,2.625,0.9999886751174928,5.25,native,49.511841213175366,518.7021046897531,518.7021046897531,0.16350314375028108,False,"[[-1.838, 0.088]]","[300,inf)",560.1532352056926
104,Koi_Fish,True,nan,stationary,0,H1,-1.1893624881948812,"{""gs_event_time"": 1257152891.04101, ""window_s"": 5.25, ""mode"": ""native""}",10.244305038452149,10.86099624633789,11.853091430664062,True,16.871213531494142,32.68212699890137,44.422828674316406,True,21.043802642822264,35.16293716430664,45.813833427429195,True,1,True,False,0.05326932893951352,0.0,,4.706,Koi_Fish,1257152891.04101,395.402557373047,2.625,0.9999886751174928,5.25,native,49.511841213175366,518.7021046897531,518.7021046897531,0.16350314375028108,False,"[[-2.0, -0.287]]","[300,inf)",560.1532488504938
105,Koi_Fish,True,nan,stationary,0,H1,-1.209989143086786,"{""gs_event_time"": 1238733036.63476, ""window_s"": 5.25, ""mode"": ""native""}",10.045845794677735,10.257349014282227,10.972609519958496,True,17.295828819274902,33.85235786437988,45.24786777496338,True,18.131198120117187,33.91551399230957,44.6836835861206,True,1,True,False,0.05326931586848752,0.0,,4.493,Koi_Fish,1238733036.63476,323.875701904297,2.625,0.9999815225601196,5.25,native,49.2997602189863,415.3552334088762,415.3552334088762,0.06487537560668248,False,"[[-2.0, -0.287]]","[300,inf)",447.99471597505084
106,Koi_Fish,True,nan,stationary,0,H1,-0.4342580152089842,"{""gs_event_time"": 1238733036.63476, ""window_s"": 5.25, ""mode"": ""native""}",11.651764106750488,17.45838737487793,20.93734493255615,False,18.217073059082033,33.27411079406738,45.23348770141602,True,13.689052963256836,23.59393310546875,44.60644187927246,False,1,True,False,0.053099458428033985,0.0,,4.782,Koi_Fish,1238733036.63476,323.875701904297,2.625,0.9999815225601196,5.25,native,49.2997602189863,415.3552334088762,415.3552334088762,0.06487537560668248,False,"[[-1.338, 0.463]]","[300,inf)",447.99461955552795
107,Koi_Fish,True,nan,stationary,0,H1,-1.2289566858992107,"{""gs_event_time"": 1238733036.63476, ""window_s"": 5.25, ""mode"": ""native""}",10.022476196289062,10.11524772644043,10.396019744873048,True,18.576828956604004,33.39042663574219,43.845556831359865,True,21.143840980529784,35.59228706359863,45.05486145019531,True,1,True,False,0.05326931580122599,0.0,,4.605,Koi_Fish,1238733036.63476,323.875701904297,2.625,0.9999815225601196,5.25,native,49.2997602189863,415.3552334088762,415.3552334088762,0.06487537560668248,False,"[[-2.0, -0.287]]","[300,inf)",447.99471597505084
108,Scattered_Light,True,nan,stationary,0,H1,-1.35053435299766,"{""gs_event_time"": 1261529693.125, ""window_s"": 3.55297994613648, ""mode"": ""native""}",17.268528556823732,32.01218032836914,45.40000743865967,False,16.8644229888916,31.939773559570312,45.28454875946045,True,13.792802047729491,23.527470588684082,44.27691574096679,False,0,False,False,0.0,0.0,,4.705,Scattered_Light,1261529693.125,13.3398504257202,1.77648997306824,0.9999983310699464,3.55297994613648,native,65.33752154632192,31.01954162641065,31.019541626410653,0.017306918565117787,False,[],"[8,30)",33.44121093762688
109,Scattered_Light,True,nan,stationary,0,H1,-1.154003091590907,"{""gs_event_time"": 1261529693.125, ""window_s"": 3.55297994613648, ""mode"": ""native""}",19.08881359100342,33.444698333740234,45.80475273132324,False,19.665938568115234,34.192237854003906,45.7153076171875,True,19.083304405212402,31.782283782958984,45.868943977355954,True,0,False,False,0.0,0.0,,4.675,Scattered_Light,1261529693.125,13.3398504257202,1.77648997306824,0.9999983310699464,3.55297994613648,native,65.33752154632192,31.01954162641065,31.019541626410653,0.017306918565117787,False,[],"[8,30)",33.44121093762688
110,Scattered_Light,True,nan,stationary,0,H1,-0.7966523222247207,"{""gs_event_time"": 1261529693.125, ""window_s"": 3.55297994613648, ""mode"": ""native""}",20.570911598205566,35.04270935058594,45.33616638183594,False,20.040001106262206,34.98432159423828,45.09689712524414,True,23.44346218109131,35.47210502624512,45.00954532623291,True,0,False,False,0.0,0.0,,5.078,Scattered_Light,1261529693.125,13.3398504257202,1.77648997306824,0.9999983310699464,3.55297994613648,native,65.33752154632192,31.01954162641065,31.019541626410653,0.017306918565117787,False,[],"[8,30)",33.44121093762688
111,Scattered_Light,True,nan,stationary,0,H1,-0.8350913973920786,"{""gs_event_time"": 1238738333.875, ""window_s"": 3.0, ""mode"": ""native""}",18.577675437927248,33.99869155883789,45.422325897216794,False,18.89786434173584,33.981401443481445,45.34479026794433,True,14.077889442443848,25.45609188079834,44.953979110717775,True,0,False,False,0.0,0.0,,4.85,Scattered_Light,1238738333.875,11.4031600952148,1.5,0.9999983310699464,3.0,native,0.0,0.0,0.0,0.0021456748718107765,False,[],"[8,30)",0.0
112,Scattered_Light,True,nan,stationary,0,H1,-0.5283470689046668,"{""gs_event_time"": 1238738333.875, ""window_s"": 3.0, ""mode"": ""native""}",18.923768043518066,33.367008209228516,44.860816955566406,False,18.58084373474121,34.3015251159668,44.94696884155273,True,20.58674907684326,34.37805938720703,43.88183307647705,True,0,False,False,0.0,0.0,,4.596,Scattered_Light,1238738333.875,11.4031600952148,1.5,0.9999983310699464,3.0,native,0.0,0.0,0.0,0.0021456748718107765,False,[],"[8,30)",0.0
113,Scattered_Light,True,nan,stationary,0,H1,-0.827428857592577,"{""gs_event_time"": 1238738333.875, ""window_s"": 3.0, ""mode"": ""native""}",18.314843940734864,32.9644660949707,45.043666458129884,False,18.901704216003417,33.53828048706055,45.40342292785645,True,23.706697845458983,35.60687255859375,45.93422927856445,True,0,False,False,0.0,0.0,,4.53,Scattered_Light,1238738333.875,11.4031600952148,1.5,0.9999983310699464,3.0,native,0.0,0.0,0.0,0.0021456748718107765,False,[],"[8,30)",0.0
114,Scattered_Light,True,nan,stationary,0,H1,-1.1538945426825473,"{""gs_event_time"": 1238552901.375, ""window_s"": 4.0, ""mode"": ""native""}",18.063378143310548,33.29018020629883,45.328682327270506,False,18.478303909301758,33.03382682800293,45.428389930725096,True,17.343975067138672,31.927827835083008,46.09667739868164,True,0,False,False,0.0,0.0,,4.766,Scattered_Light,1238552901.375,11.972430229187,2.0,0.9999980926513672,4.0,native,0.0,0.0,0.0,0.0021456748718107765,False,[],"[8,30)",0.0
115,Scattered_Light,True,nan,stationary,0,H1,-1.0045243887829287,"{""gs_event_time"": 1238552901.375, ""window_s"": 4.0, ""mode"": ""native""}",18.83098602294922,34.858285903930664,45.02582416534424,False,19.063282012939453,33.4355354309082,44.97328262329101,True,20.91990222930908,35.64251708984375,45.846219062805176,True,0,False,False,0.0,0.0,,4.714,Scattered_Light,1238552901.375,11.972430229187,2.0,0.9999980926513672,4.0,native,0.0,0.0,0.0,0.0021456748718107765,False,[],"[8,30)",0.0
116,Scattered_Light,True,nan,stationary,0,H1,-0.5182548348349075,"{""gs_event_time"": 1238552901.375, ""window_s"": 4.0, ""mode"": ""native""}",18.649329566955565,34.07873344421387,45.48720645904541,False,18.703238868713377,33.86233711242676,44.811415100097655,True,18.324328422546387,32.54163360595703,43.8622968673706,True,0,False,False,0.0,0.0,,4.592,Scattered_Light,1238552901.375,11.972430229187,2.0,0.9999980926513672,4.0,native,0.0,0.0,0.0,0.0021456748718107765,False,[],"[8,30)",0.0
117,Scattered_Light,True,nan,stationary,0,H1,-0.7481922450962958,"{""gs_event_time"": 1238368990.0625, ""window_s"": 2.67188000679016, ""mode"": ""native""}",19.086577224731446,33.801950454711914,45.26659107208252,False,19.244655036926268,33.2786808013916,45.156260299682614,True,21.26489391326904,35.467885971069336,45.41020545959473,True,0,False,False,0.0,0.0,,4.903,Scattered_Light,1238368990.0625,9.10639953613281,1.33594000339508,0.999997615814209,2.67188000679016,native,0.0,0.0,0.0,0.0021456748718107765,False,[],"[8,30)",0.0
118,Scattered_Light,True,nan,stationary,0,H1,-0.34910682876306937,"{""gs_event_time"": 1238368990.0625, ""window_s"": 2.67188000679016, ""mode"": ""native""}",18.384772872924806,34.59627723693848,45.456519317626956,False,17.685976791381837,33.395036697387695,45.362989807128905,True,17.456029891967773,33.920366287231445,45.53740329742432,True,0,False,False,0.0,0.0,,4.682,Scattered_Light,1238368990.0625,9.10639953613281,1.33594000339508,0.999997615814209,2.67188000679016,native,0.0,0.0,0.0,0.0021456748718107765,False,[],"[8,30)",0.0
119,Scattered_Light,True,nan,stationary,0,H1,-1.056714706689983,"{""gs_event_time"": 1238368990.0625, ""window_s"": 2.67188000679016, ""mode"": ""native""}",19.203874015808104,34.361406326293945,45.02592182159424,False,18.34148120880127,33.46517753601074,45.33856391906738,True,16.109261131286623,31.715986251831055,43.95796489715576,True,0,False,False,0.0,0.0,,4.814,Scattered_Light,1238368990.0625,9.10639953613281,1.33594000339508,0.999997615814209,2.67188000679016,native,0.0,0.0,0.0,0.0021456748718107765,False,[],"[8,30)",0.0
120,Scattered_Light,True,nan,stationary,0,H1,-0.8368661873744554,"{""gs_event_time"": 1262793829.3125, ""window_s"": 5.01172018051148, ""mode"": ""native""}",18.71742534637451,33.58089828491211,45.27917499542236,False,18.3390682220459,33.72637939453125,45.45494346618652,True,19.91800174713135,33.34952735900879,45.8041597366333,True,0,False,False,0.0,0.0,,4.86,Scattered_Light,1262793829.3125,30.0440902709961,2.50586009025574,0.9999932050704956,5.01172018051148,native,0.0,0.0,0.0,0.0021456748718107765,False,[],"[30,100)",0.0
121,Scattered_Light,True,nan,stationary,0,H1,-0.7872909580641981,"{""gs_event_time"": 1262793829.3125, ""window_s"": 5.01172018051148, ""mode"": ""native""}",17.94084053039551,34.0695686340332,45.05295696258545,False,18.401083564758302,33.89476013183594,44.84187488555908,True,18.54696617126465,35.00131797790527,44.464979362487796,True,0,False,False,0.0,0.0,,4.722,Scattered_Light,1262793829.3125,30.0440902709961,2.50586009025574,0.9999932050704956,5.01172018051148,native,0.0,0.0,0.0,0.0021456748718107765,False,[],"[30,100)",0.0
122,Scattered_Light,True,nan,stationary,0,H1,-0.48205055006992803,"{""gs_event_time"": 1262793829.3125, ""window_s"": 5.01172018051148, ""mode"": ""native""}",18.370424652099608,34.201133728027344,45.435803985595705,False,18.85816421508789,34.519588470458984,45.65067024230957,True,14.20382251739502,27.1973819732666,45.11708087921143,True,0,False,False,0.0,0.0,,4.754,Scattered_Light,1262793829.3125,30.0440902709961,2.50586009025574,0.9999932050704956,5.01172018051148,native,0.0,0.0,0.0,0.0021456748718107765,False,[],"[30,100)",0.0
123,Scattered_Light,True,nan,stationary,0,H1,-1.325431754176162,"{""gs_event_time"": 1262799023.5625, ""window_s"": 6.0, ""mode"": ""native""}",19.7815954208374,34.932987213134766,44.805397033691406,False,18.465747833251953,33.42041206359863,44.85925350189209,True,16.58677730560303,30.008034706115723,43.23837680816651,True,1,True,False,0.051975224031616606,0.0,,4.601,Scattered_Light,1262799023.5625,78.7063369750977,3.0,0.9999890327453612,6.0,native,55.56479201506579,80.27602232848173,80.27602232848174,0.020393323803707786,False,"[[-2.0, -0.412]]","[30,100)",86.32649470922622
124,Scattered_Light,True,nan,stationary,0,H1,-1.012187595902248,"{""gs_event_time"": 1262799023.5625, ""window_s"": 6.0, ""mode"": ""native""}",16.914078330993654,32.66340255737305,45.17812042236328,False,17.085729026794432,32.50499725341797,44.84172458648682,True,14.632023239135743,28.220890045166016,44.70453414916992,True,1,True,False,0.05758516128471648,0.0,,4.754,Scattered_Light,1262799023.5625,78.7063369750977,3.0,0.9999890327453612,6.0,native,55.56479201506579,80.27602232848173,80.27602232848174,0.020393323803707786,False,"[[-2.0, 0.088]]","[30,100)",86.32661184392018
125,Scattered_Light,True,nan,stationary,0,H1,-0.4080492460052437,"{""gs_event_time"": 1262799023.5625, ""window_s"": 6.0, ""mode"": ""native""}",12.942578887939453,20.773107528686523,44.519290161132815,False,18.250553321838378,33.431976318359375,45.374000740051265,True,13.20258388519287,21.473215103149414,43.688547706604005,False,1,True,False,0.06277706889167786,0.0,,4.735,Scattered_Light,1262799023.5625,78.7063369750977,3.0,0.9999890327453612,6.0,native,55.56479201506579,80.27602232848173,80.27602232848174,0.020393323803707786,False,"[[-1.838, 0.588]]","[30,100)",86.32438385353674
126,Scattered_Light,True,nan,stationary,0,H1,-1.448319733718155,"{""gs_event_time"": 1262795064.625, ""window_s"": 5.75, ""mode"": ""native""}",18.864043617248534,33.02601623535156,45.27547378540039,False,17.451122665405272,33.59582710266113,45.56011905670166,True,18.625352668762208,33.17905616760254,44.985920906066895,True,1,True,False,0.04769599720734525,0.0,,4.843,Scattered_Light,1262795064.625,44.0353393554688,2.875,0.99998676776886,5.75,native,57.482188331575266,66.38202391373855,66.38202391373855,0.022197784184992148,False,"[[-2.0, -0.787]]","[30,100)",71.55072658036086
127,Scattered_Light,True,nan,stationary,0,H1,-0.5127524637821977,"{""gs_event_time"": 1262795064.625, ""window_s"": 5.75, ""mode"": ""native""}",18.607790565490724,34.913944244384766,45.25359649658203,False,17.758469009399413,33.33144187927246,45.664153480529784,True,13.106045341491699,19.838579177856445,42.870147705078125,False,1,True,False,0.05251479504503045,0.0,,4.67,Scattered_Light,1262795064.625,44.0353393554688,2.875,0.99998676776886,5.75,native,57.482188331575266,66.38202391373855,66.38202391373855,0.022197784184992148,False,"[[-1.838, -0.037]]","[30,100)",71.5507559082091
128,Scattered_Light,True,nan,stationary,0,H1,-1.0015391551545305,"{""gs_event_time"": 1262795064.625, ""window_s"": 5.75, ""mode"": ""native""}",21.116965675354002,35.59456253051758,45.599545288085935,False,17.403067588806152,33.95291519165039,44.75614280700684,True,17.25848522186279,30.335119247436523,44.56449165344238,True,1,True,False,0.05326931309202792,0.0,,4.701,Scattered_Light,1262795064.625,44.0353393554688,2.875,0.99998676776886,5.75,native,57.482188331575266,66.38202391373855,66.38202391373855,0.022197784184992148,False,"[[-2.0, -0.287]]","[30,100)",71.55073792784886
129,Scattered_Light,True,nan,stationary,0,H1,-0.5042352176662768,"{""gs_event_time"": 1262800695.8125, ""window_s"": 6.0, ""mode"": ""native""}",20.368470001220704,34.89278030395508,45.036285400390625,False,20.8345157623291,35.275644302368164,45.416715431213376,True,19.703074645996093,33.27868461608887,45.79986095428467,True,0,False,False,0.0,0.0,,4.559,Scattered_Light,1262800695.8125,54.320728302002,3.0,0.9999865293502808,6.0,native,90.87952807579501,46.47987575379009,46.47987575379009,0.009883767421058908,False,[],"[30,100)",50.13563527525298
130,Scattered_Light,True,nan,stationary,0,H1,-1.4880545270312497,"{""gs_event_time"": 1262800695.8125, ""window_s"": 6.0, ""mode"": ""native""}",19.44583911895752,34.77151298522949,45.55595359802246,False,13.215522956848144,22.011581420898438,44.124563980102536,False,19.13004493713379,34.86270713806152,45.63144435882568,True,1,True,True,0.04399169200353862,0.0,,4.589,Scattered_Light,1262800695.8125,54.320728302002,3.0,0.9999865293502808,6.0,native,90.87952807579501,46.47987575379009,46.47987575379009,0.009883767421058908,False,"[[-2.0, -1.037]]","[30,100)",50.134847220202225
131,Scattered_Light,True,nan,stationary,0,H1,-1.0619446106900752,"{""gs_event_time"": 1262800695.8125, ""window_s"": 6.0, ""mode"": ""native""}",19.90812454223633,35.0557975769043,45.23260726928711,False,12.201813888549804,17.88518524169922,40.25809249877929,False,21.88911952972412,36.0419921875,45.4349552154541,True,1,True,True,0.041732782141946416,0.0,,4.735,Scattered_Light,1262800695.8125,54.320728302002,3.0,0.9999865293502808,6.0,native,90.87952807579501,46.47987575379009,46.47987575379009,0.009883767421058908,False,"[[-2.0, -1.162]]","[30,100)",50.13488780530805
132,Scattered_Light,True,nan,stationary,0,H1,-1.405643955401232,"{""gs_event_time"": 1262796985.1875, ""window_s"": 5.0, ""mode"": ""native""}",19.400424003601074,33.941938400268555,45.5753210067749,False,18.548614501953125,33.31356430053711,45.528240013122556,True,15.286712074279786,28.838958740234375,44.811360359191895,True,0,False,False,0.0,0.0,,4.511,Scattered_Light,1262796985.1875,38.2565612792969,2.5,0.9999780654907228,5.0,native,0.0,0.0,0.0,0.0021456748718107765,False,[],"[30,100)",0.0
133,Scattered_Light,True,nan,stationary,0,H1,-0.7168625083960339,"{""gs_event_time"": 1262796985.1875, ""window_s"": 5.0, ""mode"": ""native""}",18.082381629943846,33.57521057128906,45.72031307220459,False,18.03636589050293,33.76191711425781,45.66592216491699,True,21.943906784057617,34.59041786193848,44.06302547454834,True,0,False,False,0.0,0.0,,4.601,Scattered_Light,1262796985.1875,38.2565612792969,2.5,0.9999780654907228,5.0,native,0.0,0.0,0.0,0.0021456748718107765,False,[],"[30,100)",0.0
134,Scattered_Light,True,nan,stationary,0,H1,-1.1713810816805315,"{""gs_event_time"": 1262796985.1875, ""window_s"": 5.0, ""mode"": ""native""}",17.71874866485596,33.8276481628418,45.38571624755859,False,19.120870780944824,34.517473220825195,45.5513391494751,True,15.864225006103515,29.32724952697754,43.110311317443845,True,0,False,False,0.0,0.0,,4.644,Scattered_Light,1262796985.1875,38.2565612792969,2.5,0.9999780654907228,5.0,native,0.0,0.0,0.0,0.0021456748718107765,False,[],"[30,100)",0.0
135,Scattered_Light,True,nan,stationary,0,H1,-0.6568175152082565,"{""gs_event_time"": 1262403838.0625, ""window_s"": 6.0, ""mode"": ""native""}",17.47307605743408,34.33640098571777,45.06162242889404,False,18.24357204437256,32.80589294433594,45.112173080444336,True,17.14740123748779,31.369927406311035,45.495882225036624,True,0,False,False,0.0,0.0,,4.943,Scattered_Light,1262403838.0625,134.467956542969,3.0,0.9999620914459229,6.0,native,20.33987413222619,48.71036248355571,48.71036248355571,0.012309533610722354,False,[],"[100,300)",52.515702200682796
136,Scattered_Light,True,nan,stationary,0,H1,-0.3674382876694911,"{""gs_event_time"": 1262403838.0625, ""window_s"": 6.0, ""mode"": ""native""}",18.606760025024414,33.889976501464844,44.70408115386963,False,19.30087203979492,34.45941162109375,45.574714279174806,True,14.93665008544922,29.30675220489502,44.57219219207764,True,0,False,False,0.0,0.0,,4.729,Scattered_Light,1262403838.0625,134.467956542969,3.0,0.9999620914459229,6.0,native,20.33987413222619,48.71036248355571,48.71036248355571,0.012309533610722354,False,[],"[100,300)",52.51562023134403
137,Scattered_Light,True,nan,stationary,0,H1,-1.3478194772865026,"{""gs_event_time"": 1262403838.0625, ""window_s"": 6.0, ""mode"": ""native""}",18.56724967956543,34.248512268066406,45.84824085235596,False,16.12591972351074,31.328560829162598,45.39375457763672,True,17.177636909484864,31.747005462646484,43.74129581451416,True,1,True,False,0.04769599735519634,0.0,,4.462,Scattered_Light,1262403838.0625,134.467956542969,3.0,0.9999620914459229,6.0,native,20.33987413222619,48.71036248355571,48.71036248355571,0.012309533610722354,False,"[[-2.0, -0.787]]","[100,300)",52.515737580130626
138,Scattered_Light,True,nan,stationary,0,H1,-0.4622660455190711,"{""gs_event_time"": 1262805917.6875, ""window_s"": 3.5, ""mode"": ""native""}",19.94758701324463,35.07919502258301,45.32244529724121,False,18.8527925491333,35.12812614440918,44.68729114532471,True,14.752042198181153,28.056379318237305,44.475005340576175,True,1,True,False,0.06507261208002439,0.0,,4.54,Scattered_Light,1262805917.6875,112.102569580078,1.75,0.999919891357422,3.5,native,49.15368774360319,91.91836339121126,91.91836339121124,0.029219921802230642,False,"[[-1.838, 0.713]]","[100,300)",99.20298102658046
139,Scattered_Light,True,nan,stationary,0,H1,-1.428643018079594,"{""gs_event_time"": 1262805917.6875, ""window_s"": 3.5, ""mode"": ""native""}",19.38557376861572,35.36021423339844,45.462619590759275,False,19.25179386138916,34.25082206726074,44.72155323028564,True,16.354475593566896,31.81260585784912,45.13343067169189,True,1,True,False,0.05326931347578231,0.0,,4.587,Scattered_Light,1262805917.6875,112.102569580078,1.75,0.999919891357422,3.5,native,49.15368774360319,91.91836339121126,91.91836339121124,0.029219921802230642,False,"[[-2.0, -0.287]]","[100,300)",99.20298102658046
140,Scattered_Light,True,nan,stationary,0,H1,-1.0430753900269327,"{""gs_event_time"": 1262805917.6875, ""window_s"": 3.5, ""mode"": ""native""}",19.832543563842773,33.125526428222656,45.091802787780765,False,17.79989356994629,33.265201568603516,45.436880111694336,True,19.252680587768555,34.42978858947754,44.140788841247556,True,1,True,False,0.05758516168162187,0.0,,4.729,Scattered_Light,1262805917.6875,112.102569580078,1.75,0.999919891357422,3.5,native,49.15368774360319,91.91836339121126,91.91836339121124,0.029219921802230642,False,"[[-2.0, 0.088]]","[100,300)",99.20298102658046
141,Scattered_Light,True,nan,stationary,0,H1,-0.984271126585708,"{""gs_event_time"": 1262400301.1875, ""window_s"": 5.5, ""mode"": ""native""}",19.889788246154787,34.58974075317383,45.3110408782959,False,19.239787292480468,34.33829879760742,45.87610168457031,True,21.350779914855956,35.114288330078125,45.51877346038818,True,0,False,False,0.0,0.0,,4.558,Scattered_Light,1262400301.1875,105.609367370605,2.75,0.9993461966514589,5.5,native,45.87645302405214,44.524381943138124,44.52438194313813,0.006458010610577443,False,[],"[100,300)",48.008500030832764
142,Scattered_Light,True,nan,stationary,0,H1,-0.9133805437998429,"{""gs_event_time"": 1262400301.1875, ""window_s"": 5.5, ""mode"": ""native""}",18.230011177062988,32.76983451843262,45.83634033203125,False,16.57029628753662,32.8923454284668,44.51203174591065,True,22.95319194793701,36.448110580444336,45.30579147338867,True,1,True,False,0.051078247142470105,0.0,,4.687,Scattered_Light,1262400301.1875,105.609367370605,2.75,0.9993461966514589,5.5,native,45.87645302405214,44.524381943138124,44.52438194313813,0.006458010610577443,False,"[[-1.963, -0.412]]","[100,300)",48.008499985052325
143,Scattered_Light,True,nan,stationary,0,H1,-0.3282452136767466,"{""gs_event_time"": 1262400301.1875, ""window_s"": 5.5, ""mode"": ""native""}",20.460443878173827,35.728851318359375,45.89899578094482,False,19.494601821899415,34.317861557006836,45.301845169067384,True,21.050974655151368,34.36429405212402,44.793535423278804,True,0,False,False,0.0,0.0,,4.412,Scattered_Light,1262400301.1875,105.609367370605,2.75,0.9993461966514589,5.5,native,45.87645302405214,44.524381943138124,44.52438194313813,0.006458010610577443,False,[],"[100,300)",48.00849171208389
144,Scattered_Light,True,nan,stationary,0,H1,-0.569170574277806,"{""gs_event_time"": 1262372380.9375, ""window_s"": 6.0, ""mode"": ""native""}",18.910976219177247,34.42477607727051,45.27127799987793,False,19.775852012634278,34.31582069396973,45.06996021270752,True,19.56164493560791,34.9732551574707,44.72279014587402,True,1,True,False,0.06970632863579862,0.0,,4.726,Scattered_Light,1262372380.9375,122.130989074707,3.0,0.9984887838363647,6.0,native,49.49573317174243,288.34039084345085,288.3403908434508,0.0763630060433666,False,"[[-2.0, 0.838]]","[100,300)",310.4743340962381
145,Scattered_Light,True,nan,stationary,0,H1,-1.1293711647368867,"{""gs_event_time"": 1262372380.9375, ""window_s"": 6.0, ""mode"": ""native""}",21.208376693725587,35.39479064941406,45.24694290161133,False,16.949401664733887,31.296390533447266,45.36435203552246,True,12.119933891296387,18.623872756958008,42.22002601623535,False,1,True,False,0.05932369666218243,0.0,,4.5,Scattered_Light,1262372380.9375,122.130989074707,3.0,0.9984887838363647,6.0,native,49.49573317174243,288.34039084345085,288.3403908434508,0.0763630060433666,False,"[[-2.0, 0.213]]","[100,300)",310.47412303646036
146,Scattered_Light,True,nan,stationary,0,H1,-1.1761958573990399,"{""gs_event_time"": 1262372380.9375, ""window_s"": 6.0, ""mode"": ""native""}",20.096903991699218,34.323360443115234,44.6196268081665,False,17.69402446746826,32.56569290161133,44.54474792480469,True,19.116823196411133,33.77039337158203,46.01037158966064,True,1,True,False,0.05758516395347353,0.0,,4.617,Scattered_Light,1262372380.9375,122.130989074707,3.0,0.9984887838363647,6.0,native,49.49573317174243,288.34039084345085,288.3403908434508,0.0763630060433666,False,"[[-2.0, 0.088]]","[100,300)",310.4741082856462
147,Scattered_Light,True,nan,stationary,0,H1,-0.4642557549728187,"{""gs_event_time"": 1262375541.90625, ""window_s"": 5.5, ""mode"": ""native""}",14.688063049316407,26.928970336914062,44.05882167816162,False,18.493523788452148,33.62679100036621,44.36374797821045,True,17.43131217956543,32.3814811706543,45.45215816497802,True,1,True,False,0.06697486126700701,0.0,,4.954,Scattered_Light,1262375541.90625,107.658447265625,2.75,0.9983874559402466,5.5,native,51.54682371834745,160.54853477155635,160.54853477155638,0.04127579545109859,False,"[[-1.963, 0.713]]","[100,300)",173.15879665245302
148,Scattered_Light,True,nan,stationary,0,H1,-0.44243139271477216,"{""gs_event_time"": 1262375541.90625, ""window_s"": 5.5, ""mode"": ""native""}",17.053684616088866,32.74801254272461,44.42811698913574,False,17.94131393432617,33.963050842285156,44.96735763549805,True,14.969823837280273,27.715614318847656,45.06314468383789,True,1,True,False,0.06697486129374662,0.0,,5.123,Scattered_Light,1262375541.90625,107.658447265625,2.75,0.9983874559402466,5.5,native,51.54682371834745,160.54853477155635,160.54853477155638,0.04127579545109859,False,"[[-1.963, 0.713]]","[100,300)",173.15870720717933
149,Scattered_Light,True,nan,stationary,0,H1,-0.8871521933476257,"{""gs_event_time"": 1262375541.90625, ""window_s"": 5.5, ""mode"": ""native""}",12.303757858276366,18.78274154663086,42.43225364685058,False,16.561550903320313,32.32645606994629,44.95519466400147,True,13.045710182189941,20.960918426513672,42.482731628417966,False,1,True,False,0.05932369485763903,0.0,,5.066,Scattered_Light,1262375541.90625,107.658447265625,2.75,0.9983874559402466,5.5,native,51.54682371834745,160.54853477155635,160.54853477155638,0.04127579545109859,False,"[[-2.0, 0.213]]","[100,300)",173.15972267218496
150,Whistle,True,nan,stationary,0,H1,-1.0868451228452096,"{""gs_event_time"": 1243985411.88672, ""window_s"": 2.11132001876832, ""mode"": ""native""}",16.90072555541992,33.42209815979004,45.229611778259276,False,16.17422218322754,31.448805809020996,44.989871978759766,True,23.776497268676756,36.3523063659668,45.62575416564941,True,1,True,False,0.05459688358248411,0.0,,5.064,Whistle,1243985411.88672,29.8757991790771,1.05566000938416,1.0,2.11132001876832,native,49.61457054088587,129.262170633334,129.26217063333402,0.02898952946622786,False,"[[-2.0, -0.162]]","[8,30)",139.36513811520155
151,Whistle,True,nan,stationary,0,H1,-0.3060991822068987,"{""gs_event_time"": 1243985411.88672, ""window_s"": 2.11132001876832, ""mode"": ""native""}",19.458239936828612,36.0208854675293,45.584727668762206,False,18.89603271484375,32.727731704711914,44.82919712066651,True,24.0632887840271,35.58084297180176,45.188693046569824,True,1,True,False,0.05724886479565631,0.0,,5.045,Whistle,1243985411.88672,29.8757991790771,1.05566000938416,1.0,2.11132001876832,native,49.61457054088587,129.262170633334,129.26217063333402,0.02898952946622786,False,"[[-1.213, 0.713]]","[8,30)",139.36513811520155
152,Whistle,True,nan,stationary,0,H1,-1.1208677455587597,"{""gs_event_time"": 1243985411.88672, ""window_s"": 2.11132001876832, ""mode"": ""native""}",17.348214530944823,33.13220977783203,45.25281677246094,False,16.267210006713867,32.699764251708984,45.278195762634276,True,22.89217891693115,35.6278190612793,45.858483505249026,True,1,True,False,0.05459688361799139,0.0,,4.717,Whistle,1243985411.88672,29.8757991790771,1.05566000938416,1.0,2.11132001876832,native,49.61457054088587,129.262170633334,129.26217063333402,0.02898952946622786,False,"[[-2.0, -0.162]]","[8,30)",139.36513811520155
153,Whistle,True,nan,stationary,0,H1,-1.280745145288125,"{""gs_event_time"": 1240107782.17578, ""window_s"": 1.140619993209838, ""mode"": ""native""}",18.866501808166504,33.964874267578125,44.68792724609375,False,15.00869255065918,31.234293937683105,43.890971946716306,True,11.548433685302735,17.674728393554688,39.228633880615234,False,1,True,False,0.0506481209536959,0.0,,4.8,Whistle,1240107782.17578,29.8157806396484,0.570309996604919,1.0,1.140619993209838,native,48.50590704069864,102.25437367236518,102.25437367236518,0.03961368188218226,False,"[[-2.0, -0.537]]","[8,30)",110.25665949701039
154,Whistle,True,nan,stationary,0,H1,-0.44388225443511636,"{""gs_event_time"": 1240107782.17578, ""window_s"": 1.140619993209838, ""mode"": ""native""}",17.080887222290038,32.53280448913574,45.227553367614746,False,19.43221263885498,33.370290756225586,44.69101219177246,True,15.79939308166504,30.633840560913086,45.40285663604736,True,1,True,False,0.04859621758128323,0.0,,5.036,Whistle,1240107782.17578,29.8157806396484,0.570309996604919,1.0,1.140619993209838,native,48.50590704069864,102.25437367236518,102.25437367236518,0.03961368188218226,False,"[[-1.213, 0.338]]","[8,30)",110.25665949701038
155,Whistle,True,nan,stationary,0,H1,-0.5251975222664953,"{""gs_event_time"": 1240107782.17578, ""window_s"": 1.140619993209838, ""mode"": ""native""}",18.93421878814697,34.12252616882324,44.90976181030273,False,17.0128511428833,33.48401069641113,45.19599876403809,True,19.247393226623537,32.84160614013672,46.066868019104,True,1,True,False,0.05029826326133761,0.0,,5.027,Whistle,1240107782.17578,29.8157806396484,0.570309996604919,1.0,1.140619993209838,native,48.50590704069864,102.25437367236518,102.25437367236518,0.03961368188218226,False,"[[-1.338, 0.338]]","[8,30)",110.25665949701038
156,Whistle,True,nan,stationary,0,H1,-0.6985327133143785,"{""gs_event_time"": 1244757100.73682, ""window_s"": 1.0, ""mode"": ""native""}",19.674526023864747,35.64008903503418,45.644016075134275,False,18.335593605041502,34.726200103759766,45.304184150695804,True,12.720498275756835,21.28717613220215,42.90821762084961,False,1,True,False,0.04705947709679438,0.0,,4.972,Whistle,1244757100.73682,29.6756591796875,0.15625,1.0,1.0,native,46.06829970309851,74.67918393564915,74.67918393564916,0.03199100674803677,False,"[[-1.463, 0.088]]","[8,30)",80.51521901120967
157,Whistle,True,nan,stationary,0,H1,-0.3499036418664577,"{""gs_event_time"": 1244757100.73682, ""window_s"": 1.0, ""mode"": ""native""}",17.889682960510253,33.4615592956543,45.28604145050049,False,17.30730609893799,32.877540588378906,44.58049297332764,True,19.32185935974121,34.10214805603027,45.34778366088867,True,1,True,False,0.05006117629828151,0.0,,5.088,Whistle,1244757100.73682,29.6756591796875,0.15625,1.0,1.0,native,46.06829970309851,74.67918393564915,74.67918393564916,0.03199100674803677,False,"[[-1.088, 0.463]]","[8,30)",80.51521901120967
158,Whistle,True,nan,stationary,0,H1,-0.38914250734269756,"{""gs_event_time"": 1244757100.73682, ""window_s"": 1.0, ""mode"": ""native""}",19.30751266479492,34.41166305541992,45.367154884338376,False,19.29342613220215,34.86153602600098,45.41898422241211,True,18.129146575927734,33.85824203491211,45.14573307037353,True,1,True,False,0.0469801749670738,0.0,,5.116,Whistle,1244757100.73682,29.6756591796875,0.15625,1.0,1.0,native,46.06829970309851,74.67918393564915,74.67918393564916,0.03199100674803677,False,"[[-1.088, 0.338]]","[8,30)",80.51521901120967
159,Whistle,True,nan,stationary,0,H1,-0.6021017960378952,"{""gs_event_time"": 1244852394.31396, ""window_s"": 1.0, ""mode"": ""native""}",19.978644371032715,35.451515197753906,45.13452415466308,False,19.387619972229004,34.37997055053711,45.70073642730713,True,15.455924797058106,28.253666877746582,45.57067184448242,True,1,True,False,0.04753620003478221,0.0,,4.903,Whistle,1244852394.31396,29.5265998840332,0.297850012779236,1.0,1.0,native,47.67142302511884,91.5285364391041,91.52853643910409,0.03721122325766211,False,"[[-1.338, 0.213]]","[8,30)",98.67841523777311
160,Whistle,True,nan,stationary,0,H1,-0.4671583085427868,"{""gs_event_time"": 1244852394.31396, ""window_s"": 1.0, ""mode"": ""native""}",19.02653522491455,34.53096008300781,44.83872261047363,False,18.424433708190918,34.22669792175293,45.48483676910401,True,21.421978378295897,35.425880432128906,44.58772773742676,True,1,True,False,0.04859621636314806,0.0,,5.196,Whistle,1244852394.31396,29.5265998840332,0.297850012779236,1.0,1.0,native,47.67142302511884,91.5285364391041,91.52853643910409,0.03721122325766211,False,"[[-1.213, 0.338]]","[8,30)",98.67841523777312
161,Whistle,True,nan,stationary,0,H1,-1.203423911613471,"{""gs_event_time"": 1244852394.31396, ""window_s"": 1.0, ""mode"": ""native""}",18.32025489807129,33.79577827453613,45.786746406555174,False,16.523066520690918,32.02378845214844,44.881240081787105,True,19.967055892944337,34.54445266723633,44.78750648498535,True,1,True,False,0.05107824641798823,0.0,,4.945,Whistle,1244852394.31396,29.5265998840332,0.297850012779236,1.0,1.0,native,47.67142302511884,91.5285364391041,91.52853643910409,0.03721122325766211,False,"[[-1.963, -0.412]]","[8,30)",98.67841523777312
162,Whistle,True,nan,stationary,0,H1,-1.330504131718762,"{""gs_event_time"": 1240771810.58984, ""window_s"": 2.79491996765136, ""mode"": ""native""}",17.50236988067627,32.669044494628906,45.47294979095459,False,18.036388206481934,34.694257736206055,44.6306676864624,True,14.831450843811036,25.681992530822754,45.22441635131836,True,1,True,False,0.0523990845275379,0.0,,5.14,Whistle,1240771810.58984,28.8773403167725,1.39745998382568,1.0,2.79491996765136,native,48.625003146458226,107.34093243912444,107.34093243912443,0.029289259239847706,False,"[[-1.963, -0.287]]","[8,30)",115.74335368573475
163,Whistle,True,nan,stationary,0,H1,-0.6959257808220769,"{""gs_event_time"": 1240771810.58984, ""window_s"": 2.79491996765136, ""mode"": ""native""}",17.973154258728027,32.76372528076172,45.60979461669922,False,18.505933952331542,33.39585876464844,44.860593223571776,True,19.297917556762695,32.91901779174805,44.16746292114258,True,1,True,False,0.048596216305076705,0.0,,4.954,Whistle,1240771810.58984,28.8773403167725,1.39745998382568,1.0,2.79491996765136,native,48.625003146458226,107.34093243912444,107.34093243912443,0.029289259239847706,False,"[[-1.213, 0.338]]","[8,30)",115.74335368573475
164,Whistle,True,nan,stationary,0,H1,-0.6424577560142968,"{""gs_event_time"": 1240771810.58984, ""window_s"": 2.79491996765136, ""mode"": ""native""}",19.265727233886718,33.59107208251953,45.19140357971192,False,18.664500045776368,34.01217269897461,45.49657039642334,True,13.046304512023926,22.3481388092041,43.01728897094726,False,1,True,False,0.05154011894754082,0.0,,4.924,Whistle,1240771810.58984,28.8773403167725,1.39745998382568,1.0,2.79491996765136,native,48.625003146458226,107.34093243912444,107.34093243912443,0.029289259239847706,False,"[[-1.213, 0.463]]","[8,30)",115.74335368573475
165,Whistle,True,nan,stationary,0,H1,-1.2995364854612734,"{""gs_event_time"": 1258760654.49414, ""window_s"": 1.328119993209838, ""mode"": ""native""}",18.495989990234374,33.97625732421875,45.475885200500485,False,19.3556978225708,33.74713325500488,45.075433349609376,True,24.670652770996092,35.46475028991699,44.672287178039554,True,0,False,False,0.0,0.0,,5.069,Whistle,1258760654.49414,83.5309982299805,0.664059996604919,1.0,1.328119993209838,native,48.44185657361569,186.0817910203507,186.0817910203507,0.0726202961217456,False,[],"[30,100)",200.60006258199755
166,Whistle,True,nan,stationary,0,H1,-1.0253312722741488,"{""gs_event_time"": 1258760654.49414, ""window_s"": 1.328119993209838, ""mode"": ""native""}",19.189162826538087,33.90882682800293,44.71996250152588,False,18.414330673217773,35.29064750671387,45.34738254547119,True,16.956503868103027,32.33802604675293,45.36624393463135,True,0,False,False,0.0,0.0,,5.004,Whistle,1258760654.49414,83.5309982299805,0.664059996604919,1.0,1.328119993209838,native,48.44185657361569,186.0817910203507,186.0817910203507,0.0726202961217456,False,[],"[30,100)",200.60006258199755
167,Whistle,True,nan,stationary,0,H1,-0.40769308054073433,"{""gs_event_time"": 1258760654.49414, ""window_s"": 1.328119993209838, ""mode"": ""native""}",19.220604705810548,34.063432693481445,45.65361862182617,False,18.86532497406006,34.09096717834473,45.29402103424072,True,19.081668281555174,34.67258262634277,44.98379135131836,True,0,False,False,0.0,0.0,,5.417,Whistle,1258760654.49414,83.5309982299805,0.664059996604919,1.0,1.328119993209838,native,48.44185657361569,186.0817910203507,186.0817910203507,0.0726202961217456,False,[],"[30,100)",200.60006258199755
168,Whistle,True,nan,stationary,0,H1,-0.8263190789397324,"{""gs_event_time"": 1266551143.7832, ""window_s"": 2.29882001876832, ""mode"": ""native""}",20.07630729675293,34.38957595825195,45.00117149353027,False,18.675599098205566,33.19923400878906,44.66734580993652,True,19.62068614959717,33.34288787841797,46.41690177917481,True,1,True,False,0.05618389237662414,0.0,,5.819,Whistle,1266551143.7832,80.7855911254883,1.14941000938416,1.0,2.29882001876832,native,48.92585114847416,404.7540865894139,404.7540865894138,0.11751910360635401,False,"[[-1.838, 0.213]]","[30,100)",436.3825723069868
169,Whistle,True,nan,stationary,0,H1,-0.8059969020884729,"{""gs_event_time"": 1266551143.7832, ""window_s"": 2.29882001876832, ""mode"": ""native""}",17.803735542297364,33.01398849487305,44.79171657562256,False,18.144992065429687,32.62383460998535,44.80058212280273,True,23.566508865356447,35.72833824157715,45.21355628967285,True,1,True,False,0.05618389716500981,0.0,,5.419,Whistle,1266551143.7832,80.7855911254883,1.14941000938416,1.0,2.29882001876832,native,48.92585114847416,404.7540865894139,404.7540865894138,0.11751910360635401,False,"[[-1.838, 0.213]]","[30,100)",436.3825723069868
170,Whistle,True,nan,stationary,0,H1,-1.2670442725310478,"{""gs_event_time"": 1266551143.7832, ""window_s"": 2.29882001876832, ""mode"": ""native""}",13.212903785705567,22.087688446044922,42.83992347717285,False,17.397819137573244,34.67696762084961,44.80036544799805,True,16.310619354248047,28.56775188446045,42.97790660858154,True,1,True,False,0.0532693125550366,0.0,,6.008,Whistle,1266551143.7832,80.7855911254883,1.14941000938416,1.0,2.29882001876832,native,48.92585114847416,404.7540865894139,404.7540865894138,0.11751910360635401,False,"[[-2.0, -0.287]]","[30,100)",436.3825723069868
171,Whistle,True,nan,stationary,0,H1,-0.8687733016585498,"{""gs_event_time"": 1243578956.31641, ""window_s"": 3.53320002555848, ""mode"": ""native""}",19.23426170349121,34.44455146789551,45.41905479431152,False,18.597195434570313,33.92488670349121,45.00123748779297,True,19.866798400878906,35.644344329833984,45.67249240875244,True,0,False,False,0.0,0.0,,7.193,Whistle,1243578956.31641,80.3962631225586,1.76660001277924,1.0,3.53320002555848,native,44.2215540851775,184.41051895570135,184.41051895570135,0.040796764368729206,False,[],"[30,100)",198.82568438021713
172,Whistle,True,nan,stationary,0,H1,-0.8718783271260961,"{""gs_event_time"": 1243578956.31641, ""window_s"": 3.53320002555848, ""mode"": ""native""}",18.13123836517334,33.5562629699707,45.61543636322021,False,18.78403491973877,34.17458152770996,45.297238159179685,True,21.342902183532715,35.46282768249512,44.76325359344482,True,0,False,False,0.0,0.0,,7.363,Whistle,1243578956.31641,80.3962631225586,1.76660001277924,1.0,3.53320002555848,native,44.2215540851775,184.41051895570135,184.41051895570135,0.040796764368729206,False,[],"[30,100)",198.8256843802171
173,Whistle,True,nan,stationary,0,H1,-1.3932772317044737,"{""gs_event_time"": 1243578956.31641, ""window_s"": 3.53320002555848, ""mode"": ""native""}",18.709741592407227,34.616777420043945,44.9772834777832,False,19.703164672851564,33.45347023010254,45.379063796997066,True,15.915801811218262,30.621749877929688,44.42714443206787,True,0,False,False,0.0,0.0,,7.623,Whistle,1243578956.31641,80.3962631225586,1.76660001277924,1.0,3.53320002555848,native,44.2215540851775,184.41051895570135,184.41051895570135,0.040796764368729206,False,[],"[30,100)",198.8256843802171
174,Whistle,True,nan,stationary,0,H1,-0.32166876824795254,"{""gs_event_time"": 1245144269.82153, ""window_s"": 1.0, ""mode"": ""native""}",18.639481163024904,34.457448959350586,45.832991981506346,False,17.96218795776367,33.196964263916016,44.35076465606689,True,15.055969047546387,28.23338508605957,44.60243167877197,True,1,True,False,0.05006117627438516,0.0,,7.874,Whistle,1245144269.82153,74.8965301513672,0.421880006790161,1.0,1.0,native,43.19371204911063,106.36517977528844,106.36517977528845,0.03831860971683747,False,"[[-1.088, 0.463]]","[30,100)",114.68247844537215
175,Whistle,True,nan,stationary,0,H1,-0.8143252794530708,"{""gs_event_time"": 1245144269.82153, ""window_s"": 1.0, ""mode"": ""native""}",19.506425285339354,35.03925132751465,45.769042587280275,False,17.465171241760252,32.288591384887695,45.32098388671875,True,16.275722312927247,28.73274803161621,46.04984111785889,True,1,True,False,0.0472589993477941,0.0,,8.135,Whistle,1245144269.82153,74.8965301513672,0.421880006790161,1.0,1.0,native,43.19371204911063,106.36517977528844,106.36517977528845,0.03831860971683747,False,"[[-1.588, -0.037]]","[30,100)",114.68247844537215
176,Whistle,True,nan,stationary,0,H1,-1.4923093408028278,"{""gs_event_time"": 1245144269.82153, ""window_s"": 1.0, ""mode"": ""native""}",18.778586387634277,33.97598457336426,45.16264972686768,False,17.106990814208984,31.864968299865723,45.256395530700686,True,16.250447082519532,31.29671573638916,44.649400329589845,True,1,True,False,0.04769599704473283,0.0,,7.769,Whistle,1245144269.82153,74.8965301513672,0.421880006790161,1.0,1.0,native,43.19371204911063,106.36517977528844,106.36517977528845,0.03831860971683747,False,"[[-2.0, -0.787]]","[30,100)",114.68247844537217
177,Whistle,True,nan,stationary,0,H1,-0.5728209585295337,"{""gs_event_time"": 1240875900.92578, ""window_s"": 1.908200025558472, ""mode"": ""native""}",20.526470375061034,35.00893974304199,45.47551212310791,False,19.480119705200195,33.22835159301758,45.81272392272949,True,17.615855407714843,32.91444778442383,45.0592643737793,True,0,False,False,0.0,0.0,,8.214,Whistle,1240875900.92578,70.7535018920898,0.954100012779236,1.0,1.908200025558472,native,19.64239351271819,36.28861222943118,36.28861222943119,0.009939791548549763,False,[],"[30,100)",39.128633293853824
178,Whistle,True,nan,stationary,0,H1,-0.3260811433918252,"{""gs_event_time"": 1240875900.92578, ""window_s"": 1.908200025558472, ""mode"": ""native""}",19.933455085754396,34.74151611328125,45.16946430206299,False,17.60981273651123,35.34733772277832,45.72295932769775,True,21.166078186035158,34.42974281311035,45.3682035446167,True,0,False,False,0.0,0.0,,8.19,Whistle,1240875900.92578,70.7535018920898,0.954100012779236,1.0,1.908200025558472,native,19.64239351271819,36.28861222943118,36.28861222943119,0.009939791548549763,False,[],"[30,100)",39.128633293853824
179,Whistle,True,nan,stationary,0,H1,-0.7921559660148595,"{""gs_event_time"": 1240875900.92578, ""window_s"": 1.908200025558472, ""mode"": ""native""}",19.754450225830077,34.15412139892578,44.67573413848877,False,19.04031047821045,34.22738265991211,45.04385547637939,True,16.95486831665039,31.775845527648926,44.873905944824216,True,0,False,False,0.0,0.0,,7.971,Whistle,1240875900.92578,70.7535018920898,0.954100012779236,1.0,1.908200025558472,native,19.64239351271819,36.28861222943118,36.28861222943119,0.009939791548549763,False,[],"[30,100)",39.128633293853824
180,Tomte,True,nan,stationary,0,H1,-1.116382036460802,"{""gs_event_time"": 1265092076.08984, ""window_s"": 2.0, ""mode"": ""native""}",19.94210147857666,34.36310577392578,45.3825590133667,False,19.479850196838377,34.45174789428711,45.007488059997556,True,12.033128929138183,18.596622467041016,41.04091472625733,False,0,False,False,0.0,0.0,,8.031,Tomte,1265092076.08984,24.6868495941162,1.0,0.9999998807907104,2.0,native,0.0,0.0,0.0,0.0021456748718107765,False,[],"[8,30)",0.0
181,Tomte,True,nan,stationary,0,H1,-1.2749907411266581,"{""gs_event_time"": 1265092076.08984, ""window_s"": 2.0, ""mode"": ""native""}",18.479163551330565,33.89344024658203,44.606622314453126,False,19.594725799560546,34.95865249633789,45.60735931396484,True,22.04600429534912,33.986061096191406,45.975328063964845,True,0,False,False,0.0,0.0,,7.349,Tomte,1265092076.08984,24.6868495941162,1.0,0.9999998807907104,2.0,native,0.0,0.0,0.0,0.0021456748718107765,False,[],"[8,30)",0.0
182,Tomte,True,nan,stationary,0,H1,-0.6929680392997569,"{""gs_event_time"": 1265092076.08984, ""window_s"": 2.0, ""mode"": ""native""}",18.098958206176757,34.32499313354492,45.612402725219724,False,18.42970848083496,33.66969871520996,44.97222785949707,True,23.12238483428955,35.19634246826172,45.30006790161133,True,0,False,False,0.0,0.0,,8.363,Tomte,1265092076.08984,24.6868495941162,1.0,0.9999998807907104,2.0,native,0.0,0.0,0.0,0.0021456748718107765,False,[],"[8,30)",0.0
183,Tomte,True,nan,stationary,0,H1,-1.265871121851834,"{""gs_event_time"": 1250326821.13672, ""window_s"": 3.125, ""mode"": ""native""}",19.23605880737305,34.36464881896973,45.64024143218994,False,19.06244525909424,33.89842987060547,45.73882865905762,True,20.999310111999513,32.96433067321777,43.270651245117186,True,0,False,False,0.0,0.0,,7.669,Tomte,1250326821.13672,24.2844390869141,1.5625,0.9999998807907104,3.125,native,0.0,0.0,0.0,0.0021456748718107765,False,[],"[8,30)",0.0
184,Tomte,True,nan,stationary,0,H1,-0.8067745289785689,"{""gs_event_time"": 1250326821.13672, ""window_s"": 3.125, ""mode"": ""native""}",19.233351516723634,34.03428649902344,45.32718334197998,False,18.315448570251466,33.508907318115234,45.49056415557861,True,23.828096389770508,36.52027893066406,44.95316390991211,True,0,False,False,0.0,0.0,,8.397,Tomte,1250326821.13672,24.2844390869141,1.5625,0.9999998807907104,3.125,native,0.0,0.0,0.0,0.0021456748718107765,False,[],"[8,30)",0.0
185,Tomte,True,nan,stationary,0,H1,-0.7773129883444491,"{""gs_event_time"": 1250326821.13672, ""window_s"": 3.125, ""mode"": ""native""}",18.930750465393068,34.607994079589844,45.240950965881346,False,19.104470252990723,34.904985427856445,45.601760673522946,True,17.451127433776854,32.95031547546387,44.79972171783447,True,0,False,False,0.0,0.0,,7.98,Tomte,1250326821.13672,24.2844390869141,1.5625,0.9999998807907104,3.125,native,0.0,0.0,0.0,0.0021456748718107765,False,[],"[8,30)",0.0
186,Tomte,True,nan,stationary,0,H1,-0.34509228825074284,"{""gs_event_time"": 1245911190.87891, ""window_s"": 2.0, ""mode"": ""native""}",18.929894065856935,32.78609085083008,45.038218307495114,False,19.05113868713379,32.74504280090332,45.35659275054932,True,16.11057243347168,32.04975509643555,44.80062370300293,True,0,False,False,0.0,0.0,,7.566,Tomte,1245911190.87891,24.1168003082275,1.0,0.9999998807907104,2.0,native,0.0,0.0,0.0,0.0021456748718107765,False,[],"[8,30)",0.0
187,Tomte,True,nan,stationary,0,H1,-1.4132816813641478,"{""gs_event_time"": 1245911190.87891, ""window_s"": 2.0, ""mode"": ""native""}",19.2175537109375,34.7425479888916,45.408993530273435,False,19.665212059020995,33.901119232177734,45.85670967102051,True,19.736903953552247,34.27152633666992,44.70233726501465,True,0,False,False,0.0,0.0,,7.963,Tomte,1245911190.87891,24.1168003082275,1.0,0.9999998807907104,2.0,native,0.0,0.0,0.0,0.0021456748718107765,False,[],"[8,30)",0.0
188,Tomte,True,nan,stationary,0,H1,-0.9000326116096579,"{""gs_event_time"": 1245911190.87891, ""window_s"": 2.0, ""mode"": ""native""}",18.90987071990967,34.386627197265625,45.309384727478026,False,19.0177282333374,34.63956642150879,45.135286521911624,True,20.414282035827636,36.00434112548828,46.188528060913086,True,0,False,False,0.0,0.0,,8.429,Tomte,1245911190.87891,24.1168003082275,1.0,0.9999998807907104,2.0,native,0.0,0.0,0.0,0.0021456748718107765,False,[],"[8,30)",0.0
189,Tomte,True,nan,stationary,0,H1,-0.6070830248608221,"{""gs_event_time"": 1258706093.80859, ""window_s"": 2.0722599029541, ""mode"": ""native""}",18.329873657226564,34.53996467590332,45.71915149688721,False,18.36173496246338,34.56381416320801,45.353255081176755,True,20.1337028503418,34.57110404968262,44.32991409301758,True,0,False,False,0.0,0.0,,7.311,Tomte,1258706093.80859,26.8558807373047,1.03612995147705,0.9999997615814208,2.0722599029541,native,28.9730650925503,20.074066216264317,20.07406621626432,0.012074123713368802,False,[],"[8,30)",21.63689135894039
190,Tomte,True,nan,stationary,0,H1,-1.2873279114304095,"{""gs_event_time"": 1258706093.80859, ""window_s"": 2.0722599029541, ""mode"": ""native""}",19.01370620727539,33.323177337646484,45.46592140197754,False,17.807572174072266,31.794528007507324,44.867140769958496,True,23.703887748718262,34.78001594543457,45.1643159866333,True,1,True,False,0.04496055617067964,0.0,,7.826,Tomte,1258706093.80859,26.8558807373047,1.03612995147705,0.9999997615814208,2.0722599029541,native,28.9730650925503,20.074066216264317,20.07406621626432,0.012074123713368802,False,"[[-1.963, -0.912]]","[8,30)",21.63689135894039
191,Tomte,True,nan,stationary,0,H1,-1.034319921858577,"{""gs_event_time"": 1258706093.80859, ""window_s"": 2.0722599029541, ""mode"": ""native""}",18.899355125427245,33.030948638916016,45.551829147338864,False,21.76694526672363,35.366573333740234,44.45531177520752,True,14.64923324584961,28.002596855163574,44.273254013061525,True,1,True,False,0.04145928952482931,0.0,,7.998,Tomte,1258706093.80859,26.8558807373047,1.03612995147705,0.9999997615814208,2.0722599029541,native,28.9730650925503,20.074066216264317,20.07406621626432,0.012074123713368802,False,"[[-1.838, -0.912]]","[8,30)",21.63689135894039
192,Tomte,True,nan,stationary,0,H1,-1.4245254018540343,"{""gs_event_time"": 1260294617.66797, ""window_s"": 2.5, ""mode"": ""native""}",18.93057289123535,33.17949676513672,45.272109794616696,False,16.565533256530763,32.81847953796387,45.461374282836914,True,18.032830047607423,33.223716735839844,44.87066841125488,True,1,True,False,0.0476959974450627,0.0,,8.157,Tomte,1260294617.66797,24.1369705200195,1.25,0.9999997615814208,2.5,native,52.733540847464305,36.26511828524318,36.265118285243176,0.026591790192057266,False,"[[-2.0, -0.787]]","[8,30)",39.072958806198486
193,Tomte,True,nan,stationary,0,H1,-0.6289429634690679,"{""gs_event_time"": 1260294617.66797, ""window_s"": 2.5, ""mode"": ""native""}",20.119018745422363,34.59537315368652,45.40780086517334,False,17.29506149291992,31.6799955368042,44.96827945709229,True,19.050847625732423,32.81294250488281,43.29146137237549,True,1,True,False,0.040095612889536406,0.0,,7.75,Tomte,1260294617.66797,24.1369705200195,1.25,0.9999997615814208,2.5,native,52.733540847464305,36.26511828524318,36.265118285243176,0.026591790192057266,False,"[[-1.213, -0.037]]","[8,30)",39.072958806198486
194,Tomte,True,nan,stationary,0,H1,-1.3946785358886158,"{""gs_event_time"": 1260294617.66797, ""window_s"": 2.5, ""mode"": ""native""}",17.688934898376466,35.01674842834473,45.6034797668457,False,17.50205593109131,34.46425247192383,45.694210624694826,True,17.263724708557127,32.336164474487305,45.3258731842041,True,1,True,False,0.047695997472524405,0.0,,13.064,Tomte,1260294617.66797,24.1369705200195,1.25,0.9999997615814208,2.5,native,52.733540847464305,36.26511828524318,36.265118285243176,0.026591790192057266,False,"[[-2.0, -0.787]]","[8,30)",39.072958806198486
195,Tomte,True,nan,stationary,0,H1,-1.0258899499704388,"{""gs_event_time"": 1245134304.99023, ""window_s"": 2.5, ""mode"": ""native""}",17.183444023132324,31.8668155670166,45.5820405960083,False,18.16466827392578,33.41262626647949,44.529110527038576,True,18.055932235717773,33.03176307678223,46.12850074768066,True,1,True,False,0.051975223950696536,0.0,,8.69,Tomte,1245134304.99023,34.7463989257812,1.25,0.9999998807907104,2.5,native,44.37177969280766,41.73914027819397,41.739140278193965,0.020056755613256178,False,"[[-2.0, -0.412]]","[30,100)",44.96418903249163
196,Tomte,True,nan,stationary,0,H1,-0.45177284265512146,"{""gs_event_time"": 1245134304.99023, ""window_s"": 2.5, ""mode"": ""native""}",18.029177093505858,33.702505111694336,45.20608348846435,False,16.70268020629883,31.85880756378174,45.10819549560547,True,15.317267990112304,30.342374801635742,44.44103565216064,True,1,True,False,0.04566127924294739,0.0,,8.03,Tomte,1245134304.99023,34.7463989257812,1.25,0.9999998807907104,2.5,native,44.37177969280766,41.73914027819397,41.739140278193965,0.020056755613256178,False,"[[-1.213, 0.213]]","[30,100)",44.96418903249164
197,Tomte,True,nan,stationary,0,H1,-0.9332395958999863,"{""gs_event_time"": 1245134304.99023, ""window_s"": 2.5, ""mode"": ""native""}",18.70041675567627,32.73454666137695,44.67664852142334,False,19.425857925415038,33.91956329345703,44.92010021209717,True,22.028577041625976,36.40960693359375,45.151193618774414,True,1,True,False,0.04649027873370573,0.0,,8.379,Tomte,1245134304.99023,34.7463989257812,1.25,0.9999998807907104,2.5,native,44.37177969280766,41.73914027819397,41.739140278193965,0.020056755613256178,False,"[[-1.713, -0.287]]","[30,100)",44.96418903249163
198,Tomte,True,nan,stationary,0,H1,-0.4048536796309373,"{""gs_event_time"": 1257802210.36133, ""window_s"": 2.25, ""mode"": ""native""}",16.794597816467284,31.887773513793945,44.76498298645019,False,19.529173278808592,33.878822326660156,45.23996238708496,True,18.350851821899415,34.76230239868164,44.850514030456544,True,1,True,False,0.04698017571319809,0.0,,7.633,Tomte,1257802210.36133,43.0369682312012,1.125,0.9999997615814208,2.25,native,51.97972602527234,60.19648783258253,60.19648783258253,0.03622069004472561,False,"[[-1.088, 0.338]]","[30,100)",64.86403848474868
199,Tomte,True,nan,stationary,0,H1,-0.5808994587133531,"{""gs_event_time"": 1257802210.36133, ""window_s"": 2.25, ""mode"": ""native""}",16.41289577484131,31.553543090820312,45.080923080444336,False,18.67521800994873,34.68326759338379,45.07729320526123,True,19.069989967346192,33.54633331298828,45.18476696014404,True,1,True,False,0.04488163877228785,0.0,,7.791,Tomte,1257802210.36133,43.0369682312012,1.125,0.9999997615814208,2.25,native,51.97972602527234,60.19648783258253,60.19648783258253,0.03622069004472561,False,"[[-1.338, 0.088]]","[30,100)",64.86403848474868
200,Tomte,True,nan,stationary,0,H1,-0.401611247865881,"{""gs_event_time"": 1257802210.36133, ""window_s"": 2.25, ""mode"": ""native""}",19.03421745300293,34.86677932739258,44.605671882629395,False,16.63609085083008,32.08848190307617,45.015167427062984,True,18.533561325073244,33.81328201293945,45.24200954437256,True,1,True,False,0.04387924348787682,0.0,,7.719,Tomte,1257802210.36133,43.0369682312012,1.125,0.9999997615814208,2.25,native,51.97972602527234,60.19648783258253,60.19648783258253,0.03622069004472561,False,"[[-1.088, 0.213]]","[30,100)",64.86403848474868
201,Tomte,True,nan,stationary,0,H1,-1.3471163891413125,"{""gs_event_time"": 1257651734.31836, ""window_s"": 2.5, ""mode"": ""native""}",17.309583854675292,33.43362808227539,44.90533504486084,False,16.48887195587158,31.037373542785645,45.259412574768064,True,19.265021324157715,33.962575912475586,44.3409517288208,True,1,True,False,0.04769599734339173,0.0,,7.155,Tomte,1257651734.31836,39.0953712463379,1.25,0.9999994039535522,2.5,native,31.414243272030998,29.70366192274355,29.703661922743546,0.01683148663295053,False,"[[-2.0, -0.787]]","[30,100)",32.01080128558394
202,Tomte,True,nan,stationary,0,H1,-1.4117245136032415,"{""gs_event_time"": 1257651734.31836, ""window_s"": 2.5, ""mode"": ""native""}",19.593890571594237,34.76819610595703,45.13333606719971,False,16.98834819793701,31.999751091003418,44.707045555114746,True,20.539980316162108,35.94204521179199,45.03610248565674,True,1,True,False,0.04769599740399165,0.0,,8.256,Tomte,1257651734.31836,39.0953712463379,1.25,0.9999994039535522,2.5,native,31.414243272030998,29.70366192274355,29.703661922743546,0.01683148663295053,False,"[[-2.0, -0.787]]","[30,100)",32.01080128558394
203,Tomte,True,nan,stationary,0,H1,-1.4156084957169384,"{""gs_event_time"": 1257651734.31836, ""window_s"": 2.5, ""mode"": ""native""}",19.001615524291992,34.50608253479004,44.774286079406735,False,15.99261703491211,31.460630416870117,45.35902786254883,True,16.059726333618165,31.587854385375977,44.49684562683105,True,1,True,False,0.047695997404340294,0.0,,7.655,Tomte,1257651734.31836,39.0953712463379,1.25,0.9999994039535522,2.5,native,31.414243272030998,29.70366192274355,29.703661922743546,0.01683148663295053,False,"[[-2.0, -0.787]]","[30,100)",32.01080128558394
204,Tomte,True,nan,stationary,0,H1,-0.4573748467832169,"{""gs_event_time"": 1257734632.16992, ""window_s"": 2.5, ""mode"": ""native""}",18.076983070373537,33.15759086608887,44.894651222229,False,17.160570335388183,32.82452964782715,45.08713607788086,True,21.551960754394532,35.01327133178711,45.13614120483398,True,1,True,False,0.04387924306662366,0.0,,7.483,Tomte,1257734632.16992,38.2873191833496,1.25,0.9999992847442628,2.5,native,32.740816009172434,30.703220484834112,30.703220484834116,0.015384616133523519,False,"[[-1.088, 0.213]]","[30,100)",33.06671368135786
205,Tomte,True,nan,stationary,0,H1,-0.7391160247830681,"{""gs_event_time"": 1257734632.16992, ""window_s"": 2.5, ""mode"": ""native""}",20.236202239990234,35.64570999145508,45.626112365722655,False,17.952648162841797,32.823116302490234,45.281650352478025,True,20.747179412841795,34.12911605834961,43.89366989135742,True,1,True,False,0.04239571844349978,0.0,,7.071,Tomte,1257734632.16992,38.2873191833496,1.25,0.9999992847442628,2.5,native,32.740816009172434,30.703220484834112,30.703220484834116,0.015384616133523519,False,"[[-1.338, -0.037]]","[30,100)",33.06671368135786
206,Tomte,True,nan,stationary,0,H1,-0.9041139674413764,"{""gs_event_time"": 1257734632.16992, ""window_s"": 2.5, ""mode"": ""native""}",20.67427864074707,35.032447814941406,44.71713790893555,False,20.91144142150879,34.83926582336426,45.0949031829834,True,19.53660011291504,33.88703918457031,44.29835929870605,True,0,False,False,0.0,0.0,,7.186,Tomte,1257734632.16992,38.2873191833496,1.25,0.9999992847442628,2.5,native,32.740816009172434,30.703220484834112,30.703220484834116,0.015384616133523519,False,[],"[30,100)",33.06671368135786
207,Tomte,True,nan,stationary,0,H1,-1.3037479005642236,"{""gs_event_time"": 1260323303.64648, ""window_s"": 1.5, ""mode"": ""native""}",15.040616035461426,29.648765563964844,45.21991138458252,False,14.635044860839844,28.13023567199707,44.30186500549316,True,11.9548770904541,17.309110641479492,40.63697967529297,False,1,True,False,0.05064812065232347,0.0,,7.133,Tomte,1260323303.64648,30.5561695098877,0.75,0.9999992847442628,1.5,native,47.224122974916575,45.636665603678885,45.6366656036789,0.02639174520277362,False,"[[-2.0, -0.537]]","[30,100)",49.19240474741108
208,Tomte,True,nan,stationary,0,H1,-0.6915198747272716,"{""gs_event_time"": 1260323303.64648, ""window_s"": 1.5, ""mode"": ""native""}",16.174346923828125,30.975975036621094,45.55830345153809,False,21.020769309997558,34.13408660888672,45.38954467773437,True,19.117344093322753,34.26393508911133,45.85848159790039,True,1,True,False,0.04477866254101222,0.0,,7.283,Tomte,1260323303.64648,30.5561695098877,0.75,0.9999992847442628,1.5,native,47.224122974916575,45.636665603678885,45.6366656036789,0.02639174520277362,False,"[[-1.463, -0.037]]","[30,100)",49.19240474741108
209,Tomte,True,nan,stationary,0,H1,-1.1183791345850425,"{""gs_event_time"": 1260323303.64648, ""window_s"": 1.5, ""mode"": ""native""}",17.484510803222655,31.77748966217041,44.56766300201416,False,16.496055030822752,30.288783073425293,44.29651222229004,True,13.294449806213379,21.747037887573242,44.500065612792966,False,1,True,False,0.05107824710926623,0.0,,7.462,Tomte,1260323303.64648,30.5561695098877,0.75,0.9999992847442628,1.5,native,47.224122974916575,45.636665603678885,45.6366656036789,0.02639174520277362,False,"[[-1.963, -0.412]]","[30,100)",49.19240474741108
210,Noise_Only,True,nan,stationary,0,H1,-0.6469441640808662,"{""gs_event_time"": 1262759309.5720692, ""window_s"": 1.0, ""mode"": ""noise_native""}",16.88239803314209,31.218706130981445,44.87883586883545,False,15.495738792419434,30.082737922668457,45.03440895080566,True,20.485927009582518,34.86916542053223,45.57832260131836,True,1,True,False,0.037552371683163666,0.0,,7.313,Noise_Only,1262759309.5720692,nan,1.0,nan,1.0,noise_native,49.624953071753005,0.0,64.0,0.03689378611618156,True,"[[-1.213, -0.162]]",,68.98601088696161
211,Noise_Only,True,nan,stationary,0,H1,-0.9475736053592103,"{""gs_event_time"": 1257123540.112468, ""window_s"": 1.0, ""mode"": ""noise_native""}",20.679379272460938,34.471004486083984,45.10328388214111,False,16.063720893859863,31.007455825805664,43.49130001068115,True,19.236071586608887,33.80421829223633,44.27814903259277,True,1,True,False,0.03576753002784199,0.0,,7.721,Noise_Only,1257123540.112468,nan,1.0,nan,1.0,noise_native,49.52742576800199,0.0,63.99999999999999,0.02951682249837702,True,"[[-1.338, -0.412]]",,68.99475854530779
212,Noise_Only,True,nan,stationary,0,H1,-0.8910361673465674,"{""gs_event_time"": 1251205369.1992626, ""window_s"": 1.0, ""mode"": ""noise_native""}",19.142063903808594,33.02803039550781,44.95495796203613,False,15.525983428955078,30.144158363342285,43.52906322479248,True,23.171150493621827,35.302982330322266,45.5691556930542,True,1,True,False,0.035767528680149964,0.0,,7.319,Noise_Only,1251205369.1992626,nan,1.0,nan,1.0,noise_native,50.56819304420184,0.0,64.0,0.03259407328258465,True,"[[-1.338, -0.412]]",,68.9802534925609
213,Noise_Only,True,nan,stationary,0,H1,-0.5524011210481556,"{""gs_event_time"": 1264809836.6064148, ""window_s"": 1.0, ""mode"": ""noise_native""}",17.08408203125,32.433956146240234,45.070892906188966,False,16.052584838867187,32.1536169052124,44.61994857788086,True,12.61010971069336,24.426156044006348,44.49223537445068,True,1,True,False,0.032615562710666124,0.0,,4.739,Noise_Only,1264809836.6064148,nan,1.0,nan,1.0,noise_native,48.0161513154311,12.16900591229315,63.99999999999999,0.04151706656760896,True,"[[-0.963, -0.162]]",,68.97671811112178
214,Noise_Only,True,nan,stationary,0,H1,-1.3887054293719432,"{""gs_event_time"": 1238839720.1759114, ""window_s"": 1.0, ""mode"": ""noise_native""}",17.714613151550292,33.00388717651367,45.47029438018799,False,16.80139751434326,32.341657638549805,45.78947086334229,True,21.1759241104126,35.141435623168945,44.858018493652345,True,1,True,False,0.04769599701795139,0.0,,4.649,Noise_Only,1238839720.1759114,nan,1.0,nan,1.0,noise_native,50.19101102921729,0.0,64.0,0.03613633758818556,True,"[[-2.0, -0.787]]",,68.9785744509017
