sample,true_class,true_m1,true_m2,true_mc,true_q,true_chi_eff,recovered_m1,recovered_m2,recovered_mc,recovered_chi_eff,route,confidence,bucket,waveform_n_samples,waveform_duration_s,waveform_peak_strain,waveform_rms_strain
0,BNS,1.4388784397520524,1.3768201154650652,1.2252467323575564,0.9568703494523964,-0.00975801150732926,1.4014048794098295,1.380340380238063,1.210783292719917,-0.013547463387624246,BNS,1.0,match,1048576,256.0,2.1486335340830352e-20,7.422884037450191e-22
1,BBH,25.26736720530052,12.515099716121645,15.294614023196624,0.4953068364596475,0.5328911543338166,25.83701555540867,12.632118236851701,15.53132958228057,0.5250697586384079,BBH,1.0,match,65536,16.0,3.926838585787646e-19,3.077071618913431e-20
2,BBH,42.243402739666195,28.52533161281231,30.104087777034323,0.6752612186240212,0.15267328225065327,43.27628886237615,28.437171518412935,30.40616929663757,0.1489334482292621,BBH,1.0,match,65536,16.0,7.988414647328503e-19,4.9733148481827874e-20
3,BNS,1.4667210037270342,1.0204441375352393,1.0615516342975397,0.6957315910403028,-0.012876894527916329,1.5295449941026005,1.0121496611177199,1.0785977735720067,-0.026161225074251043,BNS,1.0,match,1048576,256.0,1.630470188437983e-20,6.595751354484113e-22
4,BNS,1.1894713590842856,1.0246164041901882,0.9605283996175105,0.8614048554973102,-0.013943054125278704,1.2049485888351712,1.0398474125161448,0.9739294619849411,-0.014288961537764792,BNS,1.0,match,1048576,256.0,1.4519954435146655e-20,6.080233713203934e-22
5,BNS,1.804764357496802,1.3118287887441207,1.3361111108102426,0.7268698449716836,-0.004575991503791184,1.8128351030352716,1.3296411558862518,1.3483456852341362,-0.0012628817285936947,BNS,1.0,match,524288,128.0,2.497571402280878e-20,1.1262089289673042e-21
6,BBH,36.73244203818508,29.774438724432994,28.758267252294626,0.8105760758699648,0.012933558196862871,36.53030910227628,30.664659493792435,29.114379932079405,0.01387940930363863,BBH,1.0,match,65536,16.0,7.825832952840882e-19,4.707536608871067e-20
7,BBH,30.435624791653495,24.45822390327766,23.72354284703057,0.803605119681491,0.15770636154345485,30.868557298142022,24.84630118950898,24.08089590416504,0.1496665155598762,BBH,1.0,match,65536,16.0,6.303284750762548e-19,4.178527004191274e-20
8,BBH,23.383788967608627,20.68878200327061,19.140629054964393,0.8847489186602241,-0.5576141664682784,23.616299006047278,20.747714303374995,19.262076057042997,-0.5537657979927569,BBH,1.0,match,65536,16.0,5.179253811517034e-19,3.2343378872327817e-20
9,BNS,1.7838982091064135,1.5207541945477803,1.432954162705063,0.8524893330710575,0.009397403084968682,1.760282039089816,1.5097118813475694,1.4183271270838127,-0.005693379289366252,BNS,1.0,match,524288,128.0,2.556155367398417e-20,1.1932402501826705e-21
10,BBH,12.25723005651208,8.636197201538465,8.929497001016482,0.7045798407732573,-0.1965195304236747,12.420345623649217,8.619186400224216,8.977445087700325,-0.20537260328040702,BBH,1.0,match,131072,32.0,2.3761883908162255e-19,1.3518263944246105e-20
11,BNS,1.3618126105533905,1.0317128461225527,1.0299072220514167,0.7576026526170164,-0.001824030131692875,1.3727009622199147,1.0130289586563548,1.0242227629223843,0.004315761019445885,BNS,1.0,match,1048576,256.0,1.386238417564018e-20,6.436901542441562e-22
12,BNS,1.7168901891589956,1.322142852272631,1.3093792547683436,0.7700800322705972,-0.03042629085835856,1.7052485379227142,1.3443630002255476,1.3162356148951244,-0.04601501843169063,BNS,1.0,match,1048576,256.0,2.31265988816443e-20,7.83143581632811e-22
13,BBH,31.06488060238532,9.60756148106245,14.556925747543842,0.3092740514291477,0.5335080654584494,30.735908046647307,9.65227050117787,14.524943978925355,0.5410620780766312,BBH,1.0,match,65536,16.0,3.416712425659244e-19,2.9001459842554025e-20
14,BNS,1.084444321139889,1.035112573801238,0.9222908287171083,0.9545096540440202,-0.023746193641039786,1.1025569541029316,1.0425006082122663,0.9332513347027723,-0.02036511039300501,BNS,1.0,match,1048576,256.0,1.2629915873330663e-20,5.88093798340876e-22
15,BBH,12.676683584159875,12.1018544261192,10.78200202755106,0.9546546102358386,-0.05330890237135472,12.83771573577879,12.048068291509821,10.82562152746319,-0.07671867105615625,BBH,1.0,match,131072,32.0,2.860131085223001e-19,1.585343391342868e-20
16,BNS,1.0827299999224387,1.0402612436724952,0.9238637198722952,0.9607762265264786,0.020979458954761818,1.0613019477499317,0.9959035413612778,0.8949076237887336,0.015607220078657386,BNS,1.0,match,1048576,256.0,1.3672204299341684e-20,5.891660346673546e-22
17,BBH,28.4302581112192,15.283808802919383,17.97559177307613,0.5375895196986643,-0.31527457483695537,28.519556737388566,15.235317912543751,17.971787985479118,-0.3422844826572729,BBH,1.0,match,65536,16.0,4.655151421531368e-19,3.1131953438782237e-20
18,BBH,17.655520272755375,13.345336521657124,13.336789307429042,0.7558733084887116,0.391880740589449,18.002535819949482,13.21207116593138,13.394027262673099,0.36956178421680685,BBH,1.0,match,65536,16.0,3.5179988081053357e-19,2.74502704160651e-20
19,BBH,29.968361122616752,14.26132153190313,17.75623541098032,0.4758792605825978,0.5165519846589961,29.427176167810007,14.527030777243997,17.780958886697476,0.5203930977843996,BBH,1.0,match,65536,16.0,4.521715096761702e-19,3.448945661023364e-20
20,BBH,47.12196065220335,11.933604015234835,19.758083651000383,0.25324930987727984,-0.6019884492634026,45.91758217034212,11.974795932593029,19.571495027976948,-0.5732983906339284,BBH,1.0,match,65536,16.0,4.2519592966165947e-19,2.8599003096714523e-20
21,BNS,1.893446639697863,1.4635722585664157,1.4468036192610245,0.7729672586917778,0.0014769452555502079,1.8778852640102133,1.4959549278865933,1.4572284317914135,0.020207526342825313,BNS,1.0,match,524288,128.0,2.59173426817036e-20,1.2021604064983453e-21
22,BNS,1.9368131505337791,1.2257444035570118,1.3343965147754122,0.632866625889648,-0.01026978599064418,1.9298592470725948,1.216350609269083,1.3267622613384862,-0.0009697310450726263,BNS,1.0,match,524288,128.0,2.0385587560516284e-20,1.124147307179979e-21
23,BNS,1.3103236729000947,1.2412471247333061,1.110147233582983,0.9472828358401678,0.024266045503591793,1.306040410918013,1.2496273934949025,1.1120937774555104,0.039419665503454666,BNS,1.0,match,1048576,256.0,1.708508550319853e-20,6.849820523133112e-22
24,BNS,1.1218325046285311,1.0616874437377346,0.949999523588962,0.9463867728536604,0.013924782342767452,1.1021297072437881,1.0545927505047246,0.9384943060155297,0.010282975439919236,BNS,1.0,match,1048576,256.0,1.507653604939831e-20,6.027703385407863e-22
25,BBH,10.897598820079097,5.729850286388572,6.809564358603544,0.5257901654290283,0.39188630894246385,10.826181821549286,5.844763330638572,6.860461058725236,0.40317043087158194,BBH,1.0,match,131072,32.0,1.596696997736845e-19,1.1268382379018195e-20
26,BBH,46.61637931904122,6.03456202320888,13.342258434365373,0.12945153852272617,0.10276326047961458,45.60537440495573,6.045483347202881,13.232829755265069,0.11299309788208908,BBH,1.0,match,65536,16.0,2.3636514910576707e-19,2.351395135460401e-20
27,BNS,1.5960425532343727,1.5561215432295499,1.3719270694484158,0.9749875027304735,0.013800511871263873,1.577186682618778,1.5659439381343092,1.3681165635615886,0.018484302461102997,BNS,1.0,match,524288,128.0,2.528642874971042e-20,1.1518594417984268e-21
28,BNS,1.2326407419664336,1.1234786313701839,1.0242390808988984,0.9114404490459214,0.023081439868111557,1.2871491500228986,1.1115823537051708,1.0407489538405683,0.012445914241781241,BNS,1.0,match,1048576,256.0,1.4330243349004888e-20,6.4119173690197e-22
29,BBH,44.03707842885462,22.71880818422509,27.241091967172864,0.5159018035433282,-0.4095429379523791,43.07109377809375,23.553457906243892,27.480047917875503,-0.38050148634844166,BBH,1.0,match,65536,16.0,7.030521659667247e-19,4.066658819934076e-20
30,BNS,1.1461732441926982,1.1205438400885486,0.9865702329314032,0.977639153388019,-0.027195561288435185,1.1639925148204497,1.1302873290210096,0.9985139806311195,-0.03230278616718542,BNS,1.0,match,1048576,256.0,1.3246192536958267e-20,6.214963228630912e-22
31,BBH,10.197052864940973,5.109907358889115,6.2109041597764305,0.5011160995798852,-0.6476748739746115,10.08379884478821,5.158097722216176,6.209554477942086,-0.6323478228536215,BBH,1.0,match,262144,64.0,1.4402741052357506e-19,7.00511349132365e-21
32,BBH,27.703680666000356,24.86583278966664,22.84217725725866,0.8975642294413069,-0.049435019023548694,27.64977672888978,25.90680025307659,23.297036541508067,-0.0433082877184779,BBH,1.0,match,65536,16.0,6.221081920084817e-19,3.9426395892621256e-20
33,BNS,1.049254119927594,1.0184020355823324,0.899879381994214,0.9705961751692807,-0.018413857864882078,1.0742503529466183,1.023753722497083,0.9128918584602472,-0.03032976444833701,BNS,1.0,match,1048576,256.0,1.2536383360950626e-20,5.763712257343822e-22
34,BBH,45.61939147674277,44.789564953886156,39.350794740460046,0.9818097853567453,0.4653683063627112,45.667261545017666,44.527840547802114,39.25593910080545,0.46189471856939013,BBH,1.0,match,65536,16.0,1.0732405220756678e-18,6.559092443981446e-20
35,BBH,28.14002915856865,24.84424442057222,23.009162163157065,0.882879128538754,-0.11782187637882617,28.239370452254057,24.991319361108353,23.118204342317583,-0.13833690218227496,BBH,1.0,match,65536,16.0,6.289178702880147e-19,3.928468159067741e-20
36,BNS,1.2325699405288737,1.085472199822134,1.0065466343056797,0.8806576926226006,-0.01518218384480146,1.231058209623049,1.0626143585700687,0.995144797974438,-0.006707241327314874,BNS,1.0,match,1048576,256.0,1.582033930900201e-20,6.318211960327962e-22
37,BNS,1.916348019538178,1.4406813185480338,1.4435583952929392,0.7517848031044093,-0.008277241487821833,1.983187729046696,1.453330303403327,1.4743926866023624,-0.0013585091112533725,BNS,1.0,match,524288,128.0,2.5377855047147245e-20,1.1996672461278865e-21
38,BBH,17.967002638210776,14.5293615744806,14.04967710463316,0.808669195805689,-0.12390826229406002,17.89849407714732,14.869711024761523,14.18995054702726,-0.09392123408760317,BBH,1.0,match,65536,16.0,3.8162564552937043e-19,2.7212944318747545e-20
39,BBH,8.802194847058411,8.558625571029083,7.555843499395743,0.9723285748314551,0.06781045034996096,8.81730633728325,8.710954843902197,7.629450296484056,0.07251028315416258,BBH,1.0,match,131072,32.0,1.9628101140275684e-19,1.208329705126702e-20
40,BBH,16.402250922763425,11.728193422349735,12.040525014642771,0.715035605635875,-0.3002976168722897,16.18826273143305,11.999187882802296,12.105984095902235,-0.3054999917427144,BBH,1.0,match,65536,16.0,3.224463205009659e-19,2.3800663384356582e-20
41,BBH,28.518429898090524,22.966278695381604,22.25328312828441,0.8053135736241682,0.25961193559752277,27.34162357488826,22.694769775366932,21.66670394762223,0.24804459725969266,BBH,1.0,match,65536,16.0,6.070480394324046e-19,4.038638252588158e-20
42,BBH,34.60384782682375,17.39241643564366,21.110385440879618,0.5026150999936382,0.38374155570833207,35.343312369438436,17.473422665742337,21.37257395748682,0.389271481346995,BBH,1.0,match,65536,16.0,5.385039198477074e-19,3.8841117205238614e-20
43,BNS,1.3641920177720541,1.1145165308587952,1.0723390419911911,0.8169792201826402,-0.034680749785762494,1.3914710629082536,1.0909214116212864,1.0709926682295352,-0.023051275078631726,BNS,1.0,match,1048576,256.0,1.8087364251202624e-20,6.652349787095486e-22
44,BNS,1.9361399868384623,1.7304714302383708,1.5929705084697503,0.8937739223412614,-0.006924644630269084,1.9876010616400124,1.7601245804070014,1.6276837164475666,0.007233066835515753,BNS,1.0,match,524288,128.0,2.950313582781371e-20,1.3005836266231987e-21
45,BBH,43.274015563585216,29.38337575103316,30.927254722881226,0.6790073758664326,-0.30317959840279013,42.87788571761182,29.446773583679555,30.82516205001021,-0.2986570494444396,BBH,1.0,match,65536,16.0,8.16475631405304e-19,4.602300570288163e-20
46,BNS,1.458548081798551,1.202822294519383,1.1519994403663134,0.8246709927012965,0.008056481710573282,1.4666072652847537,1.1688361684777406,1.1383340968464752,-0.01769347459150218,BNS,1.0,match,1048576,256.0,2.044212621775335e-20,7.057823425448227e-22
47,BNS,1.283908437864039,1.2376020005852943,1.097329057088941,0.9639332245874309,0.004456524439248315,1.266899861883974,1.2410237580428864,1.091567431893645,0.014763912145053999,BNS,1.0,match,1048576,256.0,1.7298277747199472e-20,6.783480920679217e-22
48,BBH,15.837262611851617,6.5499656204202825,8.700644373362652,0.41357940326876297,0.17199053661650243,15.712546964939241,6.618238172570965,8.717914191201714,0.16403803926216823,BBH,1.0,match,131072,32.0,2.0890843094511291e-19,1.3424416050500979e-20
49,BNS,1.051657917014399,1.0313008325438613,0.9066084957892732,0.9806428648126091,0.0022768112658486735,1.0173109389075228,1.0025745996601811,0.8791781682979255,0.00692803603376448,BNS,1.0,match,1048576,256.0,1.367179517942851e-20,5.80019063524013e-22
50,BNS,1.6981207839786372,1.5850114072062857,1.4280483373363149,0.9333914419754406,-0.03818175203038496,1.7440918306181974,1.587931843296803,1.448435324058819,-0.052713952418037634,BNS,1.0,match,524288,128.0,2.127887949285975e-20,1.1892431546762617e-21
51,BBH,38.05794913708227,11.381555786490763,17.50545426032927,0.2990585684345506,-0.20503149520800354,39.36772855130508,11.06692826600436,17.49664005263264,-0.21104038193100608,BBH,1.0,match,65536,16.0,3.989113595834469e-19,2.9531129293504424e-20
52,BNS,1.8841457113668172,1.6273705976507344,1.5235672645641491,0.8637180170477313,-0.036459918861848926,1.864026794478232,1.5925529252327582,1.4989884946474004,-0.03955172879451732,BNS,1.0,match,524288,128.0,2.5278260909348148e-20,1.253566482060268e-21
53,BNS,1.6364083421077769,1.3642885037658667,1.2996736626953493,0.83370908633269,0.0009262589387597642,1.6251895797711071,1.323991300941479,1.2756549379501994,0.00925382857682162,BNS,1.0,match,1048576,256.0,2.2086466350203316e-20,7.788936445397146e-22
54,BNS,1.148438989920058,1.0754593670181596,0.9673823831164098,0.9364531999153229,-0.006204920686870655,1.1961446983374604,1.0769516988516177,0.9877894797838522,0.005610240451194853,BNS,1.0,match,1048576,256.0,1.4312091414901035e-20,6.116813026268645e-22
55,BBH,24.25564461566075,16.76495907033162,17.495597607824923,0.6911776345662346,0.06970270185216308,23.851366663843024,16.23197839103453,17.066247646376013,0.03731601884980505,BBH,1.0,match,65536,16.0,4.683955666920635e-19,3.271968289339782e-20
56,BBH,23.828001987058716,13.926970948727192,15.746054334970387,0.5844791752279986,-0.23433010158428372,23.993705940977087,13.81358361329699,15.729941482226984,-0.23853291845842178,BBH,1.0,match,65536,16.0,3.982480638017522e-19,2.897134870556137e-20
57,BNS,1.316214151824043,1.2489972121942101,1.1161130445221596,0.9489316084797583,-0.0008176304746343692,1.3163810230958535,1.3138869570483769,1.1448900182331012,0.015585178223482063,BNS,1.0,match,1048576,256.0,1.8937439021353982e-20,6.877995731702934e-22
58,BBH,46.44757387828363,25.874362874062594,29.925789013743177,0.5570659716666072,0.19248789186373572,46.84730296148577,25.433703229387557,29.77499366232782,0.20611658255911122,BBH,1.0,match,65536,16.0,7.755910289162163e-19,4.912003006655066e-20
59,BBH,7.500556260809505,5.70168468347876,5.682356415627927,0.7601682442234491,-0.37673598469566466,7.640898737793305,5.492842683086776,5.624543380251001,-0.3937741750623784,BBH,1.0,match,262144,64.0,1.368261848403816e-19,6.6847468460909395e-21
60,BBH,21.751770793619666,7.573288076007188,10.879769104380255,0.3481688064784418,-0.037476309137185256,20.46209575778352,7.490967115015394,10.519786399084117,-0.007201125673750584,BBH,1.0,match,131072,32.0,2.609153046442793e-19,1.5555906819950163e-20
61,BBH,18.99326794643448,14.622681290379171,14.483280767592266,0.7698875902566426,0.10762905314593109,19.03105599242692,14.59750084256971,14.484489444248162,0.12003510172732262,BBH,1.0,match,65536,16.0,3.9074715620598967e-19,2.8502497075546437e-20
62,BNS,1.1659068678765336,1.1387486254368966,1.003075984670116,0.9767063363396252,0.027510343225148823,1.1691710769741925,1.1452074586448984,1.007326965953991,0.03943898228739551,BNS,1.0,match,1048576,256.0,1.4322293923709427e-20,6.303610416962719e-22
63,BNS,1.3925727158419199,1.031425164682183,1.040990858808077,0.7406616207173105,0.01185082944271571,1.436152388341193,1.023962381196683,1.052687927075193,-0.002572899128449589,BNS,1.0,match,1048576,256.0,1.7682754991444613e-20,6.494231265199008e-22
64,BBH,15.478352822466782,8.060300708128997,9.622529885131799,0.5207466712110022,0.03704872524311679,14.737168707505255,7.933501574647754,9.324692271722578,0.010497737388016173,BBH,1.0,match,131072,32.0,2.49720504964786e-19,1.4457486259172907e-20
65,BNS,1.637588700478459,1.413890099291938,1.3239458432430187,0.8633975667265155,0.02131553080070292,1.6442500261714472,1.3853709168022894,1.312933396253214,0.03499216780687652,BNS,1.0,match,1048576,256.0,2.4173103140476493e-20,7.910419179530159e-22
66,BBH,26.715762886428227,21.69133448066678,20.933917222157824,0.8119301916579785,0.3142777735273928,26.55168363747967,21.36443410494799,20.709697269969347,0.29297949940314216,BBH,1.0,match,65536,16.0,5.689574598605132e-19,3.880205558345937e-20
67,BBH,27.446763133916836,16.92845776417792,18.656793799754816,0.6167742870655261,-0.45284291628680595,27.630269518090817,16.945772887741388,18.72611129087777,-0.45611382962912284,BBH,1.0,match,65536,16.0,4.86348583832803e-19,3.176822450699984e-20
68,BNS,1.0248231317985725,1.02302247319941,0.8913761589821422,0.9982429567178072,-0.012206695351746859,1.0216315666072922,0.9951416455338403,0.8777606550102277,-0.01834449354565927,BNS,1.0,match,1048576,256.0,1.330676843972353e-20,5.7193036026081715e-22
69,BNS,1.6337697730692629,1.6222389325720854,1.417249441596542,0.9929421876403581,0.0049184739636107914,1.6340311281131805,1.6255186693100587,1.4187956502363614,-0.030783601549959724,BNS,1.0,match,524288,128.0,2.6006299073331876e-20,1.1826877125416879e-21
70,BBH,44.00606472178669,9.450750785608308,16.818477935594956,0.21476018920022616,0.2891723883886569,43.26899534654068,9.495254062643813,16.739484815274338,0.30971678454569374,BBH,1.0,match,65536,16.0,3.5623632866366695e-19,3.0422248723223406e-20
71,BBH,17.970271046955737,14.516981743421516,14.044813526466319,0.8078332099437516,0.11149291662314599,17.376619855014333,14.145036577664706,13.633891038533474,0.10093111229335275,BBH,1.0,match,65536,16.0,3.7417171080620794e-19,2.786117268052906e-20
72,BBH,25.923805528714386,25.46174469336889,22.3657747210168,0.982176195742801,0.1614577917085006,26.584575964886305,25.142155220858946,22.504861139575176,0.15439911886968474,BBH,1.0,match,65536,16.0,6.088812119607329e-19,4.0031295590192706e-20
73,BBH,42.01623907778442,6.368517276958213,13.168357015964771,0.1515727589318076,-0.2719101157430332,41.14708439019984,6.398484476588321,13.086626367483408,-0.2968825984748935,BBH,1.0,match,65536,16.0,2.3874470658345166e-19,2.2353549649972748e-20
74,BNS,1.7394314684765098,1.5921896574125274,1.4484721563549967,0.915350610971213,-0.03623512574858234,1.789915991604005,1.5781576128497847,1.4625593511371995,-0.03354709563392372,BNS,1.0,match,524288,128.0,2.774064363666052e-20,1.2031013165702588e-21
75,BBH,35.47793297139788,5.902368973526671,11.728219008797701,0.16636732975072505,-0.04502694523390213,36.44480785617611,5.779530516913991,11.722071471681497,-0.08682308523555386,BBH,1.0,match,65536,16.0,2.2229809067135513e-19,2.168311394018464e-20
76,BBH,18.452464300350748,12.941262100779658,13.410656242791132,0.701329745996781,-0.2454379678719346,18.382373042425773,12.653089171371969,13.230834675488568,-0.23341120965414672,BBH,1.0,match,65536,16.0,3.5004910148820695e-19,2.595539070590767e-20
77,BBH,37.29376164387054,31.075003827125638,29.611259573702643,0.8332493815955143,0.2871946900889575,37.04215916005728,30.98674881850208,29.470308571298645,0.2770348256756301,BBH,1.0,match,65536,16.0,8.025969701236906e-19,5.0529256297327485e-20
78,BNS,1.915298760285555,1.4548271444034266,1.4504392002518196,0.7595823558025612,-0.02659092535276608,1.873018896482783,1.4719143559367154,1.443368851527352,-0.03046916199423718,BNS,1.0,match,524288,128.0,2.757967444297417e-20,1.2040401659009695e-21
79,BNS,1.6345402649517973,1.217832890033867,1.2255999237270105,0.7450614194993729,0.015043647246149322,1.6339661220109223,1.1958528795225776,1.2139498594424627,0.010165496449443215,BNS,1.0,match,1048576,256.0,2.0317682014952278e-20,7.423093420790431e-22
80,BNS,1.325342730516677,1.2957576289409982,1.1408129826694413,0.9776773955185576,0.013472917148328557,1.3461464772868361,1.302816132706786,1.152842828862198,-0.006789445666091122,BNS,1.0,match,1048576,256.0,1.7940455168991378e-20,7.003629863740821e-22
81,BNS,1.3224923471686654,1.0501287148488314,1.0245561031731079,0.7940527724769527,0.011270626750628433,1.3336062712922905,1.058271478878358,1.032825701674506,0.01664613881487081,BNS,1.0,match,1048576,256.0,1.6453345077456778e-20,6.411301964111101e-22
82,BBH,49.761578702076115,35.19604805801857,36.32389041651607,0.7072936385064919,0.5616958125389555,49.32824743742865,34.858797293455225,35.991156164389906,0.5833413482467306,BBH,1.0,match,65536,16.0,9.711305200772557e-19,6.233827284958961e-20
83,BNS,1.6529221265639984,1.6237687802640854,1.4261948144909489,0.9823625409622199,-0.0026792903327809846,1.6843955375430186,1.5506414669717883,1.4066868736904907,-0.018659412538629006,BNS,1.0,match,524288,128.0,2.775992443083326e-20,1.1886421224132072e-21
84,BNS,1.0655304339183824,1.0298240696972407,0.9118971032960768,0.9664895876414951,-0.008393707876981028,1.0603080422783915,1.008592934087053,0.9002038067786879,0.0013329467649655562,BNS,1.0,match,1048576,256.0,1.2770083816304957e-20,5.827358142972672e-22
85,BNS,1.6981897256099134,1.1445396150828242,1.2089911464440093,0.6739762924144161,-0.016086556816627833,1.7201807625949643,1.144227229206254,1.2163115859430609,-0.015957646407849916,BNS,1.0,match,1048576,256.0,2.0592341646332885e-20,7.33487389263399e-22
86,BNS,1.508167355812875,1.2487489403118646,1.1936309886380623,0.8279909623417167,-0.012241113346562967,1.4975814572867567,1.2232175119436883,1.1770561899028604,-0.0031903038997122095,BNS,1.0,match,1048576,256.0,1.7189007428223848e-20,7.264161460062152e-22
87,BNS,1.2424828530283327,1.1163586464295,1.024983170547962,0.8984901833522875,-0.0032080105878648,1.2495050426436574,1.133490671148366,1.0357833504682816,-0.025923867285979632,BNS,1.0,match,1048576,256.0,1.4496384148327624e-20,6.413900593285976e-22
88,BBH,11.770430520086332,5.320742510904295,6.784289627881538,0.45204315184770905,-0.19004225506270614,11.807653114141837,5.403508511118279,6.850805203034081,-0.18584519056387136,BBH,1.0,match,131072,32.0,1.6211173349963796e-19,1.0807655574555942e-20
89,BBH,32.906717898273335,11.743348859428282,16.68328219760659,0.3568678254613923,0.1195693536450119,31.682696317064984,11.766608868474654,16.416762072456336,0.1431426847677656,BBH,1.0,match,65536,16.0,3.9487906032913503e-19,3.069103428576646e-20
90,BNS,1.7729373881352841,1.6612413978834426,1.493864153111806,0.9369994727398018,0.0075721725282282895,1.7369443513040281,1.7293109519106773,1.5087708631021648,0.037806152491267314,BNS,1.0,match,524288,128.0,2.5513847917791355e-20,1.2346030760242529e-21
91,BNS,1.8131593458201127,1.2589092183630912,1.3109075087353588,0.6943180263032382,0.021787816232672397,1.858476190981857,1.2749067101396903,1.3352990848127348,0.03580687641184257,BNS,1.0,match,1048576,256.0,2.1456281702598495e-20,7.841305787171042e-22
92,BBH,20.591539493323143,5.296771667418093,8.709621809380847,0.2572304838662298,-0.35199684562097305,21.284163360060347,5.479933538112118,9.007175113805141,-0.3292003181186085,BBH,1.0,match,131072,32.0,1.8548417168480416e-19,1.2518519750271073e-20
93,BNS,1.5938305480284476,1.0748382915854195,1.1350427758788975,0.6743742569842094,-0.013501327587828035,1.6064852853966858,1.0761363937482895,1.140077977424708,-0.02960242304065859,BNS,1.0,match,1048576,256.0,1.6025538544210806e-20,6.966167342046163e-22
94,BBH,49.688806186872796,31.126811547940992,34.05154800266822,0.6264350854169713,-0.12218721856737393,49.7327433926064,31.000490240637536,33.99351842254466,-0.13812724448642727,BBH,1.0,match,65536,16.0,8.917962568622325e-19,5.049455307162467e-20
95,BNS,1.0505196963720052,1.0300373750737957,0.9055624026471928,0.9805026775138576,-0.002262755458901852,1.0275099798344485,1.0129802677250457,0.8881479463473498,0.01833221091433867,BNS,1.0,match,1048576,256.0,1.2181048334168007e-20,5.794448573237405e-22
96,BBH,16.41490279528228,11.971881701143907,12.173548745103838,0.7293300393216268,-0.02052869030254743,16.53941969320819,12.280117216710666,12.379305148513557,-0.010128551601791148,BBH,1.0,match,65536,16.0,3.2435128369656344e-19,2.4636940241651485e-20
97,BBH,49.25376841968219,23.55438315892939,29.259757242366415,0.4782249950547312,-0.2365713355477094,48.684499168275075,23.67351407546691,29.180634750557722,-0.2504021410357775,BBH,1.0,match,65536,16.0,7.470736534611455e-19,4.4025682680451056e-20
98,BBH,22.77532580182504,17.13311029449933,17.161986006192752,0.7522663097590644,-0.003120627979726105,22.556117334119616,17.62578211230886,17.331715553208344,-0.022600449353150368,BBH,1.0,match,65536,16.0,4.632172966143367e-19,3.1890363646887774e-20
99,BBH,38.00727070532734,33.99245555417663,31.281197080147006,0.8943671808934186,-0.08929684640254885,38.93023153564216,32.17533144075814,30.78259962694527,-0.07516101868294363,BBH,1.0,match,65536,16.0,8.440703796827094e-19,4.907488326461996e-20
100,BNS,1.90397329087804,1.7824544568636915,1.6035644920620646,0.9361761876615882,-0.00395117889276811,1.9583311679431752,1.8479556182377854,1.6559465022759654,0.010951734165381592,BNS,1.0,match,524288,128.0,3.0040189048102703e-20,1.307769756698824e-21
101,BNS,1.3771446803556806,1.2712848955946603,1.1516905086438067,0.923130963455721,0.015095210941585764,1.3872109048717982,1.3521094689523694,1.1922409746742908,0.01606579615545534,BNS,1.0,match,1048576,256.0,1.7583199794558172e-20,7.058174557682034e-22
102,BNS,1.9353813695664948,1.4374219837078128,1.4488128827292774,0.7427073579972407,-0.022634772124536205,1.9461643822656167,1.4378240370149369,1.4529323120461435,-0.01517532678214666,BNS,1.0,match,524288,128.0,2.7572898499141714e-20,1.2029065216074275e-21
103,BBH,20.27649893940062,19.587504270420602,17.348704998259922,0.9660200377274606,-0.523982630489015,20.252811428917628,19.620403835641724,17.353205313895646,-0.5230138866728575,BBH,1.0,match,65536,16.0,4.712853217411372e-19,3.03782817960993e-20
104,BBH,28.490553561493055,16.00336620030195,18.436870488737586,0.5617078013510978,-0.5082025901824282,27.91624500018304,16.235185418699295,18.399227815777447,-0.5240763932029274,BBH,1.0,match,65536,16.0,4.734175951036782e-19,3.119441499644163e-20
105,BNS,1.110692074029616,1.0279426965612766,0.9300584055268348,0.9254974628853496,0.00206954132340698,1.1100704761760163,1.032579948354517,0.9319106595462232,0.0012389375952850342,BNS,1.0,match,1048576,256.0,1.3467827029717938e-20,5.922885910144086e-22
106,BNS,1.0718221405028845,1.009896626697796,0.9056395407617692,0.9422240766774664,-0.007501269636172057,1.018194594865626,0.9754794938204492,0.8675580141737831,-0.02136453909109094,BNS,1.0,match,1048576,256.0,1.3706141553711517e-20,5.794484065662658e-22
107,BBH,12.439009551528102,6.883969893039849,7.9865651688475925,0.5534178476608831,-0.1492676392548656,12.270829837080726,6.765246475614705,7.86283291460062,-0.15496880463169874,BBH,1.0,match,131072,32.0,1.9913657264325667e-19,1.2363678107620764e-20
108,BBH,39.20067372848157,31.41499253467585,30.51252041430066,0.8013890973473508,0.053876603071245754,40.81597525580361,31.273353988784212,31.047639443751216,0.027022218691361656,BBH,1.0,match,65536,16.0,8.271633166230541e-19,4.926615025387956e-20
109,BNS,1.846478536067957,1.15193618663532,1.2626566508413941,0.623855714612501,-0.007248958752634499,1.823502149980872,1.1746847409842969,1.2680162641599284,0.018113458895642358,BNS,1.0,match,1048576,256.0,1.9205456663619195e-20,7.597545070212333e-22
110,BBH,16.178288173954318,7.736405838303381,9.610591566752694,0.47819681261200075,-0.13890464121835033,16.216865580736453,7.64798657678963,9.562174628767519,-0.13287384926383264,BBH,1.0,match,131072,32.0,2.3275206696287746e-19,1.416991696391656e-20
111,BBH,28.838554978212407,17.791006091207663,19.605238806784897,0.6169173907863555,-0.28955222042300033,28.842025225603248,17.95052881497893,19.698195782497084,-0.2635551238790612,BBH,1.0,match,65536,16.0,5.122657526274198e-19,3.3845037054290056e-20
112,BNS,1.5544165520399336,1.1151618834023658,1.1430221862516619,0.7174150853829282,-0.03400234068903377,1.5813380717419958,1.1198814655657658,1.1550641211992017,-0.019484678220277593,BNS,1.0,match,1048576,256.0,1.843230035487696e-20,7.006398696062737e-22
113,BNS,1.4650141319892729,1.1862154882117566,1.1463408635275656,0.8096955942677844,-0.012231623813340508,1.3791468884742208,1.1952991880260628,1.1171603903845762,-0.06790655936768375,BNS,1.0,match,1048576,256.0,1.7689918076331565e-20,7.027529746265637e-22
114,BBH,46.42996362231055,19.143653782752256,25.46525775402258,0.41231248722222424,-0.5832955490546075,45.980493594290124,20.002407581211163,25.96015370615144,-0.5756086273948071,BBH,1.0,match,65536,16.0,6.21731571833502e-19,3.630181158388402e-20
115,BNS,1.2119546110805426,1.195800133485224,1.0480078176513619,0.9866707239300688,0.0037827255403121273,1.2110914391619516,1.1631609684877144,1.0332006610516835,-0.006234804308021168,BNS,1.0,match,1048576,256.0,1.64679611274618e-20,6.532625184004063e-22
116,BNS,1.1290300571820417,1.0196547241219842,0.9338145622625127,0.9031245161594292,0.0018697103130149678,1.1429580926049707,0.9992674981874792,0.9299384413297829,0.0012545522111944442,BNS,1.0,match,1048576,256.0,1.3263244530369735e-20,5.942390504709966e-22
117,BNS,1.6599513011292788,1.395769730945905,1.3241059377632929,0.8408498068565934,0.019079109873029628,1.6091330454704447,1.4021758035908978,1.3070301121789731,0.030850103788184938,BNS,1.0,match,1048576,256.0,2.0681649567967795e-20,7.910495707206901e-22
118,BBH,25.233470979020627,23.058123768421684,20.994535306477204,0.9137912016778211,0.5844133320816375,25.080748040655113,22.835479063740706,20.8292601648119,0.6072752952429616,BBH,1.0,match,65536,16.0,5.634937838561134e-19,4.0334772690304914e-20
119,BNS,1.3663354885565364,1.270542682736292,1.1468588012259702,0.9298907137942786,-0.0020402682181533275,1.3872902346196494,1.2736219178721204,1.1569606939882546,0.007158179951811514,BNS,1.0,match,1048576,256.0,2.0284647805028526e-20,7.032530805948561e-22
120,BNS,1.3423624333000541,1.1397375101032126,1.0760709963209223,0.849053490942301,-0.0204244902056376,1.3514961351476928,1.1550117990448,1.0869934336567837,-0.017548063474046468,BNS,1.0,match,1048576,256.0,1.6682141742863755e-20,6.672896735203586e-22
121,BBH,5.8894900404211254,5.290460164287512,4.85796867801407,0.8982883285272046,-0.044107083645720704,5.694536689628395,5.179884921977401,4.72700292148571,-0.05140019861276838,BBH,1.0,match,262144,64.0,1.3398793294237375e-19,5.99517349325407e-21
122,BBH,11.239452330503878,6.769014307903807,7.545134777972899,0.6022548171259821,0.4212642344732327,11.331577278700474,6.852426795569861,7.6232990667882365,0.39260697503644465,BBH,1.0,match,131072,32.0,1.9738993680163633e-19,1.2264513362505078e-20
123,BNS,1.6100604828871738,1.1556306575304287,1.1842298712527757,0.7177560531503402,-0.00019591829581862318,1.6483037469639334,1.1603173187772817,1.2002446600938774,-0.0019163260546806674,BNS,1.0,match,1048576,256.0,1.777568889438972e-20,7.215296231094723e-22
124,BBH,44.379842599513026,29.030660711684302,31.108134376200137,0.6541406866549556,0.22160856663655423,44.98110192189821,28.476295965815954,30.995671182703692,0.2328123235829492,BBH,1.0,match,65536,16.0,8.239952350715228e-19,5.121251474742866e-20
125,BNS,1.6322025001148623,1.2112259782878694,1.221324495666722,0.7420807027330446,0.0028954345336193784,1.6499149809055347,1.188076417722624,1.215573853210443,-0.002904970572265183,BNS,1.0,match,1048576,256.0,2.0636878646450685e-20,7.400644670094239e-22
126,BBH,39.316554138318835,21.49279778652082,25.079967254237143,0.5466602620084001,-0.1919550473876511,39.43437988595378,21.66954248430908,25.224411161768266,-0.18768440731870956,BBH,1.0,match,65536,16.0,6.556606799849385e-19,4.038083529498672e-20
127,BBH,23.449207470126943,9.037730981860578,12.398546932469575,0.3854173320515916,0.5255033584908348,23.147009504350876,9.026840182281875,12.317364129677573,0.5128011722730121,BBH,1.0,match,131072,32.0,3.0472044014497333e-19,1.818447852786298e-20
128,BNS,1.1383290701160491,1.1071131651681243,0.9772721616990788,0.9725774332155618,-0.02490236724292996,1.1020665899449493,1.0868999804223525,0.9527755958094056,-0.009424393255050042,BNS,1.0,match,1048576,256.0,1.5682782396919023e-20,6.167021299836646e-22
129,BBH,32.885083668643766,31.0140163721368,27.799387640587657,0.9431028573513698,0.06171407750724886,32.78560783828497,31.282346200303408,27.87798394437563,0.05918479632889962,BBH,1.0,match,65536,16.0,7.563415033447543e-19,4.630491810843721e-20
130,BNS,1.111844802380677,1.093114073348452,0.9597225399755064,0.9831534680090971,-0.02011238133938811,1.0985896354838864,1.0933000257539265,0.954072055799975,-0.010269438738506779,BNS,1.0,match,1048576,256.0,1.5387164414992938e-20,6.076345539058679e-22
131,BBH,49.64189024876247,49.61608318379484,43.20454058929708,0.9994801353284836,-0.3105855862047218,50.58227057923232,50.13290479286911,43.83830269927036,-0.28544397817063805,BBH,1.0,match,65536,16.0,1.176662242464639e-18,5.863927401626074e-20
132,BNS,1.0514191545569294,1.0345672686922045,0.9079427724204221,0.9839722476124888,0.006864721523242966,1.0229085789717622,1.0181259369323437,0.8884089469090483,0.028437924912127675,BNS,1.0,match,1048576,256.0,1.3325921054063828e-20,5.807443292890406e-22
133,BNS,1.7488207796670547,1.6000970606670475,1.455975546108664,0.9149577128032973,0.018322295408467356,1.7523894687228687,1.6026248529238778,1.458608127131948,0.026709116239842245,BNS,1.0,match,524288,128.0,2.6804493413628493e-20,1.2091664756014878e-21
134,BNS,1.067518480187415,1.0035654552296382,0.9009757943110706,0.9400918802393482,-0.02883108025240693,1.0624834361415656,0.9998688068917622,0.8971943792678024,-0.01442774126503538,BNS,1.0,match,1048576,256.0,1.1412057600015143e-20,5.768831637443007e-22
135,BBH,12.560038186004201,6.110295443389011,7.530112869470604,0.48648701165556846,0.5575528293980715,12.493953940866307,6.026480193747445,7.456378541755399,0.575234659814086,BBH,1.0,match,131072,32.0,1.8190236209669314e-19,1.2295432403194725e-20
136,BBH,16.58533816957835,13.715984888464483,13.118327807685931,0.8269945869191273,0.1849132762413087,17.155474096973617,13.079669974959687,13.016592165914885,0.14960380906121687,BBH,1.0,match,65536,16.0,3.521742872030906e-19,2.6580598264717284e-20
137,BBH,38.81708647571282,9.021201522321551,15.510195285759387,0.2324028499141985,-0.6351799127810313,39.608212618974726,9.207073529105752,15.828251628226829,-0.628556882490723,BBH,1.0,match,65536,16.0,3.1839977711953637e-19,2.455017575733617e-20
138,BBH,34.40929215621395,18.19681717639549,21.56728441853807,0.5288343943195396,0.09552438355579469,35.42295795217415,17.304855735480146,21.284513659085253,0.05501809498604677,BBH,1.0,match,65536,16.0,5.547160823354223e-19,3.776071463791442e-20
139,BNS,1.6560738790950633,1.189660186788063,1.2186043340348962,0.7183617843414902,0.016436538020516762,1.6275615307382787,1.2481301788759929,1.2385966904199428,0.03298813326843394,BNS,1.0,match,1048576,256.0,1.7636868076230244e-20,7.387656734172631e-22
140,BBH,32.07013036052071,18.16128286734714,20.842666016000255,0.5662990035645201,-0.2920314149020905,32.0157070082895,17.5800470459379,20.47109050501511,-0.30261190853548475,BBH,1.0,match,65536,16.0,5.327722783540324e-19,3.494368299950229e-20
141,BNS,1.270696761495107,1.1412816398017156,1.0480600560638385,0.8981542051455919,-0.006726696083023413,1.2503602332674575,1.155727022172606,1.0463379513850273,-0.01988121203653073,BNS,1.0,match,1048576,256.0,1.7115538064119944e-20,6.531748218343556e-22
142,BBH,34.083084345285165,10.001137419429357,15.513019368121135,0.2934340483423077,0.47185770282434336,34.76986583701153,9.949800757681833,15.606687272898613,0.4950671745963761,BBH,1.0,match,65536,16.0,3.6259073819438632e-19,3.0165344787766386e-20
143,BBH,31.35970963196251,10.152967629547485,15.07102783602423,0.3237583430683094,0.10510921784420982,30.69596190269698,9.884413283246376,14.708083071550623,0.10054487568965013,BBH,1.0,match,65536,16.0,3.482435851722561e-19,2.8341514372101114e-20
144,BNS,1.860281886218941,1.275631910649966,1.3363175008647201,0.6857196858712163,-0.026350831179065608,1.9451714924709063,1.283222202973485,1.3694890332302259,-0.019268853294850098,BNS,1.0,match,524288,128.0,2.4528874966667364e-20,1.1257299867433592e-21
145,BNS,1.8883654530628404,1.8258837088906006,1.6164463293835594,0.966912260510328,-0.03964466811679621,1.819983257783936,1.743726837916837,1.5507687234259129,-0.038889731466006806,BNS,1.0,match,524288,128.0,2.6154024042199294e-20,1.31556231492694e-21
146,BBH,41.89139862071109,24.407108595973497,27.63655885996492,0.5826281623337024,0.23363748468702666,42.33037938630683,24.76282474490318,27.985669461549705,0.22905685662551364,BBH,1.0,match,65536,16.0,7.397639239795424e-19,4.7107233942617e-20
147,BBH,41.27859344501264,11.179738911675571,17.969294853209888,0.2708362368637425,0.6021429607028365,41.35000998692697,11.252856610767687,18.04850191538967,0.5891791539028952,BBH,1.0,match,65536,16.0,4.182143966561732e-19,3.4412027241397724e-20
148,BBH,13.694374510030874,5.8979852480556385,7.690068002158803,0.43068672057533364,0.4525025332203216,14.155487711497614,5.835351416236963,7.762987851684955,0.4717422264113833,BBH,1.0,match,131072,32.0,1.9561633932994827e-19,1.241015612371375e-20
149,BNS,1.9267693914889934,1.8644716005028363,1.649966126779471,0.9676672303071964,-0.013911150172333329,1.9640446426896443,1.9210319371645836,1.6909534313158063,-0.01899889263075829,BNS,1.0,match,524288,128.0,3.177500237792884e-20,1.3383017830427924e-21
150,BNS,1.320715546694076,1.110881244379146,1.053677830157891,0.8411207448567007,-0.025113187920850634,1.3079777080592008,1.1330841241505971,1.0592579742592403,-0.01688959963353568,BNS,1.0,match,1048576,256.0,1.744981723476865e-20,6.558489166146583e-22
151,BBH,30.320258475868577,24.130456504166663,23.516806462276246,0.7958525987953473,0.015590534899041365,30.721748141080948,24.44427261108639,23.825361236705692,0.035769697964882156,BBH,1.0,match,65536,16.0,6.373585716500598e-19,4.0508263699423945e-20
152,BBH,22.66181304192247,21.317756143790668,19.13248983293083,0.9406906722050257,-0.31908058788066224,22.389984844163916,22.008481419509824,19.32469875623943,-0.32766802346026186,BBH,1.0,match,65536,16.0,5.219148690116019e-19,3.3465446480886536e-20
153,BBH,38.45569825500734,33.509117266398064,31.235622820989466,0.871369362329413,-0.02857410030867818,38.502205382902346,33.676961955285535,31.333487380667457,-0.04298781438653519,BBH,1.0,match,65536,16.0,8.354210546209809e-19,4.971573149581426e-20
154,BBH,30.42850597838175,11.874387777433013,16.19798896265981,0.39023893535454207,-0.267156286852005,29.13273976436814,11.935574222736191,15.923312325660778,-0.254560913503149,BBH,1.0,match,65536,16.0,3.862415483506652e-19,2.84881158375314e-20
155,BNS,1.8556421217024035,1.1605264133125608,1.2705695116509896,0.6254042197791191,0.020349872687343493,1.778284032955126,1.17478395468517,1.2529126439872196,0.027801614658759355,BNS,1.0,match,1048576,256.0,2.096600201859886e-20,7.639302829809534e-22
156,BBH,32.324514372233246,16.612355331536243,19.954952363447426,0.513924359086621,-0.18215238650962262,31.561655329777018,16.879671486318813,19.900823671947016,-0.18744925469441565,BBH,1.0,match,65536,16.0,5.112163066155566e-19,3.43545141053652e-20
157,BBH,18.670847828447485,16.95289056955203,15.484485518731143,0.9079871854411494,-0.38361226001945076,18.116302931095674,17.356509586972617,15.43618785750701,-0.3862205948934922,BBH,1.0,match,65536,16.0,4.1886102949486547e-19,2.8519514281052184e-20
158,BNS,1.618714778169642,1.0248073751391442,1.1154521719576576,0.6330994125462565,-0.0014809738293220253,1.5672753388069651,1.022269761580348,1.0969372711523704,-0.00728340701337008,BNS,1.0,match,1048576,256.0,1.6627858766803537e-20,6.866636183849105e-22
159,BNS,1.0968101493049716,1.0917101708641381,0.9526056948962587,0.9953501720930781,0.010651113348165037,1.1376004048565944,1.1019406475417757,0.9746685644393108,0.04373602521920843,BNS,1.0,match,1048576,256.0,1.4247342286469736e-20,6.041168233101106e-22
160,BBH,24.306175461083573,13.32243579768285,15.526605576629695,0.5481090934694065,-0.46005659879954736,23.804302999027577,13.937890878001468,15.745124156538964,-0.44918088175213133,BBH,1.0,match,65536,16.0,4.0368128358613786e-19,2.7726481955925134e-20
161,BBH,18.579419001361888,17.262068067786977,15.588264570709935,0.929096225588198,-0.041400751807794435,18.09937056212376,17.38380956371841,15.441182264409262,-0.005496424013905581,BBH,1.0,match,65536,16.0,4.2289597998343873e-19,2.9672579387647906e-20
162,BBH,46.20851860454193,28.38369614430951,31.34266323358582,0.6142524582365559,-0.13533518507588602,47.0553464899909,27.39979853350881,31.033793382282493,-0.12819083307411042,BBH,1.0,match,65536,16.0,8.162412195495924e-19,4.791968600805736e-20
163,BBH,17.872128582817787,17.413535766465913,15.357420855163952,0.9743403358907812,-0.0387659839891053,18.21512708807897,16.885991037151797,15.265501135912713,-0.041645109116604906,BBH,1.0,match,65536,16.0,4.198932361764532e-19,2.938175640590514e-20
164,BNS,1.1269352567909197,1.1010136258707468,0.9696923100113004,0.9769981187792565,0.004459832703518152,1.1334992358215294,1.1334629503129272,0.9867526039034991,-0.01195098908687218,BNS,1.0,match,1048576,256.0,1.4476808263570226e-20,6.129557021044054e-22
165,BBH,25.53817360558304,12.934747919483641,15.643634094360694,0.506486803608223,-0.20535335370516372,26.175993461245852,12.653658292259298,15.640076261925207,-0.20728094656406387,BBH,1.0,match,65536,16.0,4.0289354137537804e-19,2.8777885465549766e-20
166,BNS,1.6122210085939526,1.0215354752912285,1.1114545139452918,0.6336199998920299,-0.03237442743335726,1.6722703585370382,1.033848092354691,1.138121357131134,-0.03026044530730491,BNS,1.0,match,1048576,256.0,1.6720034785086204e-20,6.8440207238830655e-22
167,BBH,48.97367284614608,15.393636459328638,23.155239106570537,0.31432472928237853,-0.6814314350056514,48.49210922134027,15.214869727259343,22.904783206924307,-0.6696884891428733,BBH,1.0,match,65536,16.0,5.306839027036049e-19,3.2122026432069914e-20
168,BNS,1.6259895566990807,1.1263667913471185,1.1741879562896793,0.6927269530769645,0.022577721213363777,1.575000787044144,1.1547723498917477,1.1712267420286322,0.030900736010449185,BNS,1.0,match,1048576,256.0,1.7543961768585012e-20,7.166176773382127e-22
169,BBH,15.16680310625521,9.451448989960747,10.365351241529641,0.6231668548570204,0.36458148756222813,15.100910578830593,9.4118646530245,10.321166612467163,0.3801193612778437,BBH,1.0,match,131072,32.0,2.726599105338926e-19,1.579934890837283e-20
170,BNS,1.6728533946848936,1.2925295715128116,1.2779764893845729,0.7726496390057411,-0.005635530115839539,1.6977956022151774,1.2855259191131387,1.2836296284300663,-0.02393644656523824,BNS,1.0,match,1048576,256.0,2.390655220690748e-20,7.680268839066271e-22
171,BBH,27.394146606442046,16.634869869386534,18.46964351932134,0.6072417625696234,-0.030128864322400764,25.77481349870467,16.219890593503035,17.70545802649437,-0.022467950069427856,BBH,1.0,match,65536,16.0,4.780288034626102e-19,3.3498389484626597e-20
172,BBH,31.683048401732723,11.082875100266357,15.88795748046839,0.34980456929959564,-0.023128121035154457,33.15680427609191,11.41900542490371,16.485446672315472,-0.02792887446271927,BBH,1.0,match,65536,16.0,3.795557826527026e-19,2.916262921214796e-20
173,BNS,1.0603308185742217,1.0496048162786529,0.9183885872583544,0.9898842869530176,0.021463087406596543,1.0914447685054431,1.0472073112291191,0.9306633892715568,0.04571910308831917,BNS,1.0,match,1048576,256.0,1.385754844566059e-20,5.863049256944415e-22
174,BNS,1.6625295943662,1.4451232830557104,1.348708421611678,0.8692316142538379,0.01863759786232144,1.6778150894645758,1.4736949092002471,1.3683187233189624,0.006882485941162685,BNS,1.0,match,524288,128.0,2.577053743803868e-20,1.1358544132695032e-21
175,BNS,1.4597094644535922,1.0990651562350675,1.1004428961815935,0.7529341851917611,-0.001854721052606775,1.492554209662456,1.098770259756017,1.1122383015553436,-0.029173282163548052,BNS,1.0,match,1048576,256.0,1.8733512967434632e-20,6.795843803785347e-22
176,BBH,9.982591637024946,9.763590090343088,8.594390450831925,0.9780616542632485,-0.5187116323256454,10.072430637568313,9.873589249190001,8.68149172033197,-0.5142490109843968,BBH,1.0,match,131072,32.0,2.1803164185098566e-19,1.2922812163036623e-20
177,BNS,1.7081575538426352,1.1240554424136713,1.2010586431281303,0.6580513840102278,-0.009440481655755789,1.719375638507279,1.1280737374649565,1.2070736019467532,-0.01707155369295904,BNS,1.0,match,1048576,256.0,2.04556124731494e-20,7.295290117268048e-22
178,BBH,36.726268843588684,7.218669740905668,13.349918575465434,0.1965533109733752,0.0489307363089688,35.88150186256166,7.32146028074738,13.322271776096963,0.029891459059205778,BBH,1.0,match,65536,16.0,2.7128163420181447e-19,2.4499016082218038e-20
179,BBH,15.833888204642127,8.908981285451523,10.255559524733664,0.562652784351453,-0.3501116475075147,15.991821562149719,8.533522541707386,10.071467213462403,-0.34241703081286157,BBH,1.0,match,131072,32.0,2.5701404659329366e-19,1.4768955153862904e-20
180,BNS,1.130890330850495,1.0574375177332342,0.9518809735210558,0.9350486858774184,-0.016499410655941467,1.0928397958186709,1.0618849157501753,0.9377822609364717,-0.010755454540719233,BNS,1.0,match,1048576,256.0,1.3851330866517185e-20,6.035670769226799e-22
181,BNS,1.6429984233408326,1.5575904066229924,1.3925418925727349,0.9480169819371016,0.031131412005674413,1.6353050655684396,1.5517219004352514,1.38666149247349,0.03727246438579636,BNS,1.0,match,524288,128.0,2.2535299182987757e-20,1.166246050781788e-21
182,BBH,5.711249994806023,5.339408947943911,4.80681024665737,0.9348932287677346,-0.07631779689696143,5.74659024687506,5.444219383057541,4.868948800552801,-0.06919715092712156,BBH,1.0,match,262144,64.0,1.20088315751564e-19,5.9414596423157225e-21
183,BNS,1.2251776661055453,1.1785670103722066,1.046054576929184,0.961956002771827,0.04199054355292331,1.2623340860965568,1.1724172518841915,1.0589195909652198,0.052853096843332524,BNS,1.0,match,1048576,256.0,1.678538511990891e-20,6.525248107043621e-22
184,BBH,32.2834729186722,30.613870457412197,27.366082538224596,0.94828305909138,-0.08319554095136611,32.63936058360295,30.85603174835037,27.62489186791909,-0.10660804487450354,BBH,1.0,match,65536,16.0,7.444825101835267e-19,4.4777155077382784e-20
185,BNS,1.9492935230092574,1.3824510029087982,1.4248916911762801,0.7092061747451016,0.027072267847728624,1.920888009014997,1.4037831414835054,1.4260393246282104,0.035079111625514414,BNS,1.0,match,524288,128.0,2.7745128354486473e-20,1.1873452656532239e-21
186,BBH,11.302493211027079,9.271253941653862,8.90276601494073,0.8202839646573312,0.08553297273803064,11.158993781505918,9.05551672060716,8.74158767151463,0.09632894167069961,BBH,1.0,match,131072,32.0,2.4228955208722074e-19,1.377139372709067e-20
187,BBH,24.463201695906474,9.924866373954687,13.300293447479412,0.4057059454983546,0.43944551277043287,24.45687122203018,9.636330801662723,13.087418791238614,0.42153789196675717,BBH,1.0,match,65536,16.0,3.3235655620796114e-19,2.7053409492940008e-20
188,BBH,49.733499760357034,6.728695224380106,14.601463124639253,0.13529502763333784,-0.40791915710855026,50.28076967444261,6.6340804730391785,14.5500495419778,-0.41510541422157965,BBH,1.0,match,65536,16.0,2.5407042081913205e-19,2.2352358623894083e-20
189,BBH,21.71944437828627,8.157240028737125,11.323187315015067,0.37557314481268306,-0.39347954281562236,21.117189270214112,7.927210802711077,11.00630211605021,-0.4000228838144525,BBH,1.0,match,131072,32.0,2.6670556092947777e-19,1.548990658037745e-20
190,BNS,1.4118434403009736,1.1661188650946672,1.115995142809621,0.8259547991001585,0.011689867095796678,1.3816979351063294,1.1648376534180538,1.1036138843463983,0.03520577934701853,BNS,1.0,match,1048576,256.0,1.6613138170080623e-20,6.877124430743168e-22
191,BBH,14.025311209469931,6.67306952758282,8.309131260494484,0.4757876262365675,-0.14783550341105042,14.080083705154099,6.64401702569522,8.304747739671877,-0.15069979257106747,BBH,1.0,match,131072,32.0,2.0472736020892647e-19,1.2729755097144618e-20
192,BBH,16.462775755286035,6.547911413513409,8.85477636186637,0.3977404242666028,0.4634208878917139,17.422306878144145,6.315200391567329,8.90858349909435,0.4801823313822132,BBH,1.0,match,131072,32.0,2.236782830108438e-19,1.38872423250037e-20
193,BNS,1.1619415702496312,1.1035212038998894,0.9857064471580771,0.9497217692820898,0.00042946487547801957,1.1664132121642061,1.1285060779836582,0.9987581043507557,-0.00802402250295935,BNS,1.0,match,1048576,256.0,1.6259579754768272e-20,6.212167395193473e-22
194,BBH,44.03405927671626,16.936624255414632,23.25654158377011,0.38462554971329094,0.2529565187000901,44.019054328135546,17.03250878168735,23.324494503087017,0.2590175094064061,BBH,1.0,match,65536,16.0,5.64619470556142e-19,4.0154830537989616e-20
195,BNS,1.4412227484805582,1.3868103379128465,1.2306994601948769,0.9622456621468977,0.013402368452488609,1.45572285216971,1.3198521434199182,1.2064012978929277,0.005690234001321823,BNS,1.0,match,1048576,256.0,2.109251683631987e-20,7.452069811315636e-22
196,BNS,1.505276922293096,1.294396743613113,1.2144756357476165,0.8599060574457396,0.007624120246185221,1.4900253753527577,1.3273490498306586,1.2238786847554728,0.010007550889196784,BNS,1.0,match,1048576,256.0,2.1132710477569543e-20,7.370116268188372e-22
197,BBH,28.539072467569174,9.437826837491622,13.876604635760215,0.3306984432733911,0.5381362323623223,28.96818394395598,9.462105003841522,13.989773710811544,0.568095126501628,BBH,1.0,match,65536,16.0,3.283497180924484e-19,2.7976565420327355e-20
198,BNS,1.473932737638078,1.467595663033317,1.280371037579558,0.9957005673034198,-0.024725178296826043,1.4758716071964062,1.473991675975566,1.2840022585118935,-0.03258490593913674,BNS,1.0,match,1048576,256.0,2.0385965998436775e-20,7.693347745760742e-22
199,BBH,49.09903429505712,43.96281255715529,40.43344244859029,0.8953905751580351,0.0365085491624625,47.51308551375542,44.831985377021574,40.17519376957137,0.04302208649641606,BBH,1.0,match,65536,16.0,1.1006877194937915e-18,6.067081560689089e-20
200,BBH,14.907105101853485,12.053044573382472,11.656001263973868,0.8085436099785631,0.05305462424181358,14.716442216634459,12.207375048830029,11.658099119615798,0.04872974432460152,BBH,1.0,match,131072,32.0,3.1295716734555874e-19,1.6955413576331828e-20
201,BNS,1.396436235364812,1.3746910290256995,1.2061586357684868,0.9844280706928006,-0.010244861868046462,1.3921003019207479,1.3366959703059726,1.1874837553982147,-0.028343869111901898,BNS,1.0,match,1048576,256.0,1.9905583979616273e-20,7.328186252813799e-22
202,BBH,40.06714746086603,13.615989118701885,19.77584254125602,0.3398292611671633,-0.5134159146199366,39.1632702584314,13.481626173065814,19.46711000476278,-0.5240196665417944,BBH,1.0,match,65536,16.0,4.616589274730307e-19,3.09972479018512e-20
203,BBH,28.922581341294773,16.390350064376836,18.80402139023527,0.5666973452668693,0.02973773576063868,29.51544896205231,16.33660495918239,18.951996248223413,0.004384798992996497,BBH,1.0,match,65536,16.0,4.830755764820739e-19,3.40435936209311e-20
204,BBH,11.346228497750658,11.170731468317127,9.800718859120506,0.9845325669698682,0.6597136565626756,11.306185782247246,11.226315625194276,9.807766956943317,0.6567830265076664,BBH,1.0,match,131072,32.0,2.5862836637209917e-19,1.5435640224685422e-20
205,BBH,10.404978354562296,5.385399463851237,6.447583244482229,0.5175791126456201,0.28399360078722424,10.425289703146975,5.2840968454853146,6.388567609963784,0.2843338686513864,BBH,1.0,match,262144,64.0,1.58845402031633e-19,7.585463583421796e-21
206,BNS,1.8821750703289482,1.5632401362086097,1.491980390358236,0.8305498042407935,0.010861453151849535,1.8627317974799038,1.591835676823291,1.4981331065644048,-0.005506927883367264,BNS,1.0,match,524288,128.0,2.7832878006050515e-20,1.2331381372194153e-21
207,BBH,40.84572784112111,14.34511679291942,20.52754574176636,0.351202379076658,-0.5157482331773592,41.25956299402014,13.968757400471508,20.322497185251127,-0.5106759787270823,BBH,1.0,match,65536,16.0,4.866095731084072e-19,3.172913796741361e-20
208,BBH,39.426098233011935,15.591721568469918,21.140051788590362,0.3954670197472086,-0.2392585001987512,38.93804528134291,15.38704252411292,20.86976181471954,-0.24125666763930875,BBH,1.0,match,65536,16.0,5.198325906418454e-19,3.434281773537611e-20
209,BNS,1.554285585726428,1.344689159902267,1.257890240385896,0.8651493472313188,0.011646330100152593,1.5564746144177126,1.3130566835889863,1.243635517416358,-0.002563971666998375,BNS,1.0,match,1048576,256.0,2.2612741299232943e-20,7.585382691627809e-22
210,BBH,25.107747908636867,13.224775320951526,15.70377830844772,0.5267208898653275,-0.5863789586105718,24.646893419442094,13.967893688516366,16.024523923395737,-0.5879904758024499,BBH,1.0,match,65536,16.0,3.9805874176664866e-19,2.750862532793301e-20
211,BNS,1.472555983336857,1.2358972180704795,1.1735138901284066,0.8392870845357596,0.02603778373700747,1.4328911403052835,1.2411044702328684,1.160328032012913,0.02783514278060918,BNS,1.0,match,1048576,256.0,1.9718893595944807e-20,7.167368863239923e-22
212,BNS,1.515687438521972,1.2483507330513903,1.196351933748839,0.82362016160055,0.022830240734002416,1.552454490040631,1.2760433919964838,1.2241071109563568,0.008096667933692805,BNS,1.0,match,1048576,256.0,2.0841221298940652e-20,7.280807322823069e-22
213,BNS,1.2169161228057883,1.0206477117554837,0.9694531363255433,0.8387165661033585,-0.030266229309856688,1.2095960173564086,0.9828396165651632,0.94817484820897,-0.03713348139923972,BNS,1.0,match,1048576,256.0,1.40866768267079e-20,6.125230138001695e-22
214,BBH,47.348432814411375,12.08764544291551,19.942443200315022,0.25529135230926614,0.10487366018224525,47.060150211850825,11.988611622871856,19.797536898737604,0.0987106439453387,BBH,1.0,match,65536,16.0,4.313660805477876e-19,3.381389725659993e-20
215,BNS,1.9057918529142601,1.4530858250971335,1.446042980880946,0.7624577798856329,0.02966015180468785,1.8313586543660523,1.3957228247493598,1.3892537103116425,0.03270524146286706,BNS,1.0,match,524288,128.0,2.819480562846114e-20,1.2021030741794448e-21
216,BBH,31.210013369271984,31.04023861432538,27.095875038454242,0.9945602472854511,0.41465234607023027,31.04720417579411,29.73177498399673,26.448151304306027,0.44147801724218694,BBH,1.0,match,65536,16.0,7.408825600258633e-19,4.81900737280258e-20
217,BNS,1.5285417289424528,1.4401891367981356,1.2915283167682565,0.942198115712912,-0.013052722483474048,1.5761960425927408,1.4149538568878528,1.2997022490367756,-0.008534370188217446,BNS,1.0,match,1048576,256.0,2.2807051080776802e-20,7.749102099149993e-22
218,BBH,19.438253333023436,12.901808306132818,13.728924762148345,0.6637329025964528,0.061961654278320136,19.52362028187618,12.835052827108527,13.720712577378745,0.07285761887801037,BBH,1.0,match,65536,16.0,3.5532967882367366e-19,2.714819231786212e-20
219,BNS,1.3306769969463526,1.0420706990120008,1.0236030901643438,0.7831131832919276,-0.002063260426394863,1.2958053620646237,0.9996015556029648,0.9891179434257398,-0.011679231544947788,BNS,1.0,match,1048576,256.0,1.5376711790239048e-20,6.405189094408501e-22
220,BNS,1.3163614573367153,1.0559964243730025,1.0251478902754043,0.802208556386566,-0.0013649454197617223,1.3340563649230595,1.0660310951777774,1.0368621418187443,-0.010518534886554801,BNS,1.0,match,1048576,256.0,1.7156796608845607e-20,6.413621954157659e-22
221,BNS,1.8487921131360887,1.1318998492296437,1.2518555809587877,0.612237493435437,0.004509402144769626,1.808687721844414,1.163876315848119,1.2570021160223024,0.019050963684181847,BNS,1.0,match,1048576,256.0,2.1035396381883028e-20,7.544843108777628e-22
222,BNS,1.1786041756971177,1.1614410625489884,1.0185309734780181,0.9854377631591389,-0.014876850228499439,1.1991574854033906,1.1483909587718018,1.0215430649785722,-0.03257197444103718,BNS,1.0,match,1048576,256.0,1.6560237042112288e-20,6.380371514188985e-22
223,BNS,1.9531483799125258,1.470915923403967,1.4726022845437918,0.7530999377885688,-0.012370885268064145,2.008825958248155,1.4230792520615483,1.4675597170994812,0.007644647133183726,BNS,1.0,match,524288,128.0,2.4425150288388207e-20,1.2192397958382396e-21
224,BNS,1.018437802875194,1.0080974868535117,0.8820869395853779,0.9898468851092428,0.012729249014826152,1.0225041198555689,0.9766205920069724,0.8698945073831049,0.028322401234221115,BNS,1.0,match,1048576,256.0,1.1936890531285102e-20,5.671577248916231e-22
225,BBH,26.37600998019623,17.898411769364984,18.84445477879564,0.6785867833233139,-0.5384074340653712,26.069207431895567,17.343196087275302,18.43450205206898,-0.5350150692253932,BBH,1.0,match,65536,16.0,4.936455029789027e-19,3.184894068997942e-20
226,BNS,1.9256866687367244,1.186385454719647,1.3082083950247978,0.6160843682310639,0.008200969689856086,1.9495307143488398,1.1588396735342998,1.2997670093884053,0.010472035087704498,BNS,1.0,match,1048576,256.0,2.4630098199206767e-20,7.821851968185213e-22
227,BBH,48.65907076564295,44.55084907811835,40.52466664317792,0.9155713082292289,0.4316497470367332,49.19612946597459,41.95161008648481,39.52378799024259,0.4283522465044889,BBH,1.0,match,65536,16.0,1.0951194142634462e-18,6.662516840796125e-20
228,BNS,1.5718419765211091,1.0878233644262791,1.1345273247812635,0.6920691651421044,-0.0032118894342210323,1.604124647681059,1.046018213962644,1.1225677414278743,0.01097157089291318,BNS,1.0,match,1048576,256.0,1.7134538691963836e-20,6.96540372761421e-22
229,BNS,1.3122142729220783,1.302678806845952,1.1381892405110843,0.992733301052356,0.005172044274430687,1.3314363174391952,1.2578885113528804,1.1265234138460851,-0.006914432137951602,BNS,1.0,match,1048576,256.0,1.690087074370995e-20,6.989783136598578e-22
230,BBH,14.685968668061742,13.325682206579085,12.17551916347807,0.9073750944028,0.16554224483053362,14.487040119140795,13.11203984812135,11.995297760388873,0.15258511165751817,BBH,1.0,match,131072,32.0,3.203359900271118e-19,1.7696600671805623e-20
231,BBH,36.18169657636347,35.78608254151812,31.32522735804692,0.9890659070115635,-0.6085260195852266,35.637407450262806,35.135417921312275,30.80473158345041,-0.5973528666859418,BBH,1.0,match,65536,16.0,8.452240052083963e-19,4.429135873069069e-20
232,BBH,17.830508018683496,9.298821648464498,11.093463747004233,0.5215118738468266,0.3745402423410923,17.465150598742127,9.467699937013924,11.09158541091215,0.35235902613282716,BBH,1.0,match,131072,32.0,2.8351644161524625e-19,1.662121759529318e-20
233,BBH,10.215448939366224,9.61615728668795,8.627477418910932,0.9413347708715134,-0.2868727346683836,10.167205441454106,9.474917522998094,8.543356660957361,-0.27815321170106083,BBH,1.0,match,131072,32.0,2.277807275004952e-19,1.3148602148574529e-20
234,BNS,1.4410774296172844,1.182762096703499,1.1354378693729814,0.8207484708282554,-0.00873194259248893,1.444094758400839,1.2228952651512959,1.15607682380435,-0.01637499376581582,BNS,1.0,match,1048576,256.0,1.7160138518576427e-20,6.973281420875965e-22
235,BNS,1.1086669708042685,1.0014971434654987,0.9170800540675146,0.903334517793901,-0.015286753454246719,1.1124502985836275,0.9902713726242379,0.9134074439796369,-0.01740860479820396,BNS,1.0,match,1048576,256.0,1.2929292708619996e-20,5.853885327885653e-22
236,BNS,1.0218313916458115,1.0112460784997586,0.8849339747744716,0.9896408416960026,-0.011714332376703352,1.0191484615078408,0.9940326027495736,0.8762061192037267,-0.003933149614377891,BNS,1.0,match,1048576,256.0,1.2691211205743775e-20,5.685361627928449e-22
237,BBH,32.06177432651066,25.67097576960157,24.9444256514903,0.8006723367263932,0.013368687163505375,32.00307561762204,25.398441483843733,24.78646524691225,0.032303124508320714,BBH,1.0,match,65536,16.0,6.807873611340675e-19,4.231300109835524e-20
238,BNS,1.5469877875782183,1.0802667564743285,1.1217867543590543,0.6983033512924279,0.01041107746212374,1.5440734304237411,1.0562647178564253,1.1077926223857053,0.029288032951316482,BNS,1.0,match,1048576,256.0,1.6969992228758372e-20,6.902506831918837e-22
239,BNS,1.4797985027551532,1.46926488445512,1.283644570224963,0.9928817212070283,-0.019648664655519378,1.4845130751952196,1.4684396549331626,1.2853244817351661,-0.02046859128843353,BNS,1.0,match,1048576,256.0,2.341042816462868e-20,7.709932193328842e-22
240,BNS,1.5024129936309385,1.4879109188372435,1.3015957153253017,0.9903474777872845,-0.011890536638806974,1.46234441076815,1.444112405476948,1.2650789400832088,-0.03207670512940802,BNS,1.0,match,1048576,256.0,2.4471429312422324e-20,7.798712088195788e-22
241,BBH,22.545026099267407,14.3115539931409,15.557489427347152,0.6347987325508552,0.27159997498617133,22.842387875714685,14.197944915750908,15.589967765603909,0.28496379918604436,BBH,1.0,match,65536,16.0,4.1419587431237013e-19,3.0524679376183706e-20
242,BBH,13.159465644463356,10.506111469701452,10.223150055546208,0.7983691552188319,-0.3132742229278249,13.33318045840881,10.908799139711862,10.488486056265517,-0.3331954669373788,BBH,1.0,match,131072,32.0,2.6895753938518794e-19,1.491473658585367e-20
243,BBH,43.36802235677524,26.944614391573253,29.592269782692263,0.6213014319608187,-0.037097994443472684,42.39401382854771,27.357873261738476,29.506719620513138,-0.033005801404691795,BBH,1.0,match,65536,16.0,7.804409198355533e-19,4.662320533616073e-20
244,BBH,38.619989270933495,9.39587456286693,15.833344678915468,0.24329044984842946,0.5318011990853481,37.22178089016402,9.282613052234069,15.473253457112127,0.5093457050468989,BBH,1.0,match,65536,16.0,3.4282776288781575e-19,3.039175867630496e-20
245,BNS,1.341538262201623,1.0556217434995823,1.0344926988529197,0.7868741229692414,0.002536868673727011,1.3368999987711014,1.0759857569571663,1.0428837857867976,0.006919454129659259,BNS,1.0,match,1048576,256.0,1.74160232071355e-20,6.461433723319003e-22
246,BBH,6.780209377558632,5.192706670829025,5.156347169633868,0.7658622885623595,-0.39224602612835247,6.787870565575703,5.059136750405599,5.09054465308219,-0.39254092368915916,BBH,1.0,match,262144,64.0,1.335607283604643e-19,6.190645172438128e-21
247,BNS,1.339007740602879,1.1111687348454657,1.0609584772687097,0.8298448927152352,-0.043953177407246316,1.308112147738906,1.1146899852417163,1.050547896113001,-0.02580495658602322,BNS,1.0,match,1048576,256.0,1.7797160931376187e-20,6.594033330224036e-22
248,BNS,1.5318238557779342,1.1673019830013143,1.1619584662768352,0.7620340802229522,0.026996813690975677,1.5511065772073251,1.1703807142725595,1.1706309863020408,0.03714569142739222,BNS,1.0,match,1048576,256.0,1.7958173293474296e-20,7.107888938663732e-22
249,BBH,41.28794279581454,16.193365136016904,22.038949182768338,0.3922056668238377,0.3104606613618816,42.56249569071208,16.27648850685231,22.408854017895216,0.2885035360338881,BBH,1.0,match,65536,16.0,5.556014711286113e-19,3.9370484873428e-20
250,BNS,1.7701869494441829,1.615551063958455,1.4718827808751949,0.9126443195537727,0.022382460673488702,1.7419293362931296,1.6223811768518681,1.4632914828803194,0.03134180100353195,BNS,1.0,match,524288,128.0,2.797495033542051e-20,1.2200068663569552e-21
251,BNS,1.4482160875711663,1.1188729376700015,1.1063188095755871,0.7725870105106255,-0.009315747016269546,1.4500321013993827,1.1212792793487325,1.108214718299343,-0.00015136737393706254,BNS,1.0,match,1048576,256.0,1.8809422998927925e-20,6.82541802123211e-22
252,BBH,27.61304222008157,14.44644657167852,17.208870943515738,0.5231747540360602,-0.25339278368630636,27.719728842472048,15.083975570851727,17.639513682075084,-0.25369848490976776,BBH,1.0,match,65536,16.0,4.419627740776129e-19,3.0633535658229295e-20
253,BNS,1.8239123610507963,1.2115162326795583,1.2887121358415945,0.6642403761009531,0.03959136255239889,1.8357345678242538,1.1921609101456476,1.2819133852022133,0.037389105135310345,BNS,1.0,match,1048576,256.0,1.9201591243725774e-20,7.732916367118665e-22
254,BBH,41.82023086822658,26.50898519740837,28.836757783017788,0.6338794561162715,0.035021704395187224,44.08185649723999,26.71800199767477,29.69147923182054,0.009539341728783643,BBH,1.0,match,65536,16.0,7.579652702360864e-19,4.6591802813791404e-20
255,BNS,1.5978560332062037,1.4877914641648855,1.342080491578363,0.931117343018403,-0.021804632658745705,1.5958264788339613,1.5095576273776043,1.3510709404749226,-0.04078879931752896,BNS,1.0,match,524288,128.0,2.241362743586236e-20,1.1307576880751194e-21
256,BNS,1.1859744198757092,1.0601191853104084,0.97582612140471,0.8938803127149315,0.014919454118510929,1.1683304192461001,1.0490613228460317,0.9634994050331094,0.0172985412980694,BNS,1.0,match,1048576,256.0,1.433374987465289e-20,6.161607085652893e-22
257,BBH,26.70692020831015,25.02154366344347,22.501777630524394,0.9368936391122231,-0.6392616020288667,25.793956904808365,24.65203722627386,21.951142742349077,-0.6536695162000881,BBH,1.0,match,65536,16.0,6.043977636433836e-19,3.5620597491942793e-20
258,BBH,23.727275603028087,8.55902913631236,12.100400906074682,0.3607253221781624,0.3637909090775402,23.955545597064162,8.645942388530491,12.220347558278114,0.370565784299165,BBH,1.0,match,131072,32.0,2.9697060750432124e-19,1.758911761012274e-20
259,BNS,1.3390158575732602,1.2222111281274197,1.1134470232083402,0.9127682254207733,0.00024212279648781006,1.2924046355240222,1.2226348596604335,1.0942289654850297,-0.004799604397591352,BNS,1.0,match,1048576,256.0,1.9037900267970262e-20,6.864367901073741e-22
260,BBH,29.172769174706836,12.176133375415528,16.106435359278148,0.4173801020566944,-0.5577578654287781,29.194243541297144,12.218264535561621,16.142014886909386,-0.5847157039798776,BBH,1.0,match,65536,16.0,3.8025770139909076e-19,2.750832908782781e-20
261,BNS,1.6269523404322688,1.2433539550364776,1.235936385776169,0.7642227274501034,-0.007295289291591712,1.6211975108540644,1.2456118864059367,1.2349558718482208,0.008962297604093427,BNS,1.0,match,1048576,256.0,2.283537650966906e-20,7.472794900033503e-22
262,BNS,1.9097975765175446,1.722081430096817,1.5783319155959203,0.9017088780880003,-0.026566289994945348,1.93998740745365,1.7558199446008123,1.6062955946713446,0.003925625136878158,BNS,1.0,match,524288,128.0,2.6127915278437385e-20,1.2904401960260132e-21
263,BBH,30.29041286207905,8.200850556205305,13.183357254435014,0.27074079820391134,0.3193073357631324,29.897084024258454,7.957193116595805,12.888733583187514,0.31865355181816674,BBH,1.0,match,65536,16.0,2.9463626268365633e-19,2.5962452197787016e-20
264,BNS,1.8424550014526675,1.7321387087804385,1.5550429791917253,0.9401253802208189,-0.021170996697575533,1.8638010207588998,1.80786309361909,1.597962051978211,-0.013172847747950788,BNS,1.0,match,524288,128.0,2.926845922939545e-20,1.2750882629820167e-21
265,BBH,13.464690265460808,7.869729986084781,8.897695733306678,0.5844716685590577,0.03128787999314868,13.183562593925021,7.863576027030352,8.805481582114615,0.019624518450871792,BBH,1.0,match,131072,32.0,2.2543209754895305e-19,1.3660410580654058e-20
266,BNS,1.9720701771308857,1.6884050194852807,1.5875664279367971,0.8561586900227343,-0.002918852789600524,1.9914870582974185,1.667451284409535,1.5851390596288177,-0.026760895048188644,BNS,1.0,match,524288,128.0,3.067024953423385e-20,1.296968918000282e-21
267,BNS,1.004857337777279,1.0035434040486066,0.8742069740627672,0.9986924176405193,0.03527513287153931,1.0184258190884097,0.9557493013994922,0.8587898428366625,0.034791182840877,BNS,1.0,match,1048576,256.0,1.1599285165464172e-20,5.631044742681366e-22
268,BBH,24.401793071350177,16.605529430479326,17.459523915336405,0.6805044769425431,0.6997672093854671,24.018792655434368,16.651428817337706,17.351870566437665,0.7020704029989294,BBH,1.0,match,65536,16.0,4.681970893377738e-19,3.505470360929613e-20
269,BBH,17.936285834679033,7.2578622234891315,9.737888693294437,0.40464688678502037,0.29909217154163686,17.7728929972431,7.318301076557969,9.740848152445295,0.28578813953865617,BBH,1.0,match,131072,32.0,2.3525384166331693e-19,1.4796720807228655e-20
270,BBH,16.822831838667508,16.657663840319447,14.573019383605551,0.9901819146780972,-0.4742953322851261,16.63894557095565,15.996640023880833,14.202161986980457,-0.4614409046101752,BBH,1.0,match,65536,16.0,3.7832599988316333e-19,2.7080813701780925e-20
271,BNS,1.8267623598949472,1.1145731837461137,1.2347114409827245,0.6101358382544132,0.0027434424637423622,1.852245267788626,1.165340441862264,1.2722101744898113,0.002647298055014177,BNS,1.0,match,1048576,256.0,1.8375724516084967e-20,7.459928361367962e-22
272,BNS,1.0691381624661145,1.050324347366974,0.9225060244812919,0.9824028214877826,0.00039689073360478163,1.104363901328482,1.0889758585520761,0.9546783861936674,-0.012153614753829855,BNS,1.0,match,1048576,256.0,1.359620873215211e-20,5.883456562679632e-22
273,BNS,1.0237565064571865,1.001337225549074,0.8814084223085827,0.9781009636894062,0.004759281849262477,1.014855978165635,1.0087342650437559,0.8808139764615962,0.018858425070146633,BNS,1.0,match,1048576,256.0,1.2762241604358474e-20,5.667581654443172e-22
274,BNS,1.9890919394999025,1.1484919344613833,1.3060223689936887,0.5773950975590083,0.0045572881194622175,2.0435447090645167,1.1497768523103047,1.3235796832603948,0.01401142052966125,BNS,1.0,match,1048576,256.0,2.274055446604323e-20,7.807496250065926e-22
275,BBH,16.84927770154185,9.959808941706813,11.200643480115568,0.5911119229042919,-0.12141808261062689,16.99063131085649,10.210353702538015,11.392872983329177,-0.10612930674519379,BBH,1.0,match,131072,32.0,2.923668003235322e-19,1.6105746721861057e-20
276,BBH,11.74736650703273,10.884407357978072,9.842455603097486,0.9265402038373421,-0.19698915813738788,11.982237249012629,10.688028455775436,9.848497690963699,-0.203838941708712,BBH,1.0,match,131072,32.0,2.6418462839690873e-19,1.462881006621618e-20
277,BNS,1.0086172571337522,1.0004071683195832,0.8744699101438086,0.9918600551833705,0.03742592299830732,1.0254515945056606,1.0214056868885246,0.8909442910297185,0.06067108148495173,BNS,1.0,match,1048576,256.0,1.1343911142215144e-20,5.632540825219842e-22
278,BNS,1.3592043972677377,1.0039277999058467,1.0145997415541976,0.7386142966605572,0.02634452382607861,1.3544100497590696,0.9900380623831718,1.0056181668140487,0.04992847510279263,BNS,1.0,match,1048576,256.0,1.5834402437585325e-20,6.359820505246074e-22
279,BBH,31.8400294712123,26.26457261883564,25.151516357469223,0.8248915925967459,0.5057856190582486,31.085303231752793,25.11605333628034,24.29710571076725,0.5091972745877734,BBH,1.0,match,65536,16.0,6.798671780045418e-19,4.6115123887473245e-20
280,BBH,46.937496615349836,33.59700721077131,34.47433614184774,0.7157818297404506,0.38710554879155185,47.38841040309321,35.2982956050731,35.52780592568494,0.404957845384336,BBH,1.0,match,65536,16.0,9.259822895058033e-19,5.793267264682997e-20
281,BNS,1.527636360604482,1.0355491331586353,1.0908333583835872,0.677876725026937,0.010517716450452427,1.5203514798155349,1.033171969046742,1.087031175320581,0.02656737722205206,BNS,1.0,match,1048576,256.0,1.7014353146091742e-20,6.745588409098444e-22
282,BBH,8.08793856989865,7.136381225015003,6.611225216589864,0.8823485939389905,0.3048960886036672,8.043664547808453,7.249184658799319,6.645814067468063,0.2849307757148625,BBH,1.0,match,262144,64.0,1.7809064977592498e-19,7.782190422955076e-21
283,BBH,36.37731478234681,35.0271986487212,31.07395219651823,0.9628857670857887,0.20033126276334146,37.194418120385514,34.99567752719416,31.405071137269715,0.18626043087988156,BBH,1.0,match,65536,16.0,8.539932426614836e-19,5.1710430668972775e-20
284,BNS,1.5394377586643895,1.259672065375009,1.2110659453465897,0.8182676163977528,-0.016356685723910948,1.5337942550756887,1.2434422426290908,1.200917190649352,-0.013728374008074327,BNS,1.0,match,1048576,256.0,1.887293872937325e-20,7.350289996847599e-22
285,BNS,1.7202160290026638,1.4620525792079162,1.3796858870905984,0.8499238203562003,0.021421432941726444,1.7400323971336482,1.4367315863959962,1.3751902812059404,0.006122008436674489,BNS,1.0,match,524288,128.0,2.4821702233418185e-20,1.1571080409284615e-21
286,BBH,44.28442469307682,31.676149725712282,32.51414876342245,0.7152887261210001,-0.32049525847357174,42.7762932689294,30.76302085091926,31.494546707448,-0.29517678461395097,BBH,1.0,match,65536,16.0,8.634466661953198e-19,4.7571983324848853e-20
287,BBH,31.611317438826937,14.010364377353516,18.0277263691042,0.44320722805893364,0.11931811124717037,30.434621751306036,13.931700832577274,17.660888252620218,0.1424697491114037,BBH,1.0,match,65536,16.0,4.538876304462528e-19,3.285691263432872e-20
288,BBH,13.686133529271679,8.243259314377436,9.188032430014053,0.6023073862860455,0.44660352058995445,14.184871350411775,7.992301647306229,9.194267265838555,0.4633070760839489,BBH,1.0,match,131072,32.0,2.463812643550388e-19,1.4411988657694373e-20
289,BNS,1.3833427934105078,1.2961345336064678,1.1655688142604783,0.936958315596501,-0.003197783837815385,1.3369737310002017,1.2706498864366083,1.134593482753478,0.009092807358533359,BNS,1.0,match,1048576,256.0,1.910153536332539e-20,7.126263683700914e-22
290,BBH,44.76498267076173,25.76294559995241,29.34189353471743,0.5755155941740036,-0.11541046812913307,45.498540261587486,27.104487253898654,30.36912291967321,-0.1279235294647139,BBH,1.0,match,65536,16.0,7.719037500939374e-19,4.588128041353428e-20
291,BBH,47.77233214112177,40.46470016804241,38.24912313117474,0.8470321283145177,-0.5207488095502916,48.28935378382489,39.794941204739914,38.12658086007235,-0.522001763760132,BBH,1.0,match,65536,16.0,1.0165590693994912e-18,5.1248927164399224e-20
292,BBH,23.88944151944414,7.256314245064256,11.083411882637742,0.3037456626668389,-0.5945068173685106,23.262024651260955,7.233876160059979,10.933591793938087,-0.6150580914488714,BBH,1.0,match,131072,32.0,2.415548428283796e-19,1.4649723486676938e-20
293,BNS,1.2151312180782745,1.0351108528818544,0.9757086975464503,0.8518510902212507,-0.00264862814672803,1.215523205198899,1.0255665867519947,0.9712799390435152,-0.004302035416133888,BNS,1.0,match,1048576,256.0,1.4934765488147482e-20,6.159523004314405e-22
294,BNS,1.8290875833359028,1.5233913155732908,1.4519590754503047,0.832869529842261,0.012881039062025897,1.856968337638213,1.5148582332941936,1.4585887130754795,0.024961317698439796,BNS,1.0,match,524288,128.0,2.780317313396808e-20,1.2061398977706431e-21
295,BBH,40.16596277310897,18.267479107401986,23.226821737888404,0.45479998103349395,-0.5314000211782028,40.252002306072434,18.577280480005225,23.460813410113023,-0.5100442117438794,BBH,1.0,match,65536,16.0,5.761750400803267e-19,3.514424865501413e-20
296,BNS,1.1729273077669315,1.05527890599554,0.9682598786801718,0.8996967663790048,-0.008794793264814525,1.224785728822139,1.0527022549607774,0.9879345719609882,-0.037727238581872144,BNS,1.0,match,1048576,256.0,1.55287217124004e-20,6.120986908874967e-22
297,BBH,36.17472061647484,5.780621332866413,11.686120795594238,0.1597972626838693,-0.33579526112510677,36.525219972804884,5.921405496789388,11.897123003130938,-0.3151716846370602,BBH,1.0,match,65536,16.0,2.1683810113651645e-19,2.0598452357649067e-20
298,BNS,1.6039446649786266,1.2392014954930615,1.2252901684970998,0.7725961640388476,-0.04331627500555061,1.6108802717212507,1.2591496795112607,1.237961354317037,-0.047056758443479826,BNS,1.0,match,1048576,256.0,2.0315602516710958e-20,7.416996030313883e-22
299,BBH,38.79539387971511,32.94118096256275,31.10022069066588,0.8491003098124661,0.1272191422980967,38.628384010249164,34.11539820964151,31.590392031093714,0.10923028992997687,BBH,1.0,match,65536,16.0,8.498114795098255e-19,5.0975117842168785e-20
300,BNS,1.1946282116049223,1.0007579107458877,0.9511190846647225,0.8377149484871284,-0.010529546297757748,1.181678838402287,1.023740444753871,0.9570075371069353,-0.002540281397799552,BNS,1.0,match,1048576,256.0,1.5247945565281325e-20,6.0312500138319e-22
301,BNS,1.8931303060700324,1.5828275893020136,1.505752421532648,0.8360901435188689,-0.02977312159860091,1.8603661712581834,1.5314830325314333,1.4680439810891086,-0.017398381127003322,BNS,1.0,match,524288,128.0,2.4881859387577983e-20,1.2416460170453616e-21
302,BBH,23.50414296720016,17.349607433244632,17.53937272755584,0.7381510339456269,0.13240530176652118,23.275159231706922,17.24138359665522,17.400125829559013,0.14126472137072846,BBH,1.0,match,65536,16.0,4.594903242009852e-19,3.3008374939508416e-20
303,BBH,34.97235346711169,15.526977727623763,19.963190369955495,0.44397863421532296,0.5854822408796114,33.51398653550332,15.647789287661231,19.65540222881009,0.5657706449743043,BBH,1.0,match,65536,16.0,5.030927688899661e-19,3.80990308847032e-20
304,BNS,1.8608861685209939,1.7085675268612892,1.551996805380773,0.9181472546594479,0.03903397513399575,1.9103171342300853,1.7660568460940205,1.598755873629552,0.041764319265930265,BNS,1.0,match,524288,128.0,2.812005712867715e-20,1.274247964528328e-21
305,BNS,1.422495083918152,1.2367552162024884,1.1541144312636848,0.8694267067664954,-0.018253473373854096,1.4871614778829885,1.2525841040243033,1.1872904291292483,-0.0005426417148317554,BNS,1.0,match,1048576,256.0,2.053879018624845e-20,7.066990606499614e-22
306,BBH,28.443903474009808,15.047891005118663,17.83189238003918,0.5290374796436941,-0.19819166556237286,29.22459893668564,14.7496098088898,17.868078346622156,-0.1815904234014798,BBH,1.0,match,65536,16.0,4.636457408161705e-19,3.177348893294159e-20
307,BBH,30.86910689124804,27.323134632983646,25.2731709374229,0.8851287706263461,0.1093448777370327,31.739715718587064,27.49221720654233,25.702566909655996,0.10320895165450038,BBH,1.0,match,65536,16.0,6.836999335601694e-19,4.345500647196263e-20
308,BNS,1.4201628545246385,1.341977137009786,1.2017131746561043,0.9449459494974447,0.010285355927696027,1.4553227831607216,1.3496771634409828,1.2199076796679011,0.0005550882992586505,BNS,1.0,match,1048576,256.0,2.1776123729249388e-20,7.307822241795569e-22
309,BBH,15.15988373298198,13.5413753473862,12.469096852395124,0.8932374143427936,-0.16737918215999897,15.517340019740303,13.298309563586526,12.498058299192797,-0.17984516977851064,BBH,1.0,match,65536,16.0,3.3496978305658047e-19,2.4840682938312555e-20
310,BBH,30.866932905805196,17.086928855940645,19.821192350849213,0.5535674343830603,0.08763869361365396,30.624796625310758,16.4523851112022,19.356157925499435,0.08058057322298877,BBH,1.0,match,65536,16.0,5.109688898144428e-19,3.571648300362763e-20
311,BNS,1.4721444510206463,1.3861364034454582,1.2434629720303179,0.9415763531115726,0.0049595645368052995,1.45203225491582,1.428756148801405,1.2538868669785688,0.0011706865390596888,BNS,1.0,match,1048576,256.0,2.095961674565266e-20,7.514332633409536e-22
312,BBH,38.26275448670251,12.942657785484277,18.83721289709414,0.33825734605652213,0.10589609297782177,38.3317474579494,12.687366420589587,18.64710766375853,0.107803871013272,BBH,1.0,match,65536,16.0,4.430175488137348e-19,3.345453255692271e-20
313,BNS,1.9869445812038946,1.8634293045898835,1.6749375709903207,0.9378365769320185,-0.0017724301568295276,1.973862164600878,1.855455573428296,1.6658509809060587,-0.0005571938352682714,BNS,1.0,match,524288,128.0,3.136435599793235e-20,1.3550071015068086e-21
314,BBH,22.453881128717924,19.17773434491292,18.053797953135483,0.8540944095577803,0.15755276591659492,22.383635742744687,19.806899845800363,18.323366716500924,0.15143762727584562,BBH,1.0,match,65536,16.0,4.755700959782147e-19,3.3973730995089317e-20
315,BBH,48.73974542157966,15.814939570250283,23.4522720103696,0.3244772707255088,-0.44371201722062703,49.99390693079679,15.5534208494918,23.503622452183,-0.44545119593648125,BBH,1.0,match,65536,16.0,5.324971540131832e-19,3.4494978110898123e-20
316,BNS,1.556486090510794,1.2850817265863925,1.2300817924820044,0.8256300743199483,0.010295813253715288,1.5346926694241425,1.276153419954647,1.2172707073904665,-0.009223371128024797,BNS,1.0,match,1048576,256.0,2.0140454102548583e-20,7.447181763096743e-22
317,BNS,1.1366633207788301,1.0537711503151659,0.9526225049064876,0.9270741221711392,-0.003535007894749748,1.1217561299470837,1.0683355862146318,0.9529524421173119,0.006045806339921048,BNS,1.0,match,1048576,256.0,1.4513542291732685e-20,6.040269834720643e-22
318,BBH,13.168539864936218,9.326264894253994,9.619018854605939,0.7082231583690592,0.24354808604401804,12.701474263908763,9.410946564648162,9.496535714012673,0.25351266207175066,BBH,1.0,match,131072,32.0,2.549597185360716e-19,1.4788110262500625e-20
319,BNS,1.3605651107758505,1.2822364321729025,1.1497397727708005,0.9424293053066151,-0.03032418790871918,1.3127690918931023,1.2760875696106793,1.1267295688738206,-0.036115635662764094,BNS,1.0,match,1048576,256.0,1.8416227381081112e-20,7.0447107220792075e-22
320,BBH,8.63534137720147,8.206653595027436,7.328054004239758,0.9503565911932758,0.5322916755377176,8.800163849490843,8.287944265094911,7.43402045069372,0.5373450034385863,BBH,1.0,match,131072,32.0,1.99971207575632e-19,1.2093061878304379e-20
321,BBH,46.359934905497234,9.15758343516536,16.89928040314667,0.1975322755269762,-0.3589908609239214,47.45972468923468,9.196203638908253,17.11241108267511,-0.35961862592402105,BBH,1.0,match,65536,16.0,3.287821197882591e-19,2.664458112837649e-20
322,BBH,12.280210600651959,10.820620147504718,10.031116175666604,0.8811428809641301,-0.008575511902486123,12.26184703858799,10.573865241796668,9.907199006332325,-0.0022669648334984424,BBH,1.0,match,131072,32.0,2.7001628191000695e-19,1.5026328256440717e-20
323,BBH,16.68840134389866,6.5805215493711975,8.934078717776062,0.3943170717054369,-0.6190492501529131,16.747044538474363,6.750289752949822,9.073036022508779,-0.6428405292542757,BBH,1.0,match,131072,32.0,2.1244090068414155e-19,1.286519150508805e-20
324,BNS,1.5391682923569978,1.5040996095453876,1.324553751084216,0.9772158229962573,0.010804325903106843,1.5002448699606483,1.468915410584412,1.2923157403462702,0.01476140315265815,BNS,1.0,match,1048576,256.0,2.423636952860857e-20,7.913314185412979e-22
325,BBH,31.084912368952672,21.34913786380734,22.347827596392566,0.6868006449691866,-0.02223369972816712,30.938719624082427,22.398765496641193,22.857532444677336,-0.006576521845639477,BBH,1.0,match,65536,16.0,5.996458881608791e-19,3.8668999119363435e-20
326,BNS,1.1190241499821685,1.0291329512546143,0.934056953782105,0.9196700100449248,0.0021488670890810226,1.1424353046034847,1.0194618750421878,0.9391923702066397,0.007154995949168542,BNS,1.0,match,1048576,256.0,1.3611842593733498e-20,5.943754269340993e-22
327,BBH,6.797590952793192,5.0508579926487345,5.08978937742933,0.7430364709681877,-0.09446556169206256,6.944284276026154,4.929881025017321,5.078760574754288,-0.07933205190506532,AMBIGUOUS,0.5,ambiguous,262144,64.0,1.191249599593183e-19,6.2087040097402114e-21
328,BBH,7.432444022836964,7.325077243053599,6.42338021786404,0.9855543103380975,0.5772723478158399,7.564611803170857,7.245672833866313,6.444756879162379,0.555118211345693,BBH,1.0,match,262144,64.0,1.6463766506793856e-19,7.692167349276277e-21
329,BBH,14.987931780242707,9.506707576244915,10.338294415019245,0.6342908224853802,0.16627459611487777,15.160805091840869,9.460252316672307,10.368445527320336,0.15871502430749387,BBH,1.0,match,131072,32.0,2.751075117395865e-19,1.5490802459601847e-20
330,BBH,7.0548028446517765,6.617008884440252,5.947339705443678,0.9379438419681119,-0.10314498058342457,7.267082810213796,6.529522882836558,5.995017896803117,-0.0878662086115597,BBH,1.0,match,262144,64.0,1.5410595793309012e-19,7.01621208730745e-21
331,BNS,1.0642088515654644,1.0492807697481106,0.9199222524890299,0.985972601340992,-0.01216607914537067,1.0519342988334428,1.0398480833645551,0.9104829273431784,0.0016364614890364568,BNS,1.0,match,1048576,256.0,1.3367900309479211e-20,5.86924167521711e-22
332,BNS,1.6608681959247993,1.285284297332327,1.2698416801526502,0.7738629112689217,0.012132169727616954,1.6794808541522919,1.278664538268548,1.2733714364015505,0.013195208629918393,BNS,1.0,match,1048576,256.0,2.124404822631453e-20,7.642233613410964e-22
333,BBH,23.668340248677435,7.312202399061804,11.084390071464748,0.3089444516275451,-0.0879721599499954,23.26336242509375,7.328099441913512,11.012305685166922,-0.0700712692423458,BBH,1.0,match,131072,32.0,2.4903371923889933e-19,1.552263033344961e-20
334,BNS,1.2495481759387204,1.0295677786007797,0.9864872672204954,0.8239520479691143,-0.02571060814697753,1.2390392672685488,1.0185761966043587,0.9770508379249564,-0.030464634871371275,BNS,1.0,match,1048576,256.0,1.328966805141561e-20,6.213429972017697e-22
335,BNS,1.0935663856088007,1.0514309532343182,0.9334481400944363,0.9614697078028553,-0.006341784019415126,1.0598684765235546,1.0577167891965302,0.9217319519544948,-0.00967239781157187,BNS,1.0,match,1048576,256.0,1.4711049441063874e-20,5.940263152973311e-22
336,BBH,11.594607192956323,11.471133223405214,10.039774032156965,0.9893507414700415,0.1823917168049058,12.172929272942758,11.261159699868477,10.191012042548707,0.20210523479512313,BBH,1.0,match,131072,32.0,2.745188988301816e-19,1.5242209756216878e-20
337,BNS,1.6230715035620356,1.261742098654911,1.2438310573091582,0.777379244158904,0.012332282316194092,1.6305594563751364,1.2919315365144068,1.2618131444623932,0.011946169059859442,BNS,1.0,match,1048576,256.0,2.268228500809742e-20,7.514051378883686e-22
338,BNS,1.0576010503789748,1.0531579566618143,0.9187587787056992,0.9957988943793424,0.013596037768076998,1.0455925796784256,1.0400814970219079,0.9078385680134325,0.031209186286563814,BNS,1.0,match,1048576,256.0,1.2536894018880691e-20,5.864563205806705e-22
339,BBH,11.974333014772553,6.702567724905077,7.734541314880039,0.5597445566810461,0.09623674630839206,11.777500899281398,6.9137490986065915,7.80067864732522,0.08194047534638882,BBH,1.0,match,131072,32.0,1.8958492251928568e-19,1.2302894798644239e-20
340,BNS,1.0599908345853484,1.0353819933615922,0.9119885149978918,0.9767839113124193,0.013663609699276632,1.1248523358026339,1.0128919727435388,0.9289750167475102,0.005460186863949784,BNS,1.0,match,1048576,256.0,1.3995475367596462e-20,5.829044461312597e-22
341,BBH,30.34109946132994,27.348498505182263,25.070291204243347,0.9013680779774715,0.11899394131225187,29.929970557449273,26.761262941913085,24.630008151884088,0.10071592729839902,BBH,1.0,match,65536,16.0,6.83262002075164e-19,4.338048421196801e-20
342,BNS,1.22248225212874,1.1812954349341718,1.0461206938038619,0.96630886287073,-0.027486182636492742,1.2299535793527976,1.2024122425006407,1.058667272595873,-0.00856479617009969,BNS,1.0,match,1048576,256.0,1.4008041823719244e-20,6.520762694741339e-22
343,BBH,44.388251764288185,11.049163688760588,18.433078556034484,0.24892090248190413,0.24219987531554443,44.035636543729346,10.975699449180057,18.300015279288385,0.2305839235128435,BBH,1.0,match,65536,16.0,4.1088654023789206e-19,3.2823423130047716e-20
344,BBH,16.157614624739814,15.198283625373175,13.6407806392585,0.9406266938748647,0.6094218505640436,15.766471501024022,15.495817791940448,13.607089808618246,0.6046894446699762,BBH,1.0,match,65536,16.0,3.6985130626068227e-19,2.8511421490704987e-20
345,BNS,1.3204548855634552,1.090837920464417,1.0438552664025071,0.8261076787935411,-0.01028241644071513,1.3062706386855754,1.081917067799554,1.0340048854126747,0.000495533524965216,BNS,1.0,match,1048576,256.0,1.7756498309198117e-20,6.509178243739027e-22
346,BBH,41.8787587347954,29.115220611246684,30.298702280340002,0.6952264463143222,0.3400238480713448,41.877820883447406,27.81374957934094,29.58762589645241,0.3597323772949985,BBH,1.0,match,65536,16.0,8.175632377363422e-19,5.166785998568546e-20
347,BBH,32.281277875256364,6.81018927746758,12.21376462669746,0.2109640548860551,-0.4642668498856143,31.815139748023192,6.840738342726755,12.167433461725684,-0.4882970119031677,BBH,1.0,match,65536,16.0,2.471820962267926e-19,2.164850808228087e-20
348,BBH,18.929457866193236,12.64663903362378,13.415173386750123,0.6680930390621405,0.043064144901116985,18.811474555505324,12.457921716887508,13.27080179791484,0.06321970082133038,BBH,1.0,match,65536,16.0,3.611171577538463e-19,2.663306316381418e-20
349,BBH,42.31495135414036,27.16866285277358,29.373844143548773,0.642058231980343,-0.09491268394114148,43.51807288256601,26.95063164948577,29.644484632937278,-0.09847946522685805,BBH,1.0,match,65536,16.0,7.837181827972952e-19,4.608688812051054e-20
350,BNS,1.7508363334364625,1.2199469219712276,1.268170651050835,0.6967795325430395,0.03370555554707901,1.8068647517434746,1.2302546786478539,1.293183124473405,0.05188796971912208,BNS,1.0,match,1048576,256.0,2.3450017266575943e-20,7.633145021723242e-22
351,BNS,1.0915598343705688,1.0298633974797136,0.9229344091611366,0.943478648674874,-0.018834472595305834,1.0366304652674028,0.9860289191812664,0.8800829787349347,-0.024058787392602848,BNS,1.0,match,1048576,256.0,1.447544358012601e-20,5.884546668814414e-22
352,BNS,1.2669336489377285,1.2294775997304093,1.086479330816422,0.9704356662728749,-0.0008113526028236004,1.274647641093424,1.2113729736490577,1.0816826677816511,-0.015995902646039752,BNS,1.0,match,1048576,256.0,1.7070900381564244e-20,6.728128767638491e-22
353,BNS,1.985364562168222,1.6957645204870444,1.5963469130496346,0.8541325622509829,-0.016450955544782018,2.0261857845033067,1.693956738205537,1.611524941960278,-0.021778748709856775,BNS,1.0,match,524288,128.0,2.6948959247372808e-20,1.3025148226532194e-21
354,BBH,25.132283276185397,20.089447847544196,19.536669573989784,0.799348297437836,0.39500026814503736,25.069430242555484,19.84431686051419,19.390656462192045,0.4218642244936929,BBH,1.0,match,65536,16.0,5.3223531305983225e-19,3.711774588468482e-20
355,BBH,9.38951180478422,7.846370899585206,7.466213445701392,0.8356527008770849,0.3300050398688023,9.305555937205444,7.879409561869895,7.449238284794362,0.3483363287900807,BBH,1.0,match,131072,32.0,1.928485512496664e-19,1.2155198554611739e-20
356,BNS,1.4419010737450706,1.1080341372992233,1.098467809247116,0.7684536460059012,0.016168029695432528,1.4279032076215976,1.0910488197546635,1.0846304495344046,0.02271349013262921,BNS,1.0,match,1048576,256.0,1.8726459730913233e-20,6.7876521180676695e-22
357,BBH,25.18062180209861,5.328078586340107,9.543276383586642,0.21159440097289625,0.7009969860251827,26.170788047527115,5.163139086912993,9.533127663318343,0.6973796204950977,BBH,1.0,match,131072,32.0,2.0432158477063551e-19,1.4688918131014912e-20
358,BNS,1.6088078092055942,1.1627341257699604,1.1875351138297692,0.7227302845727119,-0.03233754425390014,1.5974417850062967,1.1529403468678547,1.1783125927971376,-0.022678583690253107,BNS,1.0,match,1048576,256.0,1.6471009732828923e-20,7.229031908075424e-22
359,BBH,14.2366932709341,9.189895029732106,9.910372951489613,0.6455076930325083,0.3085612317597043,13.654489888877912,8.964670589583793,9.589381422840303,0.3322821132525682,BBH,1.0,match,131072,32.0,2.510179901058033e-19,1.5163868202120106e-20
360,BNS,1.3902761417723433,1.1005691237665631,1.0753793356365207,0.7916190824964762,0.0016022014836739175,1.3525089179300456,1.0820586706329873,1.0518412557302144,0.003952012851546521,BNS,1.0,match,1048576,256.0,1.5933799562234206e-20,6.6699040659985405e-22
361,BNS,1.6760189600893782,1.224082927576371,1.2438591627174183,0.7303514797416691,-0.0047619132837696705,1.6923373023922854,1.2274886136897232,1.2515011352475098,-0.012815334401813686,BNS,1.0,match,1048576,256.0,2.3000440465706012e-20,7.511051960827683e-22
362,BBH,25.308451325448736,17.844003573181162,18.443936648687252,0.7050610621614073,-0.20484886324758964,25.41011552489493,17.710703871174598,18.408062308761192,-0.1971264865294476,BBH,1.0,match,65536,16.0,4.925198427773618e-19,3.2812365506971644e-20
363,BBH,19.906297714009764,11.77012756388875,13.234750724809935,0.5912765765381427,-0.49379016130065756,19.546577200241558,11.752290765016022,13.110227323885521,-0.507957783949931,BBH,1.0,match,65536,16.0,3.4093433218489183e-19,2.4929091832625472e-20
364,BNS,1.9011053131506768,1.0885936026343792,1.242789802952647,0.5726108885731677,-0.021002280053419836,1.90868076312669,1.1424095135769308,1.2771504270766723,-0.020341571622400304,BNS,1.0,match,1048576,256.0,2.2218424694654468e-20,7.4942160476301215e-22
365,BNS,1.3765387327965817,1.11421836781967,1.0769337171855313,0.8094348101313643,0.004118210807023569,1.3532664055632369,1.1333616657561643,1.0772808146494153,-0.007247425231097604,BNS,1.0,match,1048576,256.0,1.7932575223135616e-20,6.678351595851303e-22
366,BNS,1.8584344850731824,1.1577734508474626,1.2699021240123947,0.6229831937292485,-0.02697463486247644,1.8116462983789774,1.1820410672608253,1.2681840796466246,-0.04071871386764945,BNS,1.0,match,1048576,256.0,2.336396846720425e-20,7.630870994246003e-22
367,BBH,8.160501689901645,5.179874271504683,5.631032483990213,0.6347494882471023,0.2904504434717973,7.970895149125668,5.0860807120749625,5.515256133275209,0.2986816241505848,BBH,1.0,match,262144,64.0,1.3619132678792744e-19,6.82091862555084e-21
368,BNS,1.6906470731051537,1.066434032619055,1.162792611129378,0.6307845378162646,-0.03547309250344386,1.652310939791208,1.0947687329278868,1.1659347518588212,-0.027455131133254294,BNS,1.0,match,1048576,256.0,1.9262316642192446e-20,7.100951647583116e-22
369,BBH,49.30632686944765,35.04020154039782,36.08013094766878,0.7106633928172462,-0.18612754113466456,50.3443674640927,34.99064376867634,36.418012690291356,-0.1865159177865843,BBH,1.0,match,65536,16.0,9.633381568057635e-19,5.228856486874479e-20
370,BBH,27.118092787377797,8.843613328272658,13.084745357322147,0.32611487089493796,-0.698700085903278,27.99454001380176,8.98149046377896,13.386560101162377,-0.6908225069177155,BBH,1.0,match,65536,16.0,2.984900297220445e-19,2.3026592262253708e-20
371,BNS,1.1950294676448272,1.0052376678771495,0.9534399354110408,0.8411823265398461,0.012035872976617403,1.2030014856010087,1.008967367150578,0.9583632879489503,0.024486970403862177,BNS,1.0,match,1048576,256.0,1.3917464652204116e-20,6.044682199674478e-22
372,BBH,46.930757879884254,36.93059699749205,36.19044827918308,0.7869166974037185,0.672113497191916,47.277769465542825,37.424298280717935,36.56853686483286,0.6650815292733527,BBH,1.0,match,65536,16.0,9.88117053972337e-19,6.37163570093351e-20
373,BNS,1.0625711158461595,1.006850744140112,0.9003762992347972,0.9475608071073195,-0.0279923249146135,1.0852184415510193,1.0176730576612096,0.9147699554410501,-0.00953514445196672,BNS,1.0,match,1048576,256.0,1.1765864939429346e-20,5.765754779753764e-22
374,BBH,20.96608636119195,5.207452927014978,8.695872094360595,0.2483750585256545,-0.3351377135720949,21.12221055812602,5.29448143505655,8.805661607066861,-0.329720467710242,BBH,1.0,match,131072,32.0,1.8189582896852545e-19,1.2531814622981793e-20
375,BBH,11.255228533051937,10.053185721961638,9.257305322288646,0.8932013856884027,-0.08062148304138352,11.225058393054754,9.93089078271157,9.187970364652799,-0.06194080633218223,BBH,1.0,match,131072,32.0,2.5315364039743824e-19,1.4059666266509387e-20
376,BNS,1.0999318089723635,1.016414138118157,0.9203320434146438,0.9240701376458649,0.002711658644884307,1.1121365758074215,1.0301685500478,0.9316731535455075,-0.0006601746535995284,BNS,1.0,match,1048576,256.0,1.3962179295781726e-20,5.872011676612448e-22
377,BBH,30.333466010069984,28.285506057446415,25.496698856129107,0.9324851320339161,-0.46301916583501046,30.97908925722735,28.67506066623175,25.942729210918884,-0.4519515090639312,BBH,1.0,match,65536,16.0,6.717669704073477e-19,3.985635734516224e-20
378,BNS,1.9713590240855083,1.537174174149295,1.5131018584615887,0.7797535382284682,-0.013354432646202967,1.986342271284353,1.5068286603089942,1.5032347497709633,-0.03668172018167368,BNS,1.0,match,524288,128.0,2.4664977612411423e-20,1.2466368020564463e-21
379,BNS,1.5653165470049433,1.0242945496378084,1.0974110107590125,0.6543689527831802,-0.01767142962710012,1.54267469127319,1.0169748371220222,1.0857119956078702,-0.04528003543563203,BNS,1.0,match,1048576,256.0,1.6592578902425134e-20,6.775364987388176e-22
380,BNS,1.7634112937325794,1.7264180567139933,1.518934037965143,0.9790217760598078,0.004558700005825348,1.7192898230129539,1.7174998319144352,1.49594934153323,0.011044106101437938,BNS,1.0,match,524288,128.0,2.752604500610639e-20,1.251448283158202e-21
381,BNS,1.8198111081856883,1.396352970834396,1.3853045976541511,0.7673065432744441,-0.00576131552451231,1.835423827861698,1.3867783278418893,1.3861667912725377,0.002541113861344071,BNS,1.0,match,524288,128.0,2.145772346716218e-20,1.1601712149615719e-21
382,BNS,1.190727157322718,1.1218233313110622,1.0060597899042851,0.9421329852200716,0.0027855898709727043,1.16631298316378,1.1446407029134837,1.0058479353661873,-0.00576489035475449,BNS,1.0,match,1048576,256.0,1.563609450599781e-20,6.317293089522685e-22
383,BNS,1.5790266081990518,1.2846296589679067,1.2385577419785105,0.813557955450214,0.020200160873625708,1.581722681861636,1.2419412889995631,1.2183617117250716,0.0013636387779238411,BNS,1.0,match,1048576,256.0,2.2175554729522885e-20,7.489710658148515e-22
384,BNS,1.3191739717673296,1.0816890932943608,1.0388892122542341,0.8199745571429032,0.03729331760532009,1.3354152535503199,1.050260453423687,1.0294985176108509,0.04585129892175505,BNS,1.0,match,1048576,256.0,1.756347182950942e-20,6.486973078545873e-22
385,BBH,8.220402502787831,8.005886200456436,7.0621617033176065,0.9739044040412078,0.39050223300891584,8.400811978519599,8.124578549835542,7.19188803613322,0.3895153127241229,BBH,1.0,match,131072,32.0,1.8894557075317066e-19,1.165812994631953e-20
386,BBH,8.850093845827692,6.198238177426542,6.427350873992398,0.700358469119359,-0.5022310906982845,8.90973580992991,6.093635472958834,6.391562014840975,-0.5150474334698547,BBH,1.0,match,131072,32.0,1.6916044081537156e-19,1.0327114690150908e-20
387,BNS,1.4065022037671104,1.3450277230730892,1.1973142285659975,0.9562926524186234,-0.013207901433500431,1.4336794742762522,1.3350645483169759,1.2042482879318626,-0.015721906727742124,BNS,1.0,match,1048576,256.0,2.1089720471226283e-20,7.283875424459884e-22
388,BNS,1.3513496832892642,1.1843417632751658,1.1008485932696175,0.8764139866392011,0.010718807321661895,1.3602826324948194,1.222522821217677,1.1223113060062344,0.008923257377166137,BNS,1.0,match,1048576,256.0,1.8514364362839825e-20,6.8012160090810795e-22
389,BNS,1.1035102683100586,1.05206517362131,0.9379480146194316,0.9533805020522983,0.023223102200206566,1.127378102268135,1.0452005813103014,0.9448577719966876,0.017665648945123825,BNS,1.0,match,1048576,256.0,1.439434827979258e-20,5.965413939720774e-22
390,BBH,6.742517055304828,5.573189921189519,5.331675000864869,0.8265740932467772,-0.10798173901514423,6.688614669367205,5.767540637532619,5.404049285989907,-0.1072252588666316,BBH,1.0,match,262144,64.0,1.4431860607081793e-19,6.443127263186284e-21
391,BNS,1.3180641471086796,1.1101184054611215,1.052270131493269,0.8422339746485706,0.009030694507190065,1.3463566004823773,1.1011012767628343,1.0588864156436069,-0.00424705456097408,BNS,1.0,match,1048576,256.0,1.7198210217428115e-20,6.553730826382407e-22
392,BNS,1.4410418796753934,1.3937207669521685,1.2336957935359398,0.9671618754523051,-0.006109984990085008,1.4537870899056164,1.3920225724215163,1.2383604730036823,-0.009342231655948339,BNS,1.0,match,1048576,256.0,2.2696142400945434e-20,7.465067388720395e-22
393,BNS,1.915396937089632,1.4164371597066279,1.4306618175805017,0.7395005872040532,0.017048874170636438,2.033711473053619,1.43105361489382,1.4805817344679166,0.029361048912029914,BNS,1.0,match,524288,128.0,2.6780715540577467e-20,1.1913158275254408e-21
394,BBH,29.704012993825707,28.333673138277124,25.253919136967124,0.9538668443272825,-0.2305459825474052,29.786128802352504,28.94990481347704,25.563234197239066,-0.22466635636373333,BBH,1.0,match,65536,16.0,6.813427603266137e-19,4.11759553181285e-20
395,BBH,38.32004096501571,35.88535765220495,32.27890886767722,0.9364644908643626,-0.6529676157631068,38.08003952966928,36.00414928323378,32.23182234019338,-0.6359794961279445,BBH,1.0,match,65536,16.0,8.758780655258267e-19,4.470086433213272e-20
396,BNS,1.9071973733366125,1.7965110210500799,1.6112686538697145,0.9419638712626326,0.016863545184928656,1.9079217721621438,1.7952649879528768,1.61101042974428,-0.006411763960112621,BNS,1.0,match,524288,128.0,3.13885582946845e-20,1.3133415915103656e-21
397,BBH,11.028974865305344,8.08184894274053,8.199203089523907,0.7327833313107092,-0.5471261597584399,10.790979031371345,7.818697117829359,7.9757104668021155,-0.5458227007475254,BBH,1.0,match,131072,32.0,2.0362937207373839e-19,1.2410953088568194e-20
398,BNS,1.8607676949546046,1.2946141621291476,1.3467566289439572,0.6957419594285954,0.005380999468552213,1.8673768112202511,1.3085779883679591,1.3565758480002825,-0.004912428410697619,BNS,1.0,match,524288,128.0,2.1552890443031467e-20,1.1334864382364842e-21
399,BBH,46.59303917343239,39.173387393121985,37.164118572834376,0.8407562178399144,0.09644253230987976,44.073457511722864,38.686491985001666,35.931706201174286,0.08124038480571653,BBH,1.0,match,65536,16.0,1.0022107126574355e-18,5.7833298205255e-20
400,BNS,1.007085354169948,1.0042245673867278,0.87547242989511,0.9971593402968529,-0.02739997008984453,1.0168679589196044,0.9784792370926387,0.8683324109478404,-0.029803427115089074,BNS,1.0,match,1048576,256.0,1.331754530974629e-20,5.634608191573336e-22
401,BNS,1.6790742101195937,1.5137515315905274,1.3875212680480893,0.9015393854942891,0.006209316550768933,1.6294673742309795,1.4960743366239964,1.358983693639383,0.0005246814387171037,BNS,1.0,match,524288,128.0,2.644050355976303e-20,1.162332103453356e-21
402,BNS,1.7822839235035595,1.733442229173531,1.5301314771428265,0.9725960080288347,-0.0032501351031129335,1.7985634633694352,1.79386465973062,1.5636935579834803,-0.011236686168054308,BNS,1.0,match,524288,128.0,2.9230751429447755e-20,1.2588107267708834e-21
403,BBH,17.96896855402539,14.74389442212902,14.155900640673664,0.8205197965481501,0.34385694861513294,17.78538515146673,14.42728332185109,13.929751228199866,0.3184484239088145,BBH,1.0,match,65536,16.0,3.717984699899612e-19,2.86958703466758e-20
404,BBH,29.854973760831477,15.178169837763555,18.324629741048025,0.5083966899236302,0.01938070283968479,28.74541804245893,15.028106323334265,17.907766783653404,0.029077763945596365,BBH,1.0,match,65536,16.0,4.638025755785538e-19,3.3241089374090576e-20
405,BNS,1.4421485574644954,1.3118208746609872,1.1971233430021349,0.9096295023637211,0.020716798536826616,1.4626173141808398,1.3556651088953549,1.2256683592897823,0.02532120433787392,BNS,1.0,match,1048576,256.0,2.172553928728821e-20,7.285663541629908e-22
406,BBH,32.45110288002104,8.5449347269959,13.906394645668081,0.26331723635367427,0.47305541615290214,32.49363497047123,8.56461052740358,13.9323209991759,0.4885476264250214,BBH,1.0,match,65536,16.0,3.0575531943645e-19,2.747695974787167e-20
407,BBH,30.67291188255161,5.016489806288695,10.041188295162703,0.16354788307993487,0.2482824213703909,30.072679264635667,5.298862745481593,10.272640195474782,0.25688869469403874,BBH,1.0,match,131072,32.0,1.9302374153189804e-19,1.4292412437178363e-20
408,BNS,1.9590733380799858,1.6783211088513912,1.577601718696731,0.8566913122794324,0.048024375321638745,1.9457165100833178,1.6819179212647262,1.5740042991703889,0.0391772191016501,BNS,1.0,match,524288,128.0,3.1005356843897465e-20,1.2913981209237142e-21
409,BNS,1.5433514174237577,1.415868418305824,1.2866404061196408,0.9173985926479824,0.018706554716277937,1.6045379023024084,1.4171855488806708,1.3122454461917257,0.015554454869546588,BNS,1.0,match,1048576,256.0,2.2898999640273878e-20,7.728173304927039e-22
410,BBH,11.908773232008373,10.786907931547308,9.864379094044287,0.905795057256971,-0.35628656668480535,11.899780909136089,10.445758855320864,9.701730509933947,-0.32519000488054334,BBH,1.0,match,131072,32.0,2.5313208999165624e-19,1.4492056015458016e-20
411,BNS,1.7953234625277514,1.1815697286537938,1.262433722427505,0.6581375185673705,-0.0081565008009265,1.7614579197050262,1.1761873111760093,1.247985065416363,0.001767524904389242,BNS,1.0,match,1048576,256.0,2.3311842295217152e-20,7.598679873611046e-22
412,BNS,1.330024343248666,1.155425670195766,1.0786485264855892,0.8687252049639692,0.022068488528470247,1.3662663958722683,1.111612270807674,1.0717098542906367,0.045299722577616636,BNS,1.0,match,1048576,256.0,1.8366554121171623e-20,6.689339131732127e-22
413,BNS,1.3440371682591539,1.1786330786055774,1.095221209825895,0.8769348842727215,0.002917813555933338,1.3088477201152815,1.193029896751983,1.0876046516186249,-0.021083497425314623,BNS,1.0,match,1048576,256.0,1.796107615628122e-20,6.772081095347939e-22
414,BBH,27.67698339936054,25.51147549307799,23.128587843829624,0.9217578059344219,0.10054029050737494,28.402142336000182,25.95759080179536,23.63272632114393,0.11615375553703565,BBH,1.0,match,65536,16.0,6.275713862265083e-19,4.0591546854201916e-20
415,BBH,18.804833760974233,15.518567939555549,14.857803817393064,0.825243559013072,-0.4547592589493878,18.445544278708194,15.431038721598547,14.675471446028832,-0.438102980393306,BBH,1.0,match,65536,16.0,3.889395306668939e-19,2.745997553941574e-20
416,BNS,1.7452811721545722,1.0549362172694707,1.1738608377985813,0.6044505802850886,0.027564122668188897,1.7367806740322909,1.0828315980457774,1.187259519728933,0.02627268817481062,BNS,1.0,match,1048576,256.0,1.9064486489345947e-20,7.160059232913614e-22
417,BNS,1.3904465103969599,1.1890594769376996,1.1186839598242775,0.85516376793109,0.00549773311202773,1.4056268168976387,1.1644073512924535,1.112748978337891,-0.0011617491274542263,BNS,1.0,match,1048576,256.0,1.9364370703179662e-20,6.890648236585989e-22
418,BNS,1.9976754473698222,1.867436024392047,1.681241082770424,0.934804513341118,0.04159107701685098,1.9855104905537377,1.8841107722832495,1.683656452328324,0.04112253209351983,BNS,1.0,match,524288,128.0,3.1558374725529866e-20,1.360172247394061e-21
419,BNS,1.2200483204766077,1.2058663947459387,1.0559190581703288,0.988375931106459,-0.04268069135397051,1.183667461459709,1.181358065794146,1.0294365635332992,-0.023105946894439035,BNS,1.0,match,1048576,256.0,1.6666728774833858e-20,6.569711950303322e-22
420,BNS,1.6150243819033734,1.5475303353753846,1.3762056702412322,0.9582086516561167,0.014756331963028774,1.6572411048210596,1.5584228062512628,1.39890578042987,0.006623742306020652,BNS,1.0,match,524288,128.0,2.4309293271560238e-20,1.1547981124978002e-21
421,BNS,1.621811384453137,1.172559573376405,1.1973588956668761,0.7229937985493815,0.011229820601796777,1.6275541974011685,1.180814462046332,1.2037587312828204,0.012878994050556418,BNS,1.0,match,1048576,256.0,1.892365474274095e-20,7.281786561665684e-22
422,BBH,13.539566174484566,5.908513198800718,7.657278304785732,0.43638866435287743,0.5661785579457619,13.69349596032671,5.820750642491279,7.635291846226942,0.5589590143681742,BBH,1.0,match,131072,32.0,1.9212565654039202e-19,1.2453488408025431e-20
423,BBH,14.74904910039512,12.843558519120467,11.975980636134336,0.8708058690221864,-0.13699675520602525,14.869917917538533,12.992851738182297,12.094919312354447,-0.1394716468528748,BBH,1.0,match,131072,32.0,3.209708323021145e-19,1.7064558230441415e-20
424,BBH,20.751945006784045,11.132767845350623,13.106317191700972,0.5364686462744189,-0.06273546356099637,21.049672521643977,10.867731491150556,13.026418717621114,-0.05895284779868685,BBH,1.0,match,65536,16.0,3.3742297628633195e-19,2.5629443305221756e-20
425,BBH,19.294484936234337,6.185530588457273,9.222446647031541,0.32058542163212,-0.445937507655072,19.277116565571806,6.110269073358524,9.156676040461587,-0.47398521524605847,BBH,1.0,match,131072,32.0,2.1421525991393523e-19,1.3164261542404344e-20
426,BNS,1.6794508332959412,1.163389956715646,1.2127884577011976,0.6927204617431283,-0.016555159068041916,1.682085896046084,1.161955140454795,1.2129289081601569,0.0037206501599976196,BNS,1.0,match,1048576,256.0,2.0140267413000305e-20,7.354622798139624e-22
427,BBH,32.487104770968635,13.143184950266559,17.635847378222305,0.4045662130536073,-0.04163877239039267,32.454883860412934,13.497347321312953,17.883633832575075,-0.009517184298480787,BBH,1.0,match,65536,16.0,4.299887002954332e-19,3.1422314656186457e-20
428,BBH,38.20357316121836,10.677926666454695,16.92488187477015,0.27950073207534926,-0.09742333819337963,39.27028688932639,10.884703775063869,17.316717905307186,-0.0657323822004316,BBH,1.0,match,65536,16.0,3.7871969503600024e-19,2.9284303906236754e-20
429,BNS,1.6151355899884214,1.234619005876238,1.227110506768229,0.764405795729564,-0.02178862156903417,1.6625586140044573,1.2540399764689243,1.2545202492644234,-0.016868269349339056,BNS,1.0,match,1048576,256.0,2.0481806090890484e-20,7.42772678103335e-22
430,BNS,1.0473842338175987,1.0011740806301603,0.8914145359735209,0.9558804193385578,0.01515730741129787,1.018429485993346,1.008573874779819,0.8822919437876882,0.020552918927972855,BNS,1.0,match,1048576,256.0,1.3457574052920478e-20,5.720860163691699e-22
431,BNS,1.153100375803377,1.0507186015674734,0.9580252090515443,0.9112117415063947,0.0059931220651099956,1.1327268182138008,1.072827294627216,0.9595982664977957,0.02478603681763475,BNS,1.0,match,1048576,256.0,1.5431945486105978e-20,6.068828655074532e-22
432,BBH,43.34806377533528,36.91963819885944,34.80391650750454,0.8517021288472505,0.42107075813037326,44.38026845850575,36.437618139132574,34.97376964443724,0.41708610979888255,BBH,1.0,match,65536,16.0,9.47412077867985e-19,5.888005938830779e-20
433,BBH,43.296664423643286,21.51963395708615,26.256494716549373,0.49702752495027736,0.5007408100218983,42.13106511153632,20.850012064385396,25.490786334490515,0.5224469897953395,BBH,1.0,match,65536,16.0,6.723300740689102e-19,4.694536401465482e-20
434,BBH,45.8106088124989,28.405939586034826,31.226620336207844,0.6200733917835336,-0.12557522024412776,47.063438742035665,28.43528389563694,31.64731094063583,-0.10179189686011438,BBH,1.0,match,65536,16.0,8.331571840507049e-19,4.8078990450785886e-20
435,BBH,24.85469770751215,9.1931874689019,12.850106669354433,0.36987725930472,-0.2092798907892605,24.738949024311538,9.545366472983252,13.08835948772174,-0.2133618259418748,BBH,1.0,match,65536,16.0,3.0276968453314407e-19,2.4345420796739362e-20
436,BBH,18.930730371348886,7.789918935232009,10.371719991345552,0.4114959530046356,-0.46520463853859306,18.331780039991017,7.791407165943749,10.220851779044432,-0.48640605425428446,BBH,1.0,match,131072,32.0,2.5195297701704825e-19,1.451356160561525e-20
437,BBH,16.774471203482484,8.275030844878547,10.131908437299245,0.4933109809840443,0.2813908173882357,16.12610802588379,8.049781703701823,9.80193250177795,0.2975473576213222,BBH,1.0,match,131072,32.0,2.6105981282058883e-19,1.5358443066037078e-20
438,BBH,40.55133961237622,23.221942663061405,26.510291216996688,0.5726553767406021,-0.0714356671201741,40.66226708600607,23.013739474661342,26.418740247977013,-0.08432375358944375,BBH,1.0,match,65536,16.0,6.937196884559728e-19,4.2812889699262474e-20
439,BNS,1.8178159272441685,1.6480578682021674,1.5064366319978608,0.9066142745820495,0.009266076392212653,1.8439324118461367,1.645236152589811,1.5157918066335474,-0.023780277548941284,BNS,1.0,match,524288,128.0,2.8512502137802534e-20,1.2430582694448283e-21
440,BNS,1.9329800266492714,1.211029716435297,1.3247457146166575,0.6265091722311064,0.018005941514277413,1.8855536374251491,1.2098072043943406,1.308430857047306,0.0015799626170275134,BNS,1.0,match,1048576,256.0,2.1858121737203596e-20,7.904016216569217e-22
441,BBH,14.970132472366863,8.238006190619636,9.582980233737558,0.5502961450625801,-0.6887712394327766,15.14885965559786,8.214603727180913,9.622158167398355,-0.6897718582408706,BBH,1.0,match,131072,32.0,2.389297606185946e-19,1.3673810888598043e-20
442,BBH,17.307082230851996,5.191752956637594,7.974266005397595,0.2999785225139023,-0.43034532622608934,17.573316212135875,5.237953542012564,8.06824964375336,-0.4222325721783893,BBH,1.0,match,131072,32.0,1.7383494884489774e-19,1.1825519102253564e-20
443,BNS,1.6295854164725958,1.5890927737970106,1.4008780092323243,0.9751515678366615,0.018441155650878255,1.6331739762851532,1.6263008920300341,1.4187650562831153,0.026920364905036166,BNS,1.0,match,524288,128.0,2.7097990871645023e-20,1.1717477316641235e-21
444,BNS,1.4278138093629416,1.1197133921069575,1.0991154288739418,0.7842152700614015,0.02540076372661469,1.4171110576936117,1.1213032667795602,1.0958817197442974,0.01614143043590654,BNS,1.0,match,1048576,256.0,1.8464269372949087e-20,6.79196091857248e-22
445,BNS,1.7229339986919212,1.3939866957283609,1.347631678954746,0.8090772465960377,-0.020372155982483264,1.696827698731492,1.3463569612931465,1.3140537133777146,0.011418699341726405,BNS,1.0,match,524288,128.0,2.519503781855534e-20,1.1343048674829243e-21
446,BBH,26.15820229413573,11.14242198128107,14.60189689329803,0.4259628339895143,0.0212164787879475,26.010654836437492,11.001622840837985,14.464241377743793,0.022639427044936995,BBH,1.0,match,65536,16.0,3.5216785462486367e-19,2.776093773698004e-20
447,BNS,1.64272531468006,1.4194605682533792,1.3286379693624575,0.8640888136126615,0.027082061495896023,1.636192800528624,1.3833536025948265,1.3087969313785521,0.014823718266318953,BNS,1.0,match,524288,128.0,2.1382554478994263e-20,1.1221330083959707e-21
448,BNS,1.424017098156968,1.1177486706392055,1.0967016938768726,0.7849264394970047,-0.0122607180498657,1.4573318694015118,1.138420296597817,1.1196028889051632,0.0008818372513003415,BNS,1.0,match,1048576,256.0,1.6900187841465935e-20,6.776878005182271e-22
449,BNS,1.706244111683247,1.057518272817201,1.1627792877293766,0.6197930680469491,-0.019906300121462547,1.7248793423744422,1.0805821539496887,1.182085920366876,-0.03851439476451837,BNS,1.0,match,1048576,256.0,1.882328829243296e-20,7.101645429012222e-22
450,BNS,1.2573875756946147,1.1596092862223701,1.0510255950049663,0.9222369527405031,-0.007921450450188473,1.2336164988112244,1.1909577316620177,1.0551612007199955,-0.0014044639138302139,BNS,1.0,match,1048576,256.0,1.5098231850469483e-20,6.546994566049165e-22
451,BBH,23.55398270857556,5.035803766514542,8.979201297547302,0.2137983978684463,0.4617587475440044,23.329332347925124,5.1917853265266345,9.096998308375856,0.44946004634053055,BBH,1.0,match,131072,32.0,1.9064227432887265e-19,1.3750728497324298e-20
452,BBH,48.849891754284656,6.724150689854165,14.485257777672114,0.13764924441750448,0.752408619105381,49.669789661469395,6.717439262456102,14.579461757913576,0.7454128994079723,BBH,1.0,match,65536,16.0,2.658999678437577e-19,2.857443810702746e-20
453,BNS,1.51585943798612,1.2698811302019402,1.2068827150959245,0.8377301340611291,0.02857952660064323,1.4906427774629862,1.2739217965187772,1.1989041442013633,0.03108009281292573,BNS,1.0,match,1048576,256.0,1.985660928990227e-20,7.333987148392015e-22
454,BNS,1.8102913412113546,1.571152867747427,1.4674378092622704,0.8679005594182931,-0.004212815798353731,1.7949455050551293,1.5481509404874534,1.4504039041311925,-0.0031649864178153594,BNS,1.0,match,524288,128.0,2.487093732788269e-20,1.2164180084544463e-21
455,BNS,1.8198851218197007,1.4192121439009058,1.3969149909979532,0.7798361154147122,0.014580390052628686,1.8175646130535201,1.413231045219783,1.3930282333508208,0.008611616549434232,BNS,1.0,match,524288,128.0,2.333505860109181e-20,1.1684947807282564e-21
456,BBH,34.72075153897056,17.7948521957194,21.402890458536294,0.5125134510912434,-0.09959709556069911,36.2091932317721,17.731564545757223,21.784928296767106,-0.11110495257187078,BBH,1.0,match,65536,16.0,5.469081735892163e-19,3.631062719255751e-20
457,BBH,29.147679208825352,25.009922408824576,23.490805590136958,0.858041637882856,-0.0080992371996323,29.048818225150566,24.3182789218068,23.119693191309317,-0.013908601722432714,BBH,1.0,match,65536,16.0,6.347861535749674e-19,4.035630471777667e-20
458,BBH,16.859734820464574,9.064190945388612,10.660258041680185,0.5376235772336333,0.15386186724647066,17.151868920049615,8.917189900944901,10.65365449710079,0.1584014093878242,BBH,1.0,match,131072,32.0,2.7540658708713173e-19,1.5815235948933924e-20
459,BNS,1.608300756971365,1.1081646730793613,1.1581961156534302,0.689028260588633,0.010759814997974099,1.5713368818342857,1.1083937431992625,1.1454068972367923,0.008857461033420366,BNS,1.0,match,1048576,256.0,1.749394919675997e-20,7.0851240046266075e-22
460,BNS,1.9443692191577737,1.675145504477815,1.5702496111565847,0.8615367328245527,-0.01883632460193434,1.901882641285916,1.6891286409657962,1.5597841769622378,0.0021526210188863464,BNS,1.0,match,524288,128.0,2.6876774374609503e-20,1.2851060423234098e-21
461,BBH,19.199153565627768,6.84202931172093,9.726309075987881,0.3563714039961746,0.13471747930198533,18.73380074919582,6.667049890106548,9.483444543827074,0.13492609671308797,BBH,1.0,match,131072,32.0,2.338638783910658e-19,1.4508847893094065e-20
462,BNS,1.9538498899501457,1.1382915733347878,1.2889466985760336,0.5825890613141382,-0.009771904094143538,1.9664998525201844,1.1664251984061182,1.3096054861661142,-0.018976123042044275,BNS,1.0,match,1048576,256.0,2.3460857997418305e-20,7.722911794836467e-22
463,BNS,1.493484157763217,1.3216606334260894,1.2226219750059262,0.8849512239925821,-0.024661424655449356,1.457177472495178,1.284296829399339,1.1904464918570228,-0.05946752265119312,BNS,1.0,match,1048576,256.0,2.0844626441575812e-20,7.407871565986855e-22
464,BNS,1.46675292591894,1.4622917849669246,1.274938986968781,0.9969584918678649,0.04879560465518227,1.4810768867003459,1.4761708293848825,1.2872147068658815,0.04023408313734106,BNS,1.0,match,1048576,256.0,2.2412938586794667e-20,7.674032716245714e-22
465,BNS,1.0141265749098545,1.0013453247296746,0.877263930338181,0.9873967900098506,-0.010321282319654075,0.9928737226655496,0.9805053087115698,0.858942867823233,-0.011940948463832925,BNS,1.0,match,1048576,256.0,1.3153998196517551e-20,5.644931492874793e-22
466,BNS,1.5383934900866247,1.0991393557827671,1.1288403892526964,0.7144721833949493,-0.014756867926912134,1.5286595999370234,1.0848220516877412,1.1177834742752026,-0.00883020407448892,BNS,1.0,match,1048576,256.0,1.7874978627190934e-20,6.936710206492173e-22
467,BNS,1.9297682501350732,1.0399830571906972,1.2217288686728769,0.5389160367406315,0.005923537664057169,1.9302512232475033,1.0584605926818151,1.233321520921054,0.006051792367720075,BNS,1.0,match,1048576,256.0,2.01165714239186e-20,7.390092392897781e-22
468,BBH,13.702341192195016,7.740179952049998,8.89349226485894,0.5648801065075564,0.5826266482671131,14.003569074511933,7.80155753835752,9.022778785129761,0.5944317024028408,BBH,1.0,match,131072,32.0,2.3084647515992766e-19,1.4130606762257046e-20
469,BNS,1.9051863233669755,1.4624390084402106,1.4505889912877274,0.7676094408738398,-0.0021037874922773064,1.8935898122042782,1.4379337001239119,1.4337924388323813,0.01649098029855532,BNS,1.0,match,524288,128.0,2.8551593871921147e-20,1.2046338759846607e-21
470,BBH,41.96998546875017,21.355136858044244,25.77208168863204,0.5088192578466524,0.07202981763035252,41.359746603834175,22.37329043237749,26.236851364759424,0.05464107059872419,BBH,1.0,match,65536,16.0,6.596266140026096e-19,4.313469608532622e-20
471,BNS,1.265077288574972,1.097210249411994,1.0251268229175876,0.8673068905125398,0.03253152188669658,1.2899547796662625,1.0834085436169478,1.0283647933686877,0.03529177717884043,BNS,1.0,match,1048576,256.0,1.6196674463049115e-20,6.416712045480238e-22
472,BNS,1.2930376744328185,1.2793880524225607,1.1196944173505656,0.9894437553675727,0.009652232407807812,1.267312092024477,1.252663772884662,1.0968609662591386,-0.006861562018705337,BNS,1.0,match,1048576,256.0,1.9148426623270567e-20,6.896987563532809e-22
473,BBH,10.344970539301029,9.217940954423328,8.498283404855869,0.8910553122799082,-0.037851983037994384,10.20669172468275,9.272529709457674,8.467118149079383,-0.03379500995958908,BBH,1.0,match,131072,32.0,2.3296640493384833e-19,1.3181270325308512e-20
474,BBH,12.866852373112184,5.228702096914002,7.001729865121118,0.40636994544527477,-0.037279286193079006,12.514878623140778,5.14442401733403,6.852725404081422,-0.05172572044002513,BBH,1.0,match,131072,32.0,1.665540653261528e-19,1.1153457788250022e-20
475,BNS,1.2742024022933998,1.1999679269900145,1.0763633849826164,0.9417404368648398,-0.007856079388880723,1.2478490643288573,1.1926499904829113,1.0619628180719636,-0.008947575402811762,BNS,1.0,match,1048576,256.0,1.512383979526521e-20,6.676138708796097e-22
476,BBH,9.542803968415106,8.474395296886168,7.825883456857634,0.8880403836162652,0.04871143198275011,9.591129588528448,8.626123989236397,7.916162349234597,0.06950429381419736,BBH,1.0,match,131072,32.0,1.99679259983171e-19,1.2417642676705503e-20
477,BNS,1.6867539585414577,1.6216447085726482,1.4397294918902692,0.9613996756082258,-0.0026679426651761203,1.6594708137918195,1.6584833151431237,1.444223341210523,0.0038654511872568205,BNS,1.0,match,524288,128.0,2.4945465696842116e-20,1.197826460651596e-21
478,BBH,37.75431708601709,34.9808953252,31.63221338559129,0.9265402747320711,-0.12182958006124371,38.48490119005783,34.75633208124076,31.830499851417752,-0.11790739609266898,BBH,1.0,match,65536,16.0,8.674364638027549e-19,4.9205203107967354e-20
479,BBH,17.054402093476735,12.106146343333352,12.472293238143427,0.7098546332482639,0.22081775372319923,16.725341347033734,11.950261788683283,12.272949107980109,0.22542634048111004,BBH,1.0,match,65536,16.0,3.346237506371455e-19,2.5606716879525663e-20
480,BNS,1.9965052596345587,1.1520324275067464,1.3104465695003715,0.5770244891403967,0.00043187770837385095,1.9675729504551447,1.1557572337350939,1.3036316581001868,0.02798898697333198,BNS,1.0,match,1048576,256.0,2.3265463023973618e-20,7.82836958022305e-22
481,BNS,1.4274291908485037,1.2181281938047017,1.1472157589190788,0.8533720632969628,-0.021582489556783633,1.4265340585481847,1.1829621290125847,1.1299011703810313,-0.0331134929324066,BNS,1.0,match,1048576,256.0,1.8032628379517463e-20,7.031929462751343e-22
482,BBH,28.80379566108311,5.797036034410757,10.611484038619333,0.2012594486720078,-0.16269733658679686,28.74664217011046,5.843308347662013,10.650195213759945,-0.16956321255334564,BBH,1.0,match,131072,32.0,2.1718138410579575e-19,1.4417020538583285e-20
483,BNS,1.4156781931122342,1.1039140422165632,1.0866103259835287,0.7797775282458176,-0.000589676190061424,1.4358788014788428,1.1169123126415954,1.100725585827532,0.0004525732797102778,BNS,1.0,match,1048576,256.0,1.7507222994640006e-20,6.726551743673687e-22
484,BNS,1.4509247473159945,1.0935095613675094,1.0943651013126523,0.7536638708453677,-0.008088793975150953,1.4270104170318727,1.0918744898090136,1.0847215114560569,-0.028449591414758602,BNS,1.0,match,1048576,256.0,1.7762589119774443e-20,6.764599744987923e-22
485,BNS,1.0194061504940175,1.0078430837409509,0.8823942564908324,0.9886570561228584,-0.00017637554832553395,0.9946183052288153,0.9912212806392459,0.8643853674067222,-0.031159320060001505,BNS,1.0,match,1048576,256.0,1.156659717647166e-20,5.672545221851035e-22
486,BBH,30.000131039597623,20.294089026043174,21.398927739191006,0.6764666794040567,0.5631085113731534,29.777762236174,20.710600715686503,21.548279219546245,0.5526057051721801,BBH,1.0,match,65536,16.0,5.7859433377721e-19,4.074751383997563e-20
487,BBH,26.79420149084669,25.024468588442712,22.53959753429085,0.933950899674747,-0.05202557519273322,26.82721749144112,24.641416287500324,22.37877188891254,-0.05441829686667215,BBH,1.0,match,65536,16.0,6.182023616404943e-19,3.904440922373632e-20
488,BNS,1.5523585814504326,1.4617082625513236,1.3112366310412735,0.9416047812777827,-0.010413095362903402,1.569898390881305,1.4667055031406295,1.320842548740557,-0.0006302247649625409,BNS,1.0,match,1048576,256.0,2.0369617836268713e-20,7.845844688968407e-22
489,BBH,14.227276933543248,12.4393212189898,11.575974392572569,0.8743290284637649,-0.2510877759088027,14.645207104446223,12.446743460214744,11.745802624360001,-0.2456517429559583,BBH,1.0,match,131072,32.0,3.0555145965837286e-19,1.6460117711278298e-20
490,BBH,14.111840536004575,11.371644103217914,11.015200051366909,0.8058228885314147,-0.1631335653508989,14.386924814171609,11.210991086952061,11.038911896873763,-0.17826066850512923,BBH,1.0,match,131072,32.0,2.923237849994857e-19,1.5962628025527028e-20
491,BNS,1.0711688225478937,1.0694532690635186,0.9317595247543263,0.9983984284752664,-0.006667024895659043,1.0910575875150101,1.0692783070461802,0.9402834707121038,-0.011624503593652784,BNS,1.0,match,1048576,256.0,1.2371943976204676e-20,5.931470903686481e-22
492,BBH,32.14420970228823,9.789803537390064,14.935258777575314,0.30455884988496584,-0.021732726126267938,31.467392111254657,9.670543535149324,14.693947467350501,-0.0004080411681359829,BBH,1.0,match,65536,16.0,3.373183933638936e-19,2.753080600516443e-20
493,BBH,8.022324378096512,5.519444969364362,5.7727439286394455,0.6880106948098729,0.1304267727922928,7.988452442282573,5.550919476399211,5.777990789222513,0.13943456362017861,BBH,1.0,match,262144,64.0,1.4960736938992999e-19,6.911586429695261e-21
494,BNS,1.5087931387734814,1.365316453685435,1.249157356214655,0.9049063245312207,0.004416089236036117,1.496845972609084,1.4050340019555085,1.26235783357197,0.0007129680316712954,BNS,1.0,match,1048576,256.0,2.1782830225522976e-20,7.542071577243305e-22
495,BNS,1.149832832692306,1.0279819940669992,0.9461673072395195,0.894027344531469,0.01796447956913637,1.1740350433722548,1.0373574403126669,0.9603566014157632,-0.00872593083447459,BNS,1.0,match,1048576,256.0,1.445708056005539e-20,6.007676449494962e-22
496,BBH,48.16267425801718,43.31469347012765,39.750699128611814,0.8993415365202124,0.0574343343157993,47.176049994727535,43.233156968910905,39.307967009093446,0.07685054325787634,BBH,1.0,match,65536,16.0,1.0861646476062101e-18,6.017473496445272e-20
497,BNS,1.7930794326950212,1.6003106398955729,1.474197044121886,0.8924928872170964,0.02531467772891683,1.7663197033872597,1.5660349626998011,1.4473455055175317,0.02383747783209431,BNS,1.0,match,524288,128.0,2.4559609470070937e-20,1.2215950396196163e-21
498,BBH,43.55315079965492,16.145842396566994,22.545235250183417,0.37071582882345494,0.02028290416300754,42.31884674211833,16.906576746818555,22.816659828609602,0.005431584861918955,BBH,1.0,match,65536,16.0,5.470437924124083e-19,3.790080391967101e-20
499,BNS,1.1562739771170794,1.1421770556332207,1.0004363402243759,0.9878083207242921,0.01029485053463538,1.1794735939316816,1.160953011878775,1.0186915732817505,0.0060803317245423935,BNS,1.0,match,1048576,256.0,1.4170566815830436e-20,6.288902976649292e-22
500,BBH,41.431064104732336,19.680361477259996,24.523983332622425,0.4750146273701927,-0.013831754827683588,41.69480696915421,19.361894156272356,24.382106189473664,-0.03870939497316524,BBH,1.0,match,65536,16.0,6.273913174181577e-19,4.0530967655693746e-20
501,BBH,49.87898341459854,20.721011052451974,27.468578682871108,0.415425689016496,-0.7271983437676607,50.76454112778174,21.186043594477276,28.02588465921781,-0.7316715873008866,BBH,1.0,match,65536,16.0,6.589023255461523e-19,3.683165001952319e-20
502,BNS,1.7980395012720187,1.2063649317260154,1.277071111082706,0.6709334977749796,-0.0008183695419247449,1.8476593619526305,1.2355473989184897,1.3100511740279075,0.018746810186208204,BNS,1.0,match,1048576,256.0,2.245965620575162e-20,7.672123350850128e-22
503,BBH,22.862961282717524,19.723348381894453,18.47625189473396,0.8626768920263905,0.13150414953212441,22.31768792027016,19.451424450596704,18.129645718137464,0.13995562084816643,BBH,1.0,match,65536,16.0,5.065176644620073e-19,3.446726403501638e-20
504,BNS,1.8400570085219017,1.7731568519854675,1.5724191574327253,0.9636423457389647,0.0012986840759853105,1.8230803954150545,1.8046912474394665,1.579054979103873,0.020183072791640725,BNS,1.0,match,524288,128.0,2.8237714061553844e-20,1.2871712107663965e-21
505,BBH,5.820398284504264,5.020467065629231,4.703328425269047,0.8625641786396814,0.24056507278938952,5.824022629397648,4.935267231766795,4.664053407493331,0.22019591774570943,AMBIGUOUS,0.5,ambiguous,262144,64.0,1.3076046529027502e-19,5.896452669364484e-21
506,BBH,44.47289148705124,25.509564068711303,29.09921055058005,0.573598055258869,0.15295716638263646,45.77653439952556,25.3729803388222,29.415365398230495,0.15902780952253107,BBH,1.0,match,65536,16.0,7.554167303912746e-19,4.818868065415942e-20
507,BBH,36.11993661983384,34.632426224085144,30.788586344479597,0.9588174693824937,-0.1628615237481183,36.92727080305758,35.679112737064145,31.598159952350525,-0.1632233131300211,BBH,1.0,match,65536,16.0,8.211825514916256e-19,4.789275482075572e-20
508,BBH,38.51164824090731,8.958759500951615,15.396407534996953,0.232624670980339,-0.005213297478953339,38.143783210509355,8.815538238067047,15.1935478109408,0.00452004864136904,BBH,1.0,match,65536,16.0,3.226280027047641e-19,2.734936992959937e-20
509,BBH,28.041887005855454,8.816498737118165,13.260343325920145,0.3144046167534012,-0.01620371769919679,29.076137087656363,8.88592425630271,13.535479066856574,-0.015092330861582771,BBH,1.0,match,65536,16.0,3.100658191476755e-19,2.5367402168950003e-20
510,BBH,19.40471446489461,8.242163086533473,10.815332067820234,0.42475054716442784,0.13125190465647263,19.714359064186777,8.16571785837584,10.839454479452518,0.13225897927251473,BBH,1.0,match,131072,32.0,2.6376027327553076e-19,1.5792900891304747e-20
511,BBH,31.189942645519473,10.26460140468851,15.125145837138986,0.329099720424239,0.3208497119515592,30.914313515373358,9.941500712905306,14.801855458262365,0.315637287599315,BBH,1.0,match,65536,16.0,3.54829882694124e-19,2.9175050733235115e-20
512,BNS,1.1570113241517919,1.1222023209926395,0.9919465152366616,0.9699147256102519,0.02726969621006915,1.1526565219573668,1.112251306835368,0.9856701291132962,0.031338530068402044,BNS,1.0,match,1048576,256.0,1.5581453056706082e-20,6.246143881512552e-22
513,BBH,46.36499447160726,20.53693896060644,26.433083083252633,0.44294061057599693,0.25053558601455594,48.304598986932334,20.675049154825434,27.034405529431638,0.22743348966493357,BBH,1.0,match,65536,16.0,6.762651096485685e-19,4.499340382462997e-20
514,BBH,39.885496348694666,23.653858093235947,26.559606304035857,0.593044095188001,-0.7846349067758732,39.84352715978551,23.943875308091908,26.716794400064238,-0.7985797644802479,BBH,1.0,match,65536,16.0,6.854159665527542e-19,3.754470838657118e-20
515,BNS,1.2284364717174272,1.1352817117998637,1.0279089964026937,0.9241680281705349,-0.021320028902924972,1.231297952694473,1.1140922337862245,1.0193599390694883,-0.01593580105600657,BNS,1.0,match,1048576,256.0,1.7386341410282654e-20,6.427847664546592e-22
516,BBH,42.41129566473627,18.917142531031782,24.270004946321805,0.44604019364494024,0.11715208009711893,43.707860557467214,19.30363634932124,24.87913326856619,0.1199514371798688,BBH,1.0,match,65536,16.0,6.145450279631599e-19,4.101983797663389e-20
517,BBH,6.839149539725345,5.5787580389254705,5.37172894966727,0.8157093227046924,0.6291543983374572,6.560302297571266,5.70392128593036,5.322680691252519,0.6246405163067438,BBH,1.0,match,262144,64.0,1.4309839492708583e-19,6.655269442253023e-21
518,BNS,1.0202587600177462,1.017062783577442,0.8867943993241191,0.9968674844406642,0.03137856403085326,1.0308511476380846,1.0130020215914963,0.8895980534151905,0.020795599302103115,BNS,1.0,match,1048576,256.0,1.3037926493108437e-20,5.697382168808576e-22
519,BBH,31.28285042132228,6.181188186156778,11.405230109282922,0.1975903123566931,0.4126626376309786,31.05598033884925,6.125821254687796,11.31148573799886,0.44662988052165026,BBH,1.0,match,131072,32.0,2.361917391321557e-19,1.6305582024896755e-20
520,BBH,12.448917569526357,9.905316937023022,9.654460719266206,0.7956769640173534,0.25075245585647704,12.560536980977952,9.869823018080714,9.678839633838274,0.2594291484446474,BBH,1.0,match,131072,32.0,2.603416528204145e-19,1.485560516543812e-20
521,BNS,1.495653974576189,1.3244402054243793,1.224800538878249,0.8855258154210937,-0.010386161555191703,1.5218475281077093,1.2660935115421375,1.2073840624204322,-0.027651482638931153,BNS,1.0,match,1048576,256.0,1.8058600292716975e-20,7.420044481082305e-22
522,BBH,15.86700772798073,14.393988980876005,13.153128828032445,0.9071646795440123,0.02552469064940186,15.647403597033815,14.60191710318904,13.157342276654228,0.02444995871761869,BBH,1.0,match,65536,16.0,3.4756718814229785e-19,2.628200014020567e-20
523,BBH,43.26940330188648,43.12119576257404,37.60362593623452,0.9965747727492702,-0.4973461407512007,44.3779171334252,42.19372804553204,37.66810344166899,-0.5212249718641828,BBH,1.0,match,65536,16.0,1.0275712865563097e-18,5.116115375662465e-20
524,BNS,1.0188515790379533,1.0085778786836226,0.882476331781545,0.9899163915866611,0.003963421833287191,1.0178636210669043,0.9991862681536104,0.8779267900199808,0.012404557329295567,BNS,1.0,match,1048576,256.0,1.2945867349255598e-20,5.67318959133838e-22
525,BBH,39.033820151192906,15.938492944440133,21.296301394866763,0.4083252134355351,0.10839578149224337,38.99051133436782,15.397342120388558,20.8901919480305,0.1289110150429005,BBH,1.0,match,65536,16.0,5.2591107940372835e-19,3.7022647271745636e-20
526,BBH,18.434401193846277,15.25296145085872,14.584667152431951,0.8274183300269294,-0.5238420878068134,18.54921409077467,15.364934516716026,14.683769304081705,-0.4985776508269826,BBH,1.0,match,65536,16.0,3.785074890006715e-19,2.6917234119375733e-20
527,BNS,1.557886678499744,1.4040169030859255,1.287154669731522,0.9012317278673978,-0.003051058038933389,1.580554979488931,1.4088088673011556,1.2986175109255726,-0.019411075883419913,BNS,1.0,match,1048576,256.0,2.1496816925085505e-20,7.728352497859957e-22
528,BBH,27.6421482925259,7.039039519952683,11.626053708770803,0.254648786536463,0.33072385246736197,27.742023737869076,7.307642016886741,11.890838093707085,0.34414710734704446,BBH,1.0,match,131072,32.0,2.470404780681591e-19,1.657503022256018e-20
529,BNS,1.9896584966717437,1.4883682710608346,1.4949503954733245,0.7480521273125734,-0.017899046499446066,1.9037749010832368,1.4872620923963684,1.4626329665246964,-0.028552102468207625,BNS,1.0,match,524288,128.0,2.6359239826468372e-20,1.234164145196841e-21
530,BNS,1.6832766145179412,1.0011143200473287,1.1225723615313443,0.594741417668913,0.0017110696353724742,1.657399845347759,0.996171100733612,1.1114517112060796,-0.012136591367179381,BNS,1.0,match,1048576,256.0,1.8207795805201783e-20,6.900462686533645e-22
531,BNS,1.7037366196437684,1.6968017273907061,1.4801665931816061,0.9959295984055844,-0.024160026483833814,1.70400002528036,1.6841178020006193,1.4747334703211379,-0.0208573911280432,BNS,1.0,match,524288,128.0,2.482337565551016e-20,1.2248109838078814e-21
532,BNS,1.5537620942652262,1.3188989967265476,1.2453767615041047,0.8488423044908009,0.006647412467114652,1.5439753619751526,1.3829095901741368,1.2716844538313548,0.0016087415023518612,BNS,1.0,match,1048576,256.0,2.1695726200373184e-20,7.5228269667202935e-22
533,BNS,1.821374136327675,1.0649453772707445,1.2038351439458037,0.5846933675131286,-0.01634841687201388,1.8400466815966088,1.0704340146130629,1.2129427434429476,-0.017255201387655645,BNS,1.0,match,1048576,256.0,2.0032533477441882e-20,7.30363065868495e-22
534,BBH,39.60778612280092,22.503174325980584,25.78582094656545,0.5681502686419082,0.5044549870343352,39.65459724471568,22.214676467916657,25.625073395126854,0.5200215567868491,BBH,1.0,match,65536,16.0,6.8454077222333465e-19,4.6667989269512557e-20
535,BBH,14.122478955320746,6.927942816454234,8.504660429532814,0.49056138361913304,0.47870834534753026,13.91480415650413,6.7935659347613875,8.358257606751131,0.47496198234105,BBH,1.0,match,131072,32.0,2.226021573583335e-19,1.3523463718940953e-20
536,BNS,1.986590075922091,1.642959528032447,1.571341313030588,0.8270249348093893,0.0028773904766984564,2.0297232932476104,1.5999906522285634,1.5665998789458213,0.006058292582812959,BNS,1.0,match,524288,128.0,2.926419234182556e-20,1.2861743816332943e-21
537,BBH,43.88624045692395,16.807617715224875,23.12446931400872,0.38298148896400014,0.18804515790467982,44.417724952107996,16.71941868886864,23.18491251801524,0.1936921860312575,BBH,1.0,match,65536,16.0,5.634941499839971e-19,3.968314192185658e-20
538,BBH,28.048388913497494,9.963635751374529,14.184409387237364,0.3552302337971295,0.5759522675123521,27.886322023386455,9.6171372732262,13.875478417739606,0.5646060676448398,BBH,1.0,match,65536,16.0,3.466345863052682e-19,2.8771912249226034e-20
539,BNS,1.2650213058056197,1.0723332526616258,1.0132384196099624,0.8476799937995654,-0.010842148416697703,1.2590458435189014,1.076380473485779,1.0128174578154625,-0.005264967182902109,BNS,1.0,match,1048576,256.0,1.618514035806196e-20,6.35254422062971e-22
540,BNS,1.175849749281006,1.0388501091793292,0.96178911313282,0.8834888214370521,-0.0393025736036042,1.1844648939424756,1.0198483969750818,0.9562688799893462,-0.04618226006739292,BNS,1.0,match,1048576,256.0,1.3639520870587427e-20,6.085465269996379e-22
541,BBH,46.32782951256349,13.888616331761792,21.338187993176085,0.2997899206133839,-0.24727512075688202,45.43204060411487,14.045477143228503,21.284756082479802,-0.25832165789794653,BBH,1.0,match,65536,16.0,4.799546498997672e-19,3.3439455489021066e-20
542,BBH,44.6938249592976,9.261761244063386,16.740074250031725,0.20722686528839313,0.0039017533613837432,44.07843379055639,9.328140777960769,16.706820366719196,0.0369580953920609,BBH,1.0,match,65536,16.0,3.385925206430021e-19,2.868542655129343e-20
543,BBH,31.06643881525455,15.648574787107782,18.974417898084717,0.503713183225361,0.2452362927822816,31.46666671333615,15.41883071579827,18.937977783090396,0.2526213220850046,BBH,1.0,match,65536,16.0,4.934571222455435e-19,3.519501812218501e-20
544,BNS,1.1422829785565924,1.0158453400349496,0.9374439834699853,0.889311457059956,-0.039342525662624805,1.1524705057958498,1.0137611109267683,0.9405855230699994,-0.018940108397039145,BNS,1.0,match,1048576,256.0,1.36667994184753e-20,5.958878539933467e-22
545,BBH,25.388695436442227,22.464450405311393,20.78258721074301,0.884820981115341,0.17273644536949131,24.150571317047564,22.25008522849694,20.176722809601248,0.17312875995761293,BBH,1.0,match,65536,16.0,5.594619862645899e-19,3.791755269732413e-20
546,BNS,1.400212021176598,1.1914988259983432,1.1237123219395755,0.8509417202382871,0.01402188818887936,1.4143789481505202,1.2272819633654828,1.1463854548818142,-0.00839091727238924,BNS,1.0,match,1048576,256.0,1.9148635525764126e-20,6.9165724335211235e-22
547,BBH,18.362243201797522,6.155131360264087,8.995038867040629,0.3352058510836817,-0.2200224348257566,18.64029103416049,6.262070941845364,9.142275299066915,-0.2239178232218664,BBH,1.0,match,131072,32.0,2.0924523960699398e-19,1.3249070614869683e-20
548,BNS,1.3447661939659543,1.2035393445955485,1.1071690716672002,0.8949803690752347,-0.016246459007118956,1.3597575549008942,1.200755008255044,1.1119471603737787,-0.0240346006229411,BNS,1.0,match,1048576,256.0,1.9115646366750614e-20,6.831272718600462e-22
549,BNS,1.0701600994852098,1.0236163829623781,0.911098907885863,0.9565077070755851,0.003783828163224875,1.1127735938343173,1.0149630784004926,0.924976411133648,-0.007790557257453849,BNS,1.0,match,1048576,256.0,1.4153082688005957e-20,5.823807830215709e-22
550,BNS,1.2366759014870183,1.2152097086024929,1.0671961164254882,0.982642022167074,0.021415282712989286,1.2141909258244168,1.2093210028019152,1.054892281582226,0.030513799381737785,BNS,1.0,match,1048576,256.0,1.7099736633960094e-20,6.631758455058859e-22
551,BNS,1.225637985630359,1.175803245129161,1.045017895316475,0.9593397552250573,-0.03190199056519153,1.2085218850534798,1.15150321350721,1.0269007709342395,-0.065162897472883,BNS,1.0,match,1048576,256.0,1.778725778301973e-20,6.514806188377921e-22
552,BBH,13.850277182973333,9.688882258239724,10.05266235348623,0.6995442856660394,-0.13943263751493148,13.561107834320659,9.597446406855978,9.902121031683079,-0.13339517644194052,BBH,1.0,match,131072,32.0,2.58214550037934e-19,1.487709034545375e-20
553,BNS,1.0652156698995363,1.060788402957893,0.9253946137838237,0.9958437835015505,0.000270690908991948,1.059541283856053,1.0474184664194137,0.9170892820509958,-0.005734215728624941,BNS,1.0,match,1048576,256.0,1.4199393526282006e-20,5.898579769957939e-22
554,BBH,30.63402909408927,10.494537166904749,15.186990882139154,0.3425777632668513,0.3083904714574683,30.72316985880662,10.476943595558229,15.192900523010026,0.2959006008250725,BBH,1.0,match,65536,16.0,3.557181833587791e-19,2.9250508149931106e-20
555,BBH,8.374932018456793,6.453279147347124,6.389094221578447,0.7705470483969658,-0.5340184135278788,8.469898833066258,6.363622532953736,6.378238109441661,-0.4995547812389036,BBH,1.0,match,131072,32.0,1.6643786461381845e-19,1.0282514029936656e-20
556,BNS,1.9669471386349304,1.839326839137161,1.6556592077932648,0.9351175753577504,0.002702696511605879,1.9629215021101907,1.822915423035764,1.6465286444342726,0.009876104972116627,BNS,1.0,match,524288,128.0,3.321177579912518e-20,1.3423999634001513e-21
557,BBH,17.340342007566683,16.789743310715853,14.853662591134173,0.9682475295694531,-0.400436993189782,17.014495221940805,16.421915733393547,14.551300257098188,-0.38284770662677703,BBH,1.0,match,65536,16.0,4.009991158552843e-19,2.7667518528882737e-20
558,BBH,14.392709754663224,5.432674236537437,7.524010920885324,0.37746013983067056,0.09460364239321535,13.960807447480528,5.411486331367533,7.40457356983169,0.0952380559961864,BBH,1.0,match,131072,32.0,1.783796025078053e-19,1.1849258307140613e-20
559,BNS,1.5790161097901778,1.2996438734047682,1.245915190001993,0.8230719530641565,0.010274500285795444,1.5904166409558993,1.3182598615102916,1.259412732162065,0.018999095944291486,BNS,1.0,match,1048576,256.0,2.0628381909201152e-20,7.525395045011132e-22
560,BBH,29.32573333498979,18.43716508310953,20.134816712373166,0.6287026098375981,0.0715885608206773,29.751146536135572,18.649320557842785,20.39530113539632,0.07458629599593672,BBH,1.0,match,65536,16.0,5.361245882912174e-19,3.6291517990723465e-20
561,BBH,13.051615354540239,8.333267115243594,9.033714642638445,0.6384854969193309,0.5350693678154413,13.341210910187387,8.186124032052351,9.044115265519656,0.5384424072851117,BBH,1.0,match,131072,32.0,2.3570060661704867e-19,1.428906954510837e-20
562,BNS,1.8265478614895467,1.0609131324546377,1.2030489653637146,0.5808296376036185,-0.04480154059938346,1.793433500411415,1.0598342555779952,1.192025188552911,-0.04740366205226092,BNS,1.0,match,1048576,256.0,1.9175825230358287e-20,7.296581943280826e-22
563,BNS,1.4290751159868194,1.1694164018318631,1.124269119598537,0.8183029630491788,-0.027214726407077464,1.419739730420771,1.1657663374800944,1.1188787755073215,-0.01021672232241809,BNS,1.0,match,1048576,256.0,1.780730286354084e-20,6.915546475951207e-22
564,BNS,1.805586105695467,1.100960892156552,1.219996509073086,0.609752638594042,-0.008642697345562696,1.8349542409963935,1.0999093728090372,1.2287731134190654,-0.013212762746010274,BNS,1.0,match,1048576,256.0,1.9920382567119333e-20,7.385963391738793e-22
565,BBH,27.74289445517238,25.15516956565609,22.99214320174102,0.90672476897832,0.017590124241660697,28.160820111510017,24.536221513201866,22.87254771820264,-0.01792641196467375,BBH,1.0,match,65536,16.0,6.200803185880923e-19,3.99910547412297e-20
566,BNS,1.6353342430475841,1.275366412287866,1.2552938320872764,0.7798811880261937,-0.005770118728380408,1.6154207482675698,1.2796568930226955,1.2499581573615706,-0.004786892275383817,BNS,1.0,match,1048576,256.0,2.2246976405575562e-20,7.56891767892845e-22
567,BNS,1.6804310610924562,1.263667400570539,1.266023080808882,0.7519900279330846,-0.022827102689121612,1.7344186445494978,1.2941387975569876,1.3014686505449513,-0.02702511531578495,BNS,1.0,match,1048576,256.0,2.229610778433365e-20,7.619195545205836e-22
568,BNS,1.1090543064824314,1.075796929361278,0.9508795193704309,0.9700128506541439,0.019216350962027857,1.149836740569697,1.068470621131997,0.9647947152816184,0.023062357608287263,BNS,1.0,match,1048576,256.0,1.4059192745353366e-20,6.032648165332334e-22
569,BBH,36.13970148739314,19.97533505619708,23.1884291975684,0.5527255133295778,-0.28398894919221007,36.1625169632553,19.836153173380964,23.109689984173066,-0.2749586206262891,BBH,1.0,match,65536,16.0,5.906850666256386e-19,3.7528775106860325e-20
570,BBH,44.527229473410294,33.07093162152169,33.33289052334115,0.7427125382069908,0.32498685984465914,46.29157641289539,33.45407146831603,34.16875638266462,0.27557468747328034,BBH,1.0,match,65536,16.0,8.974990357363136e-19,5.547098006687774e-20
571,BNS,1.4656085100069332,1.1803734448148013,1.143681430022051,0.8053811346996187,0.016584312930002915,1.475873998350378,1.2003494585241028,1.157469923554611,0.0076772474293368064,BNS,1.0,match,1048576,256.0,1.985918286267624e-20,7.016503402596852e-22
572,BBH,12.242634061167921,6.997243800758947,7.9954085914248445,0.5715472475774894,0.371745371525195,12.12952799152447,6.811341698431254,7.84812583866474,0.3953596491100707,BBH,1.0,match,131072,32.0,1.9860412725718446e-19,1.2822231073383805e-20
573,BNS,1.2866920254570755,1.2172312840740682,1.0893926087247774,0.9460160318019127,0.020648677218832966,1.2862433843335368,1.216263287433689,1.0887681361783716,-0.00047163089281442646,BNS,1.0,match,1048576,256.0,1.649234678101403e-20,6.744426713770451e-22
574,BBH,33.425077351097116,10.339955648952271,15.664956964024613,0.3093472466897038,0.2690476847005926,32.97563315437452,10.643893219776862,15.821221184304527,0.25390037797061615,BBH,1.0,match,65536,16.0,3.6882947579208005e-19,2.977125277683829e-20
575,BBH,31.783143793509595,25.973566941599636,24.98714162660892,0.8172120137122393,0.2745211997170966,30.58183461729958,25.290117433088767,24.18855137902565,0.24352583749396894,BBH,1.0,match,65536,16.0,6.709220400146447e-19,4.423444354804031e-20
576,BBH,15.650780161894533,14.145538637201614,12.949731559144048,0.9038232273968183,-0.3216545894707668,16.026530477511493,14.259718050035113,13.155918518683112,-0.32985097621748016,BBH,1.0,match,65536,16.0,3.3665992065620644e-19,2.5207236376082732e-20
577,BNS,1.2436967542327269,1.0574290788812937,0.9976802532398835,0.85023063321706,-0.03247750814967128,1.2661421827890582,1.070765635873132,1.0129262485638375,-0.040292747954438,BNS,1.0,match,1048576,256.0,1.6291268171920172e-20,6.271078464115747e-22
578,BBH,19.26687033092539,17.45220334909269,15.959472037986794,0.9058141280517177,0.0020421967436853087,19.733802512297167,16.940542619912076,15.907809562733622,-0.006131786715322597,BBH,1.0,match,65536,16.0,4.292175850077626e-19,3.0420441141729255e-20
579,BNS,1.9106640422500436,1.2039289983373143,1.313381400209528,0.6301102505281561,-0.02472868325815694,1.930090731319623,1.1829716362199456,1.3076564788490752,-0.030393538513953273,BNS,1.0,match,1048576,256.0,2.1216916139226903e-20,7.844322687388501e-22
580,BNS,1.10309947008531,1.0007091192928808,0.9144338102321043,0.9071794035178797,0.028303624729745076,1.0732761626912317,0.9767119066145465,0.8911206604616088,0.01315634719197651,BNS,1.0,match,1048576,256.0,1.42367540668791e-20,5.842418291028409e-22
581,BBH,26.201711081242525,12.488186323154894,15.537383966106164,0.47661720581657085,-0.020701259609972964,25.918043834337446,12.556122333212127,15.503894760735454,-0.033255194213918385,BBH,1.0,match,65536,16.0,3.93062969085522e-19,2.923127605953953e-20
582,BBH,39.83108386965967,27.667367033566293,28.804159848293423,0.6946174782514822,0.126888555795331,40.7705699338514,27.97689297276196,29.29789534302444,0.10192425329511573,BBH,1.0,match,65536,16.0,7.790807592963519e-19,4.7934106326813425e-20
583,BNS,1.196966455959477,1.0573690933959037,0.978997185217649,0.8833740395409214,-0.00027585178139583717,1.2270141063936923,1.0638861896793526,0.9941355367092226,-0.024380508577084705,BNS,1.0,match,1048576,256.0,1.4834423556783976e-20,6.177009803565871e-22
584,BBH,33.328245713154686,22.988660270303182,24.014188352416483,0.6897650859921961,0.06086909705867291,33.851539776819294,22.546322984362295,23.951899565125526,0.056303408992390246,BBH,1.0,match,65536,16.0,6.357792801370799e-19,4.140345258479343e-20
585,BBH,43.32388218335368,6.779149622532328,13.828298635514503,0.15647604233253773,0.05919774048776652,44.36089710535267,6.793021163748758,13.984991015100931,0.02871022816168875,BBH,1.0,match,65536,16.0,2.6119191446028943e-19,2.4471553907083355e-20
586,BBH,15.833432908588728,6.633076811713203,8.759250487686176,0.41892853242932176,-0.2554250807077179,15.41699633012219,6.445338613515326,8.519380112484152,-0.23259692921167435,BBH,1.0,match,131072,32.0,2.1363608887011122e-19,1.307644637203807e-20
587,BBH,12.160298619071275,12.018844236715406,10.524367089006114,0.9883675239575102,-0.2831484837150335,12.435039686027975,11.938662222311438,10.606629659155216,-0.2837339334390808,BBH,1.0,match,131072,32.0,2.81575453199138e-19,1.5303225429873237e-20
588,BNS,1.5496338106932468,1.3312316782164852,1.2496403506546339,0.8590621016593225,-0.03922359967083838,1.5611199478122708,1.3173437278746223,1.2475244844465534,-0.04907001818985954,BNS,1.0,match,1048576,256.0,2.128885134896567e-20,7.539624508505363e-22
589,BBH,28.08295027300853,19.393954125905015,20.24738673262277,0.690595323403225,-0.28111772376073335,28.068743520967477,19.72140210921166,20.41873277443737,-0.2752357158620521,BBH,1.0,match,65536,16.0,5.417900211973804e-19,3.480109955204717e-20
590,BBH,49.29413053018274,14.891879870383235,22.80125568020568,0.3021024959810368,-0.14488225164282925,47.199120000684154,15.07323035892485,22.512570777368936,-0.16723679353932958,BBH,1.0,match,65536,16.0,5.2155328924001e-19,3.590565764782732e-20
591,BBH,23.751546060560322,5.9671962026831915,9.914509567755488,0.2512340117762599,0.5260335418476971,23.81132207779346,5.918328976881564,9.879878519515847,0.5083684966792307,BBH,1.0,match,131072,32.0,2.14131940949734e-19,1.50268199592354e-20
592,BBH,39.14889081166788,16.735857625065023,21.89584956613838,0.4274925107220941,0.08506134669734801,38.79939679734105,16.52826656437103,21.659224534301437,0.08975220426952175,BBH,1.0,match,65536,16.0,5.426670638686628e-19,3.74566263149727e-20
593,BNS,1.861825099441743,1.4854282723773962,1.4458945552175686,0.7978344866135885,-0.03260424409957061,1.7980933600937636,1.5418905969416599,1.4486737881186946,-0.044708112628040725,BNS,1.0,match,524288,128.0,2.5353571995177453e-20,1.2010701458334377e-21
594,BBH,27.949501828033906,24.201417164409595,22.62958180843455,0.8658979796246348,-0.19819862021485668,27.912704191046323,23.928485838895742,22.485123959510144,-0.2032902335984239,BBH,1.0,match,65536,16.0,6.019148966693045e-19,3.828109187859376e-20
595,BNS,1.6014675351744794,1.4611461140072577,1.3314002346127318,0.91237947814413,-0.02304018864624742,1.572873902160494,1.4536080000344733,1.3161249140236124,-0.03270014261852195,BNS,1.0,match,524288,128.0,2.4803873993165178e-20,1.1233610392450458e-21
596,BBH,6.883768643307714,5.827881971186797,5.510129660658348,0.8466121209422934,0.057703300335578904,6.77152378023071,5.863087175234109,5.482457591489022,0.060555851614706675,BBH,1.0,match,262144,64.0,1.247098322510173e-19,6.650712608050695e-21
597,BBH,26.498851490882917,23.800866003279815,21.856407394255573,0.8981848142161422,-0.33657745485611906,26.276663572880413,23.35629417191029,21.55909186227012,-0.35133727869289183,BBH,1.0,match,65536,16.0,5.781135481082339e-19,3.657973331377573e-20
598,BNS,1.3189695925826421,1.2964584427835395,1.138380571956489,0.9829327757624616,0.008089335562852988,1.3077240159454442,1.2284159793042637,1.1032712202201616,0.004625020119253459,BNS,1.0,match,1048576,256.0,1.9911493937527926e-20,6.990967354471558e-22
599,BBH,34.629504178247416,7.6063222544376075,13.40406105585168,0.21964860412917872,-0.11564440537615542,35.49665713465643,7.5983019389259105,13.541198590445397,-0.10257939181185963,BBH,1.0,match,65536,16.0,2.775190571025618e-19,2.4405304563437183e-20
600,BNS,1.301769298519496,1.299113737979852,1.1320993881257957,0.9979600375099765,0.003300466415317945,1.3088849838101844,1.2803083504784638,1.1269294850897025,-0.03561011092674148,BNS,1.0,match,1048576,256.0,1.8643603419356192e-20,6.958993454883906e-22
601,BNS,1.7462818127353477,1.0926508966860977,1.1959869330105952,0.6257013551407187,-0.002015428188628167,1.7461770482786019,1.1149302027562333,1.2086338296058718,0.004441438830998528,BNS,1.0,match,1048576,256.0,1.8274464208895952e-20,7.268813215961173e-22
602,BBH,13.64514009121451,5.037025497905867,7.047025539500021,0.36914428611465705,0.017134672120539443,13.538761074981236,5.044366281344458,7.027608544843589,0.012014789185953972,BBH,1.0,match,131072,32.0,1.694453413827681e-19,1.1215952462688274e-20
603,BNS,1.0542910877479126,1.0470253348641734,0.9146445364417359,0.9931083995983883,-0.02243133948445512,1.0618419966942514,1.0026502246118125,0.8981791347416798,-0.020482807478306768,BNS,1.0,match,1048576,256.0,1.2285604825681922e-20,5.841030800532312e-22
604,BBH,35.371719536475176,31.73789156905992,29.159736991103628,0.8972674211196301,0.3568275025031229,36.24812454984446,31.76267574289897,29.526093888380977,0.36692519860188383,BBH,1.0,match,65536,16.0,7.925527043156149e-19,5.0570099715936926e-20
605,BNS,1.172157884969703,1.0293064885078036,0.9558201063470838,0.8781295606217829,-0.01759710730717698,1.1744954110461345,1.0247606843327763,0.9546168738660308,0.0021944030801753227,BNS,1.0,match,1048576,256.0,1.4163514950520548e-20,6.05572214519955e-22
606,BBH,25.30348004900896,9.976388692395798,13.54524228327926,0.39426943144077664,0.7169150998838848,25.546293417666828,9.708979896838242,13.404668601919814,0.7203141903516493,BBH,1.0,match,65536,16.0,3.357070242856106e-19,2.819427451375179e-20
607,BNS,1.2928468392547088,1.035924537836278,1.0062357615525268,0.8012739841893882,-0.01936756307015118,1.2664187939466383,1.0177387569059644,0.987149625115636,0.007765170837389354,BNS,1.0,match,1048576,256.0,1.3088373021477574e-20,6.315210406170232e-22
608,BBH,5.200206116398835,5.038634663550573,4.456048394516766,0.968929798313427,0.021788013459793695,5.17315708417472,5.09998404846342,4.471508280980886,0.02147047924391044,BBH,1.0,match,262144,64.0,1.093849586856559e-19,5.607666366726874e-21
609,BNS,1.626922015704689,1.1154415370140698,1.1685925780208208,0.6856146307239716,-0.025811657678088247,1.65306060762355,1.1109830265698981,1.1751376519315797,-0.029178946774494167,BNS,1.0,match,1048576,256.0,1.732951813071614e-20,7.133584531539746e-22
610,BBH,25.734256983130596,18.540788183609834,18.964967071195712,0.7204710901800566,-0.19129833322684905,26.496884274550574,18.71872006251846,19.32969080170741,-0.17067029637241898,BBH,1.0,match,65536,16.0,5.024962780818458e-19,3.368710805802031e-20
611,BNS,1.258121499649558,1.2075384046454185,1.0729697717534272,0.9597947455645348,0.031249862043476014,1.2237215922501004,1.1945084018432401,1.0525035720404632,0.032115160470293475,BNS,1.0,match,1048576,256.0,1.584108316474467e-20,6.661813925059926e-22
612,BBH,31.32809402417843,9.077284785097444,14.159441520363552,0.28974902776057065,0.431155770438202,31.024398207564666,9.273170528426592,14.266032151788187,0.4012586746835282,BBH,1.0,match,65536,16.0,3.3084982306539394e-19,2.796234358687019e-20
613,BBH,27.06792877668351,26.104441683837962,23.140058688578282,0.9644048460155732,0.5611029846544189,27.948844309598528,26.06093464980208,23.491882772940485,0.5753287059180295,BBH,1.0,match,65536,16.0,6.295583007284808e-19,4.353484240431994e-20
614,BBH,13.000374841134859,10.851425450723454,10.331452100841597,0.8347009669589024,0.25540974695615715,12.449875707385804,10.839870679576075,10.108355756264112,0.2436445687261966,BBH,1.0,match,131072,32.0,2.7595526071951826e-19,1.5685807374024036e-20
615,BBH,40.323286097968,24.59825635192117,27.25199987884104,0.6100260849812223,-0.12592208587914605,39.43660777367876,25.0982519253712,27.25002726545466,-0.08816582835413377,BBH,1.0,match,65536,16.0,7.074513726256386e-19,4.342533037248504e-20
616,BBH,31.25720981613093,31.03134658089258,27.112455034860773,0.9927740436025166,-0.3970995915930352,32.57978352596152,31.896202318291486,28.062910086863447,-0.42139756961627156,BBH,1.0,match,65536,16.0,7.341420348012791e-19,4.203556380274589e-20
617,BBH,20.095066667716747,5.18501724128558,8.51428320040811,0.2580243861353019,0.3318283979735485,20.249920692918575,5.07330833924668,8.439659675531264,0.33516914260038067,BBH,1.0,match,131072,32.0,1.8633705378441313e-19,1.3047053816389519e-20
618,BBH,20.613201141538845,14.964450179325087,15.25064699331099,0.7259643990553881,-0.21361230298452533,20.824032548973314,15.06249743176595,15.377679266790851,-0.1952092024521141,BBH,1.0,match,65536,16.0,4.0507066581689117e-19,2.864006231382657e-20
619,BNS,1.0864841962453844,1.054846825655766,0.9319463817899868,0.970880965688273,-0.004143359005135395,1.0817116807341556,1.0601705496389258,0.9322518107545925,-0.018432066112532838,BNS,1.0,match,1048576,256.0,1.309396243930239e-20,5.932568491813876e-22
620,BBH,20.47129016872328,16.848543469880386,16.15238309102701,0.8230328099018476,0.02996418301559304,20.310016577983294,16.39837825269144,15.869148631208523,0.044542767500529275,BBH,1.0,match,65536,16.0,4.3024906737252717e-19,3.0763939571509834e-20
621,BNS,1.6658537063562053,1.5522780809423602,1.3997261158011836,0.9318213688389997,-0.01926968114357785,1.6397753026017043,1.5894240481737496,1.405385605804227,-0.004306618611153641,BNS,1.0,match,524288,128.0,2.3522599236519543e-20,1.1702911226844178e-21
622,BNS,1.7234095031624597,1.5416438370160788,1.418552666878802,0.8945313543804647,-0.005214933862605511,1.7367542689502682,1.5431523301049839,1.4246756746022384,-0.004598196525294758,BNS,1.0,match,524288,128.0,2.729997203625523e-20,1.1833061017200242e-21
623,BNS,1.9043577000916412,1.8395217038663798,1.6293249026870784,0.9659538771407591,0.0007703086334413559,1.9822391980628993,1.816487931844217,1.6516024802415146,-0.009925902200515334,BNS,1.0,match,524288,128.0,3.153760948138067e-20,1.324983792361116e-21
624,BBH,45.508365279718085,40.82957407265131,37.514513182748075,0.8971883261833624,0.32646304934229775,46.22613333730146,41.50099952753885,38.11894631759079,0.338772256254111,BBH,1.0,match,65536,16.0,1.0144923872736545e-18,6.11682978339906e-20
625,BNS,1.9970263616391728,1.0301293427678413,1.2352600089068266,0.515831619729999,0.011532953735129216,1.9620414787246814,1.0281296736969143,1.2238112396011556,0.04202575483986914,BNS,1.0,match,1048576,256.0,1.9270454212844215e-20,7.454881142300803e-22
626,BBH,14.860250333808555,11.869695855763826,11.547283089918617,0.7987547712274458,0.031094773308067685,14.418166447849215,11.926470672707755,11.405510889381096,0.036773747288881616,BBH,1.0,match,131072,32.0,3.064003703998927e-19,1.680491129122865e-20
627,BBH,25.498890778546183,24.06769776151648,21.564316472262995,0.9438723421556103,-0.036331552550988466,24.730294652398037,23.103368107293356,20.806356032110067,-0.03523227250418215,BBH,1.0,match,65536,16.0,5.911887737443289e-19,3.792560834880678e-20
628,BNS,1.3256948097375845,1.2240249603641973,1.1087708706102073,0.9233082541874684,-0.015145337128633854,1.2767533688676438,1.2270436361419015,1.089583176030627,-0.023619418308645376,BNS,1.0,match,1048576,256.0,1.913969934931442e-20,6.839641111196642e-22
629,BNS,1.7293504449521397,1.258668202201467,1.28114976642256,0.7278271479765346,-0.031000791102140164,1.7607644903971258,1.2661807203518116,1.296335064849277,-0.03451104715394786,BNS,1.0,match,1048576,256.0,2.2490366020320478e-20,7.691628655272711e-22
630,BBH,37.7288851832344,20.334956472869216,23.88741631873294,0.5389758105523211,-0.22958116319959485,37.98464063519732,21.322207240083458,24.572149041150933,-0.2039299207355687,BBH,1.0,match,65536,16.0,6.198844583666202e-19,3.8252999354431795e-20
631,BNS,1.7854440223341705,1.0047835737651716,1.1565471245879582,0.5627639742250695,0.032930734816182604,1.7580771405803897,0.9885157768931521,1.138292986894082,0.054165344327233134,BNS,1.0,match,1048576,256.0,1.697078570174254e-20,7.071041073195167e-22
632,BNS,1.4429140631136037,1.2914517642522594,1.1880093812191044,0.8950302705245591,0.0070862199889565785,1.463492017008763,1.2660758927101559,1.184380579666143,0.0003077912425711026,BNS,1.0,match,1048576,256.0,2.137403581357794e-20,7.238868518197383e-22
633,BNS,1.155545799937268,1.0200909482060017,0.9447966771367099,0.8827784656059328,0.03150764850297727,1.186280388870445,0.9806840982411109,0.9381224556139547,0.04055869521020119,BNS,1.0,match,1048576,256.0,1.48885352562138e-20,6.001233326492438e-22
634,BNS,1.5373986255693408,1.2394648435151514,1.2003323623946407,0.8062091528513912,-0.024034751162034993,1.5995891489857994,1.2192792276242252,1.213534185770749,-0.014010074524965567,BNS,1.0,match,1048576,256.0,2.1703487022045e-20,7.295907415024408e-22
635,BNS,1.1782460031510935,1.1151375727610924,0.9977995756042879,0.9464386637245326,-0.03705054875473852,1.2042255384343352,1.0914932238786734,0.9978231820962633,-0.020078483256135114,BNS,1.0,match,1048576,256.0,1.557407422100577e-20,6.272188180077872e-22
636,BNS,1.8097691790479546,1.6446967266902996,1.5015826007867255,0.9087881182480448,-0.0179120173057776,1.7367180602024335,1.6420521071845366,1.4700023289713788,-0.03594121286804139,BNS,1.0,match,524288,128.0,2.711025792946987e-20,1.2392724315838004e-21
637,BNS,1.2077307353695816,1.1418582090601694,1.022235597322725,0.9454576054245615,-0.03321957879691787,1.214884597574337,1.1644997978984324,1.0354085438793699,-0.04168372472086589,BNS,1.0,match,1048576,256.0,1.540437787066798e-20,6.398055442270112e-22
638,BNS,1.3661563678024198,1.3236226320984046,1.1706186458651713,0.9688661293052168,0.03968072267677281,1.3524503068712397,1.3272658929421244,1.1663524080484242,0.05587871620413799,BNS,1.0,match,1048576,256.0,1.874575330979667e-20,7.155305911202526e-22
639,BNS,1.6632380285105512,1.1572821650582072,1.2038444008859497,0.6958006883083155,0.004375894913584114,1.6634150970515156,1.1985252995017674,1.2259043606584519,0.01612373149681116,BNS,1.0,match,1048576,256.0,1.9029773683620084e-20,7.312221872268116e-22
640,BBH,12.704222400954158,8.904707666540883,9.230261389665097,0.7009250456660842,-0.2811958063825723,12.623773470299762,8.860044763446336,9.178099706900376,-0.2591635135793623,BBH,1.0,match,131072,32.0,2.416905613700675e-19,1.3787531970988754e-20
641,BNS,1.1011432133276031,1.0543328349469472,0.9379599239432116,0.9574892912982707,-0.010087042768438578,1.1263812023383548,1.027935457110902,0.9365454030150506,-0.021560228219007486,BNS,1.0,match,1048576,256.0,1.451381952401877e-20,5.963597459642983e-22
642,BNS,1.570193038698938,1.2529773028525557,1.2195239517631349,0.7979766003107317,-0.01706147381441684,1.5441732394208074,1.2601771761304879,1.2131377660795495,-0.006194056039393679,BNS,1.0,match,1048576,256.0,1.9615404604864006e-20,7.391622188925923e-22
643,BNS,1.1981790308228533,1.1891753307479123,1.039147473800575,0.9924855135640642,0.007773054012073128,1.2266558292592993,1.1817526096390938,1.0481020010959228,0.002584467070844467,BNS,1.0,match,1048576,256.0,1.765016319361351e-20,6.48759877726813e-22
644,BNS,1.2978748426431057,1.180714267267422,1.0774215748635838,0.9097289110426953,-0.030607340066428613,1.2697048509886686,1.192651195096301,1.0711728731376315,-0.010417286382396645,BNS,1.0,match,1048576,256.0,1.7526843763684413e-20,6.679653242702087e-22
645,BBH,29.778865736873126,12.18705660291429,16.26690136836288,0.4092518738154588,0.5919386425110968,30.14356448007849,12.420685221001259,16.527040855971496,0.5804202664036991,BBH,1.0,match,65536,16.0,4.113720510908239e-19,3.233922867995947e-20
646,BNS,1.1760974292683921,1.1165920419888213,0.9975476504819429,0.9494043726321323,0.009835747135511297,1.1613578339435695,1.1013040280084105,0.9844644490752323,0.020664859386921756,BNS,1.0,match,1048576,256.0,1.5265719067001723e-20,6.273907268700221e-22
647,BNS,1.363846781025483,1.0368210926420194,1.0332733490787116,0.7602181616489416,0.00020823732896783212,1.3916368297158848,1.0173590369813321,1.033315361239689,-0.013289215709085821,BNS,1.0,match,1048576,256.0,1.7047203568479837e-20,6.454351275758167e-22
648,BBH,11.661494904615282,5.124906938002271,6.620222762688344,0.4394725530406896,0.17855614446324025,11.831236394285119,5.119478773545591,6.660639397314671,0.18860147659693569,BBH,1.0,match,131072,32.0,1.5665567775418484e-19,1.0838404740837268e-20
649,BBH,43.28107843766704,33.792664198994906,33.242296138200324,0.7807722316268702,0.09713817513814191,43.10823995287437,33.20443730890902,32.88020464633655,0.10971127849660854,BBH,1.0,match,65536,16.0,8.975736776031146e-19,5.320523124594565e-20
650,BNS,1.2946211057876735,1.1442255161736574,1.0591456551843486,0.8838304203896689,0.002598715051741233,1.3179043762786082,1.1569977506953253,1.0745292526328734,-0.00902624507683212,BNS,1.0,match,1048576,256.0,1.6693775272225998e-20,6.588859350002989e-22
651,BBH,33.512170367383746,31.096084734689413,28.098773098657666,0.9279042328143023,-0.014257529848413013,34.50199161635849,31.32729509573436,28.61385737825341,-0.008786773030136703,BBH,1.0,match,65536,16.0,7.509465013086176e-19,4.6179333880846784e-20
652,BNS,1.5480596098426327,1.3050255988017867,1.2364628654412289,0.8430073302761568,-0.019526290404816595,1.5207633657194182,1.321610106872699,1.2335670709174809,-0.01879561793113391,BNS,1.0,match,1048576,256.0,2.1056554423332837e-20,7.47616773771735e-22
653,BBH,17.910222072454125,13.413660541951725,13.465232350377894,0.7489388176030435,-0.07085717526632894,18.19946758609458,13.627171675595283,13.681083385009375,-0.05501878408461715,BBH,1.0,match,65536,16.0,3.5970369963099855e-19,2.6507230752845053e-20
654,BBH,19.029715645006267,14.002106419977201,14.17714880062855,0.7358021885971586,-0.22646470550053682,18.822455121475205,14.221592173393212,14.215300587056898,-0.23388961515045575,BBH,1.0,match,65536,16.0,3.8435044011817164e-19,2.713996010581289e-20
655,BNS,1.3036584171098689,1.1279232625673141,1.0550869405389758,0.8651984659201228,-0.02084546134776841,1.2456361481101343,1.1033196474344704,1.0201888299262758,-0.027882491432249645,BNS,1.0,match,1048576,256.0,1.5314248643839653e-20,6.566268594456266e-22
656,BNS,1.048108528016668,1.027070815592408,0.9032185719283531,0.9799279255326072,0.00921544775727182,1.0565429790778122,1.0273247307489597,0.9069491075737468,-0.01260271047849153,BNS,1.0,match,1048576,256.0,1.3448581277614093e-20,5.782739055979352e-22
657,BBH,24.557192785337453,8.573640495058548,12.301552413546247,0.34912950230116185,0.4318570532717263,24.956048850440215,8.404308046520526,12.25633254787571,0.4500433114258148,BBH,1.0,match,131072,32.0,2.9686150045660453e-19,1.7891580444014183e-20
658,BBH,40.97596020921287,9.794197629484936,16.633249374998414,0.23902301689766986,0.29345941598895586,41.15376459023981,9.749599235563764,16.62219999352342,0.29082442886825116,BBH,1.0,match,65536,16.0,3.6121373796358364e-19,3.050874527306516e-20
659,BBH,36.32184326408419,13.054162583943858,18.48617020162956,0.35940253607261424,0.5277323232410775,35.483109709641,12.82068026466968,18.11187468276234,0.4978737698415307,BBH,1.0,match,65536,16.0,4.529996671418332e-19,3.526349715853154e-20
660,BBH,28.21506801999501,25.981562763869537,23.566406527795785,0.9208399832833057,-0.21924001733747797,28.178297230232356,26.849492675588724,23.94385555248871,-0.18640839983679547,BBH,1.0,match,65536,16.0,6.369267464115123e-19,3.922643659404865e-20
661,BBH,12.798894195316224,9.55493132875229,9.60659849888436,0.7465435046919078,-0.40433110736677164,12.942377037090228,9.433995813693043,9.59550636920658,-0.40116266018216923,BBH,1.0,match,131072,32.0,2.476275934586455e-19,1.413388472971975e-20
662,BNS,1.1055654625141234,1.0564161838697237,0.9407653316399837,0.955543764425644,0.030374787017011018,1.114672144062513,1.1090099516681529,0.9679100851041212,0.02154705811739157,BNS,1.0,match,1048576,256.0,1.3600002495462896e-20,5.980536591128361e-22
663,BBH,7.41719143153516,6.990978919178032,6.268227080536407,0.9425372101702768,-0.6708000516109472,7.398747424865979,7.018374057820408,6.27279531001517,-0.6653583187826194,BBH,1.0,match,262144,64.0,1.6339665186192385e-19,7.125087981137065e-21
664,BNS,1.0576234715470565,1.0355010856565017,0.9110243159571717,0.9790829283902002,0.016255097919080728,1.0475868103213508,1.0179851127133537,0.898981604071348,0.0305275935346406,BNS,1.0,match,1048576,256.0,1.4392052382016882e-20,5.8241261642959e-22
665,BBH,42.18105295397579,42.060462646406954,36.66820434628546,0.9971411261899884,-0.6410674112055496,42.31428885298369,41.58575712925236,36.517963968318874,-0.6350373084813866,BBH,1.0,match,65536,16.0,9.946529210233661e-19,4.861757204573035e-20
666,BBH,44.6703439938972,30.806090435246716,32.183350468091604,0.6896318156729531,0.09729260461777986,45.08233535256896,31.003429126910397,32.433140270076095,0.08859465782296515,BBH,1.0,match,65536,16.0,8.573426222215117e-19,5.13665551174157e-20
667,BBH,45.30524381191592,11.283639473973386,18.819686268129956,0.2490581337740341,0.6153451288415102,45.87866243561414,11.36904916388939,19.00418761316165,0.6093624315019701,BBH,1.0,match,65536,16.0,4.2468528270110935e-19,3.552909842656561e-20
668,BNS,1.7877527188659603,1.7065691229339128,1.5204992768907029,0.9545890239319309,-0.011903560153814854,1.763004712395099,1.683254808136068,1.49958955335179,0.010469335284800037,BNS,1.0,match,524288,128.0,2.7682366824911555e-20,1.2521670717088807e-21
669,BBH,6.655973018005309,5.633323846909799,5.3269712847406305,0.8463561723689226,0.4104986215832903,6.718896336165459,5.91893254867675,5.487699282490359,0.41861473254116754,BBH,1.0,match,262144,64.0,1.2800364183216323e-19,6.560765803290081e-21
670,BNS,1.0531611717347276,1.0042539264225343,0.8952382754497418,0.9535614807830077,0.03297454029260019,1.0737007117579174,0.968568993001412,0.8875353559308702,0.05848626626656108,BNS,1.0,match,1048576,256.0,1.4120659162776473e-20,5.7419355823626e-22
671,BNS,1.61630709605209,1.2166685448741557,1.2183417527803855,0.7527459032048605,0.026991283562015803,1.6160275193401963,1.1594858236951993,1.1883923658360722,0.041737438251726953,BNS,1.0,match,1048576,256.0,2.0831584834325454e-20,7.3885715601481025e-22
672,BNS,1.7078253041698377,1.3885828372066746,1.3391755208890654,0.8130707712412396,-0.006142312792102396,1.7675907845638523,1.4199531689550247,1.3775336407842753,-0.04149622403871305,BNS,1.0,match,524288,128.0,2.2599836779561765e-20,1.1287407729494967e-21
673,BNS,1.243568555805557,1.179647924700207,1.0543258174953718,0.9485990291351942,0.0347797551567172,1.2079961956079996,1.197982684184404,1.047252250310071,0.03528532045975811,BNS,1.0,match,1048576,256.0,1.522142109391679e-20,6.566980994124927e-22
674,BNS,1.1141844040645201,1.0881414690759084,0.9585375833033758,0.9766260101168104,0.0073047358507926236,1.12262717899318,1.09345686046168,0.9645063216359909,0.007457877148046597,BNS,1.0,match,1048576,256.0,1.5320797326197493e-20,6.071810812413877e-22
675,BNS,1.605244360817585,1.4601523287253964,1.3324970438004053,0.9096137412884041,0.0037872751037444784,1.5844802387478385,1.4754220079912543,1.3308844173456473,0.0017284722589965547,BNS,1.0,match,524288,128.0,2.2436553707201932e-20,1.1245305175867675e-21
676,BNS,1.51376045095169,1.0383743710312208,1.08759185457794,0.6859568635039992,0.01942797396303983,1.525352679990073,1.0431830168124738,1.0942116776201336,0.025200057615104507,BNS,1.0,match,1048576,256.0,1.8018151324491025e-20,6.730072370933153e-22
677,BBH,20.783027828447533,11.471838662419609,13.325578133486017,0.5519811048280996,0.39861730609938667,20.06230467727372,11.823479860640772,13.315462660806421,0.42395060510217214,BBH,1.0,match,65536,16.0,3.451805857168902e-19,2.725543442098272e-20
678,BNS,1.248171878216894,1.130386261916456,1.0338035144547,0.9056334961906821,0.02343777947181692,1.2646205514530637,1.1801481968986436,1.0633849571818486,0.022087345260231213,BNS,1.0,match,1048576,256.0,1.6384503476258614e-20,6.460969906230521e-22
679,BBH,9.337706936151998,8.791119378930368,7.8867252689162175,0.9414644772041996,-0.010273821129189183,9.449541696304307,8.79468998113078,7.935122810361388,-0.018212632136726505,BBH,1.0,match,131072,32.0,1.997020231146878e-19,1.2459317449006564e-20
680,BBH,25.80239121261269,23.49743811526538,21.430840247438848,0.9106690120944834,0.15565406319939745,24.186178545134606,23.67735598230045,20.832400762073316,0.14584619215917502,BBH,1.0,match,65536,16.0,5.836333502922654e-19,3.8694677031538895e-20
681,BBH,6.066383095343062,5.26794320294925,4.918848060894656,0.8683828766094999,-0.15251555299193453,6.123704472280316,5.283989397196596,4.949326733632543,-0.14576933409054665,BBH,1.0,match,262144,64.0,1.3210011292958511e-19,6.029692396371277e-21
682,BNS,1.0306669784640299,1.0198112276265245,0.8925074686148837,0.9894672565781788,0.02038926005484649,1.0543182642331834,0.9925729498263695,0.8904746220039927,-0.0014473771933447928,BNS,1.0,match,1048576,256.0,1.353749609370456e-20,5.726949784073922e-22
683,BBH,13.781489924224177,10.594761110963157,10.501202218799822,0.7687674677569076,-0.45514309780753726,13.90614463692836,10.734882147107998,10.618682943359964,-0.4656446672824743,BBH,1.0,match,131072,32.0,2.7823528194303184e-19,1.5052846974714132e-20
684,BNS,1.712496610363221,1.2002205303141693,1.2441558925418295,0.7008600910804735,-0.02247278569403696,1.7422417284985225,1.1565623220307508,1.2306164010931364,-0.04627397388084745,BNS,1.0,match,1048576,256.0,2.0869148585502265e-20,7.5094571881912095e-22
685,BNS,1.2605693164254759,1.0411830563176852,0.9964249059923992,0.8259625573547262,-7.271636690168881e-06,1.2895244750944619,1.0230168044508978,0.9985493090570572,-0.004092477399377378,BNS,1.0,match,1048576,256.0,1.5035363436349786e-20,6.266424424911806e-22
686,BBH,39.97187372331543,9.07786195724988,15.765781901153042,0.2271062402550021,0.4529735913646144,39.495646201287634,9.42778988882105,16.020352990459966,0.4440705365935888,BBH,1.0,match,65536,16.0,3.3963790060942424e-19,2.993042133572687e-20
687,BNS,1.797824523826629,1.3708855830326718,1.3641829078467103,0.7625246874009554,0.027497876864889508,1.8411083053477084,1.3869287679586109,1.388328993336645,0.03649286364093149,BNS,1.0,match,524288,128.0,2.181504711316421e-20,1.1462312419356308e-21
688,BBH,28.805477003310543,11.488625320942122,15.516636468867398,0.3988347535304401,-0.22662870158805512,28.46027347177201,11.424675597666797,15.384661999602326,-0.25465330276855114,BBH,1.0,match,65536,16.0,3.774854892135467e-19,2.800725222109442e-20
689,BNS,1.4657513817150738,1.0043475903749473,1.052503967285779,0.6852100587479996,0.006611706049168202,1.4390137749842076,0.9897246814486386,1.0353125088620367,0.032044162263147206,BNS,1.0,match,1048576,256.0,1.7873010006959174e-20,6.55082106317883e-22
690,BBH,7.067164869802528,7.051575779576451,6.145534317350966,0.9977941521793714,-0.3542839796519101,7.388389985432172,7.080537402679707,6.296255625855118,-0.35918371052579934,BBH,1.0,match,262144,64.0,1.460688037290026e-19,7.122316316425894e-21
691,BBH,34.50229620994469,29.664692697225618,27.83494579087019,0.8597889403278407,0.23558736852108184,34.28775632807477,29.440881090295683,27.643115968937227,0.22390735880403395,BBH,1.0,match,65536,16.0,7.507682393725595e-19,4.7809438959335415e-20
692,BNS,1.6674289755844627,1.2458615342903288,1.2520841388614283,0.7471751735954048,0.0021608487940057578,1.6968890963495977,1.2650736215704443,1.2727574212060673,-0.00022782910571237787,BNS,1.0,match,1048576,256.0,2.196377535541995e-20,7.552907372638441e-22
693,BNS,1.6410643631152027,1.3500546353579739,1.2945518123787427,0.8226701314719854,-0.01571659012433561,1.5974350678727725,1.3540031956903218,1.279437281338133,-0.03483331290278702,BNS,1.0,match,1048576,256.0,2.361107046716641e-20,7.761889985143341e-22
694,BNS,1.694383013753551,1.167105685633622,1.2199854670311627,0.6888086555165255,0.007444289349085871,1.6567873307720067,1.1719758287400703,1.209461182552413,0.0027785060075282172,BNS,1.0,match,1048576,256.0,1.9397857048615274e-20,7.392405741265345e-22
695,BNS,1.5354455210588809,1.5329873236254266,1.3356124563695502,0.9983990331146629,0.009530663866138541,1.5343812622678148,1.4892452650344408,1.3159339126313423,0.0013943357195674816,BNS,1.0,match,524288,128.0,2.0805376130416316e-20,1.1268302456709246e-21
696,BBH,29.26537509450548,25.076993299586093,23.569481180768296,0.8568826887954104,-0.01747075774532726,30.111790678569317,25.362724514139416,24.04035016871359,-0.010898782259042459,BBH,1.0,match,65536,16.0,6.360956094639265e-19,4.051119433861349e-20
697,BBH,26.746811693978767,7.353666929448435,11.741227157007746,0.27493620598913815,0.39559825910126917,26.599782274702356,7.468328395802203,11.813845395644597,0.4018235461313033,BBH,1.0,match,131072,32.0,2.5600128350832497e-19,1.6880060583775927e-20
698,BBH,43.75568039083044,36.734851894815186,34.87535852256151,0.8395447531999397,-0.317043134507777,43.346735242742504,37.08944276664895,34.884599047762734,-0.3413392478813216,BBH,1.0,match,65536,16.0,9.428974724420555e-19,5.0528515607414186e-20
699,BBH,34.49180525209826,30.190346017141643,28.079768203177505,0.8752904000379933,0.5081024210545271,34.61406500520604,31.668346259395282,28.816891680909556,0.5114844113841212,BBH,1.0,match,65536,16.0,7.604284532761389e-19,5.043013420519398e-20
700,BBH,7.640020954964347,5.412931359170001,5.58180282958536,0.7084969257385054,0.46455683877278703,7.816997864166664,5.53548568608532,5.709591338321481,0.4599091879723968,BBH,1.0,match,262144,64.0,1.3943283463744971e-19,6.821490563813334e-21
701,BNS,1.8783827409249803,1.7366443850971225,1.572080132775124,0.9245423455296119,0.002548889788828202,1.9525747675238176,1.7678065380654744,1.6169923096747703,0.008335921283837394,BNS,1.0,match,524288,128.0,2.938920848836991e-20,1.2869362242743336e-21
702,BNS,1.1244425278295644,1.0025677829627335,0.9240100299838626,0.8916131844443153,0.04387382378719453,1.1195693456224793,1.0141187574630932,0.9273799485088203,0.06551794077665023,BNS,1.0,match,1048576,256.0,1.4215166272885667e-20,5.893366527050049e-22
703,BNS,1.4533193689780068,1.0025383340925684,1.0472167733760043,0.6898265828505172,0.03680065425688944,1.4372342124770126,0.9992874129287741,1.0398644333757774,0.05253259997888141,BNS,1.0,match,1048576,256.0,1.699601198006431e-20,6.526096477398382e-22
704,BNS,1.5021327886346312,1.216845041076057,1.1756688955176595,0.8100782103172866,0.018110003192463305,1.5509370182241906,1.2217943033441923,1.1966683286981163,0.02297260295091299,BNS,1.0,match,1048576,256.0,1.7757989558968863e-20,7.176880213865078e-22
705,BNS,1.5704829848044026,1.4610556827040144,1.3185219968868498,0.9303225166021032,0.026550215777947,1.584677709934876,1.4524602209737678,1.3204872572127768,0.04044362022710498,BNS,1.0,match,1048576,256.0,2.2633167035363774e-20,7.8853155666071065e-22
706,BBH,26.902371983477327,9.954226741941513,13.911559278560809,0.3700129768503356,-0.40374471847176824,27.3843443939468,10.071936058881283,14.11445960634821,-0.39809672102836935,BBH,1.0,match,65536,16.0,3.345452406566466e-19,2.5336769059402725e-20
707,BBH,41.489330805978156,24.10095274332391,27.328417449476554,0.5808951910077862,0.043722368985853056,40.525691140936274,23.56033653049653,26.705116767151523,0.05510916896256099,BBH,1.0,match,65536,16.0,7.156079930983099e-19,4.505500912785815e-20
708,BNS,1.083289220384601,1.0079759299839912,0.90956749102713,0.9304772086868258,0.015155317258079063,1.1098217760256888,0.9712187341160284,0.903412444995713,0.016328684767516585,BNS,1.0,match,1048576,256.0,1.4148074463337387e-20,5.816289569136184e-22
709,BBH,10.241627716994445,8.230216163537971,7.982999212034923,0.8036043089011292,0.43170833367464495,9.871257129706894,8.300464173172575,7.874186429686767,0.43721144551924446,BBH,1.0,match,131072,32.0,2.1668805914092147e-19,1.2883132107662935e-20
710,BBH,13.899520474621907,12.517692445641117,11.479872308510583,0.900584481924843,0.22880250091129692,13.509585918819397,12.916991018137251,11.499364885188102,0.23706752578122617,BBH,1.0,match,131072,32.0,3.0981083519267344e-19,1.6992338791505308e-20
711,BBH,32.014466152099004,7.29184813535615,12.647883690811211,0.22776728809760477,-0.22381007814276102,32.99174179477513,7.355654389804176,12.878130850509288,-0.22103277084443254,BBH,1.0,match,65536,16.0,2.6614323624615595e-19,2.3172989261473817e-20
712,BBH,43.84181885723814,5.016193810828881,11.683435444230158,0.11441573232084837,-0.6598265551501049,43.35625742595943,4.875530105678127,11.438722010553928,-0.6710690729345834,AMBIGUOUS,0.5,ambiguous,65536,16.0,1.789377895598942e-19,1.8188900263042067e-20
713,BNS,1.2449808589901623,1.0013277472150168,0.9708440446963924,0.8042916804578192,-0.015159776616104693,1.2591315930223657,0.9980964084155574,0.9746104921461005,-0.018780571518326954,BNS,1.0,match,1048576,256.0,1.55268446638217e-20,6.132895010311579e-22
714,BNS,1.2469092381274653,1.2362646352769278,1.0808522900803579,0.9914632095704712,-0.03131341044068958,1.2228143288038504,1.199921977955743,1.054500734892004,-0.013069477369696636,BNS,1.0,match,1048576,256.0,1.849305989159689e-20,6.697332002244557e-22
715,BNS,1.6401712481082495,1.3918374610654585,1.3144393155656604,0.848592768999447,0.020668873580471377,1.6685148383602124,1.4087269403693168,1.3337112422684534,-0.006733441232027226,BNS,1.0,match,1048576,256.0,2.2298446292245763e-20,7.863633675034846e-22
716,BNS,1.3584556454325618,1.1014545931868756,1.063710349400626,0.8108138067593281,-0.022322354529025916,1.3775983616603713,1.1182702547823087,1.079337560038938,-0.02958785522320528,BNS,1.0,match,1048576,256.0,1.773588283411081e-20,6.609295746717436e-22
717,BBH,36.02015872645518,22.428581477960616,24.606702952537788,0.6226674804041837,-0.11337009864437268,35.901148727788076,22.385592840287828,24.543257939753243,-0.13541788817725844,BBH,1.0,match,65536,16.0,6.546962349271449e-19,4.058620767695262e-20
718,BNS,1.9809809410158143,1.4166792018935355,1.4543036766955613,0.7151402482282772,-0.009282258134131452,2.014842762918583,1.354281374656712,1.4324076660075753,0.007829674809527171,BNS,1.0,match,524288,128.0,2.1318207516383505e-20,1.2066721400822187e-21
719,BBH,21.717606822202516,12.20189360808509,14.055737269457879,0.5618433793363804,-0.4585958945995316,21.58603035643559,12.334603171733086,14.09567858640645,-0.46029677280498105,BBH,1.0,match,65536,16.0,3.6335421235854325e-19,2.5973090304366075e-20
720,BNS,1.2625392156489972,1.163529023858858,1.0549518939067053,0.9215785216309151,0.022069876635790898,1.2610305777705424,1.183933387790592,1.0635973311135696,0.024715734608378812,BNS,1.0,match,1048576,256.0,1.700832267472817e-20,6.569137882048892e-22
721,BBH,23.701738892076797,19.74106671324174,18.815116961385094,0.8328952910641058,-0.3357696351105194,24.644764508475966,19.703013117013715,19.15931682958673,-0.33842172463484727,BBH,1.0,match,65536,16.0,5.077615153719186e-19,3.2934876195332233e-20
722,BBH,22.80950644575966,10.163093963871965,13.045311611686312,0.4455639576436915,-0.34801172162615907,22.880427699440123,10.264526235495769,13.134040299930959,-0.3212393122915501,BBH,1.0,match,65536,16.0,3.2315248624294723e-19,2.4523456779844594e-20
723,BBH,29.002460037572632,21.69653592456522,21.79190868323606,0.7480929513033515,-0.32228595407954325,28.37374686108941,21.118476959662804,21.263765626164517,-0.3111697995258172,BBH,1.0,match,65536,16.0,5.765929920983985e-19,3.6382057515751237e-20
724,BBH,10.104418011469978,7.478411417092683,7.550481403146058,0.7401130286379288,-0.20572832485099407,9.811543177068726,7.356902015104513,7.380965603159961,-0.22708533043977083,BBH,1.0,match,131072,32.0,2.02530239812678e-19,1.1892394932874459e-20
725,BBH,15.154357681027186,8.575174630051903,9.844880936415105,0.565855367185095,-0.47999927949697324,15.369993174085272,8.885944771083363,10.09863687001216,-0.48433766079428014,BBH,1.0,match,131072,32.0,2.4902653398692203e-19,1.4182628165883745e-20
726,BNS,1.0372060382334394,1.029455579398428,0.8995591266345642,0.9925275610155413,-0.03707538659835279,1.0577648453538886,1.0121028234780303,0.9006991298713612,-0.027232109739025973,BNS,1.0,match,1048576,256.0,1.4198038605398188e-20,5.761061506732819e-22
727,BNS,1.833239540964052,1.1705807649428184,1.268929721858663,0.6385312659835174,-0.00988120281952772,1.8445106924131502,1.1746687103431392,1.2749705773890603,0.005952132858006799,BNS,1.0,match,1048576,256.0,2.2303186701699402e-20,7.629106242029584e-22
728,BBH,16.039776480082555,14.7692711252807,13.396728943453198,0.920790332933909,-0.6430552900837008,15.81482631640591,14.898891129436338,13.361787083130078,-0.6416139309187124,BBH,1.0,match,65536,16.0,3.536619355071753e-19,2.5059156156640844e-20
729,BNS,1.8010761326078426,1.029907979420268,1.176551142830785,0.5718292307438594,-0.03143158062926379,1.8371592239674814,1.0493592819320983,1.1994101903698777,-0.03688975851520842,BNS,1.0,match,1048576,256.0,1.699184777670106e-20,7.165546588419498e-22
730,BNS,1.2101651624923115,1.1379560114568938,1.0214990607212908,0.9403311603461594,-0.008475484913211083,1.205062387005874,1.1347292428225344,1.0179012094975861,0.0019030553618193638,BNS,1.0,match,1048576,256.0,1.6378952539522832e-20,6.395926268514867e-22
731,BBH,42.73834925141837,26.160978773685624,28.936103026012127,0.6121195420952626,0.28928557867580323,40.956497077249466,26.08957305609331,28.313867869262644,0.32700575321247977,BBH,1.0,match,65536,16.0,7.661937405131345e-19,4.8943318113185093e-20
732,BBH,49.59634122617313,10.872301365403267,19.175938528685887,0.2192157948874201,0.476065176545573,49.08589683361855,10.724979699472577,18.943311118689536,0.4468535735280269,BBH,1.0,match,65536,16.0,4.028106626029858e-19,3.4582243493010133e-20
733,BBH,27.480892026129755,16.723495476306272,18.549049245023653,0.6085499502856389,-0.20167306720932565,26.83235853860398,16.655143394057173,18.30001486585582,-0.15968840946100432,BBH,1.0,match,65536,16.0,4.869135724898328e-19,3.2725732282053073e-20
734,BNS,1.15677400814785,1.132622815646439,0.9964513075556958,0.9791219440173279,0.005657886463324865,1.1420466711019068,1.1342667741840218,0.9908160316614572,0.01666965355778669,BNS,1.0,match,1048576,256.0,1.5529627565753323e-20,6.268052600689303e-22
735,BBH,26.993322470139677,18.20317192698113,19.222997001937987,0.6743583324030485,-0.3354398520653312,28.117978173963866,18.685967036166037,19.872079148840506,-0.3609663097090352,BBH,1.0,match,65536,16.0,5.148477666888793e-19,3.314594604351749e-20
736,BBH,31.05697792340974,15.502233232096424,18.87691208747109,0.499154594832981,-0.3006490040791226,30.580069728444315,15.512823720246386,18.74782120033193,-0.3414721238140652,BBH,1.0,match,65536,16.0,4.749111109866813e-19,3.2294971138454896e-20
737,BBH,22.0571181874358,12.29062082925734,14.213267302982217,0.5572178887928495,-0.367389589299119,22.50253334076936,11.933835580032602,14.12548628960484,-0.3605791924422688,BBH,1.0,match,65536,16.0,3.7149075393690077e-19,2.6536949722300117e-20
738,BNS,1.2840661922031962,1.181212570465091,1.071953819810443,0.9199000625025185,0.03456267491770543,1.2783936190440484,1.1704464082354882,1.0646763165891298,0.04124926591776511,BNS,1.0,match,1048576,256.0,1.8436634138761762e-20,6.656701623445852e-22
739,BNS,1.2736065184654841,1.1367708819313938,1.0471476417172438,0.8925605086420585,0.011802641640444771,1.2770885383940156,1.1706566944939598,1.0642339114417154,0.0049243657769643895,BNS,1.0,match,1048576,256.0,1.7801728587524755e-20,6.528318362820965e-22
740,BBH,10.807201530421544,10.047664929309208,9.070381496509027,0.9297194006261204,-0.16887040424940142,11.028980861744863,9.922797250257766,9.10452983118414,-0.1649287516559991,BBH,1.0,match,131072,32.0,2.430669804942659e-19,1.3765081883317747e-20
741,BBH,36.67179839091605,14.004250615484247,19.29277502648875,0.3818806611609544,-0.4323329340062962,36.66566127178171,13.81893953937663,19.151762961497546,-0.4233814909098209,BBH,1.0,match,65536,16.0,4.6603590021378495e-19,3.13221378972711e-20
742,BNS,1.6585711623461041,1.4959759989352153,1.3709065032138241,0.9019667246710762,0.0007222049852703626,1.648689119564169,1.4950777117886802,1.366442804058342,0.0038868683194671146,BNS,1.0,match,524288,128.0,2.5348192977262352e-20,1.150865215283083e-21
743,BBH,11.149338653508941,8.849614518900376,8.635800953320135,0.7937344800370925,-0.4211639871920297,11.552565433335824,8.821908397498065,8.772579410701194,-0.4225160291814192,BBH,1.0,match,131072,32.0,2.2812182342724503e-19,1.3034841665369348e-20
744,BNS,1.8136783706814605,1.1310730169935768,1.2399975366545517,0.6236348380603967,-0.03711618657632567,1.7960985969978116,1.1588190240967908,1.2499665708802425,-0.008578276579778705,BNS,1.0,match,1048576,256.0,2.15681457642559e-20,7.483097447268861e-22
745,BBH,14.393997004958162,11.097615384433919,10.984168464161831,0.7709891408627658,-0.5960754934201814,14.316952541546964,11.257054372174755,11.035841485395494,-0.5913265099914949,BBH,1.0,match,131072,32.0,2.8529225585173275e-19,1.5383766861231084e-20
746,BBH,25.239849880877504,9.106499468935576,12.873209109165963,0.3607984798608071,0.5254642556004021,24.74334139911367,9.003942057804936,12.679054233933604,0.530243059267818,BBH,1.0,match,65536,16.0,3.147906081999094e-19,2.6496348153773526e-20
747,BNS,1.0801472098705416,1.0018048223554346,0.9054521322529092,0.9274706384470534,-0.025055382553726285,1.1045884949548164,1.000217882551198,0.9148178878932934,-0.023800863302784157,BNS,1.0,match,1048576,256.0,1.1271798072835779e-20,5.792498946338137e-22
748,BNS,1.9166599601957341,1.5492130821339842,1.4984118729523603,0.8082879145530721,-0.005855343928773739,1.9451647954599807,1.6001925000146782,1.5344232733473029,-0.014564018866302013,BNS,1.0,match,524288,128.0,2.7030913203760123e-20,1.2370577160669201e-21
749,BNS,1.9108854030955977,1.7633034752118661,1.5977349235844283,0.9227677768406982,0.00309984947465948,1.9216562854048267,1.7181386695928815,1.5813389573101782,0.0075551922943427425,BNS,1.0,match,524288,128.0,2.839614740409411e-20,1.3040277734045976e-21
750,BNS,1.2953135073447508,1.084061117772699,1.0307767926712383,0.8369102241471289,-0.01081638753515439,1.2808266569936004,1.0592311754882187,1.0130790843663846,-0.042569500212381775,BNS,1.0,match,1048576,256.0,1.610570389983557e-20,6.442388466445055e-22
751,BBH,27.96969060818493,21.37444289690623,21.247232707416988,0.7642001907111302,-0.08389782650680055,27.56832531176562,21.272695537316427,21.04664128059856,-0.08549874648215217,BBH,1.0,match,65536,16.0,5.690565417444234e-19,3.7043036166201526e-20
752,BNS,1.7359797840146762,1.7021002184429557,1.4964240480454951,0.9804838939464089,0.01361707347243387,1.779892428928837,1.6528432926810843,1.4929566149692803,0.03188730924495483,BNS,1.0,match,524288,128.0,2.8727717173578384e-20,1.2364814171726622e-21
753,BNS,1.045430754778761,1.0359045846902777,0.9059424390295915,0.9908878038598556,-0.016437475418441646,1.0861696556404596,1.0346207422886198,0.9228003665181079,-0.030692418510592505,BNS,1.0,match,1048576,256.0,1.3344509328946957e-20,5.795699074012486e-22
754,BBH,48.83063677004413,43.943685870981625,40.31510201293513,0.8999203937872775,-0.08616120223089314,49.103912804485056,46.19756922440174,41.459227335422256,-0.08445808627014176,BBH,1.0,match,65536,16.0,1.0770587068557507e-18,5.877181456016495e-20
755,BBH,43.21191295398044,11.131661724351074,18.292305890065474,0.2576063164851323,0.282734897256311,42.99721611320858,10.734545283079584,17.884968458953928,0.25624036601104355,BBH,1.0,match,65536,16.0,4.0986806854465846e-19,3.303818186095268e-20
756,BBH,19.71451014351301,13.523525485440551,14.164409656106091,0.6859681212972172,0.5359329462142317,19.381786354717594,13.691828126255961,14.138938731267453,0.5171567166619688,BBH,1.0,match,65536,16.0,3.674994949810944e-19,2.913709752217365e-20
757,BBH,30.890912914182415,25.360360979677484,24.342502991604157,0.8209650860798684,-0.5401818334953443,30.896431188470878,25.554628014785848,24.439499606909365,-0.5302871100519895,BBH,1.0,match,65536,16.0,6.36035149541027e-19,3.803408953168395e-20
758,BBH,14.477188375089282,7.880688630108901,9.214312219961595,0.5443521508409122,0.4569254696795681,14.809252153041461,7.748194756283932,9.229585662713545,0.4912191869787416,BBH,1.0,match,131072,32.0,2.325444700128375e-19,1.4432318098575335e-20
759,BBH,6.187813195214524,5.609255017930478,5.1275583299233505,0.9065003808241195,-0.5213342134914931,6.399612486771033,5.49659486683298,5.160202418308902,-0.5206778273999197,BBH,1.0,match,262144,64.0,1.1629476959999142e-19,6.13890068779777e-21
760,BBH,10.532509538095457,8.2479449988382,8.101871496078106,0.7830939975896415,0.1757334200418164,10.562695956607499,7.955291959201771,7.964156431638083,0.182691100685794,BBH,1.0,match,131072,32.0,2.1590302061199863e-19,1.2861326137263172e-20
761,BNS,1.258834918185117,1.2189189082074194,1.0783370470038618,0.9682913069846798,-0.02067009429123118,1.2313981003320376,1.2293507388583098,1.0711026991696635,0.01533479580875342,BNS,1.0,match,1048576,256.0,1.591844060996219e-20,6.685310480290481e-22
762,BNS,1.0785449638324573,1.0125615069191178,0.9096630871980155,0.9388217838606593,0.011005633100939544,1.0868565754113784,1.0123586524708457,0.9130458526676009,0.028292775524868655,BNS,1.0,match,1048576,256.0,1.3456812515902112e-20,5.816588230283544e-22
763,BBH,20.8730481917152,6.875023287757803,10.126735544910682,0.32937322927691004,0.5102522772905573,21.325463487924456,6.7433813420119755,10.116279303081186,0.5100707580312177,BBH,1.0,match,131072,32.0,2.3929266509767105e-19,1.541882188676878e-20
764,BBH,36.469056906234925,21.756645921812847,24.36054150830129,0.5965782437903742,0.20910566656453583,35.996156508592456,22.521657855719834,24.65223354277629,0.2015920660569662,BBH,1.0,match,65536,16.0,6.440927385182756e-19,4.253945468654293e-20
765,BBH,48.193941087375315,40.45081320714125,38.4079574205766,0.8393339970641575,0.270560289060544,48.05660529603782,41.98044467071276,39.083713650806374,0.2715521878696491,BBH,1.0,match,65536,16.0,1.049365095190541e-18,6.147517988019448e-20
766,BNS,1.8638485618518414,1.4437578127905242,1.4257396190795564,0.7746111150554352,-0.005430314749690674,1.8998088878810406,1.4110222882244472,1.4221940788071457,0.006136450723954075,BNS,1.0,match,524288,128.0,2.670699915413611e-20,1.1877535484595678e-21
767,BBH,9.200581055630238,6.655222988061703,6.7943680104174335,0.7233481176701423,-0.7069969784460022,9.26325946727957,6.682597107621313,6.831182590141089,-0.6874743111421173,BBH,1.0,match,131072,32.0,1.67929148164413e-19,1.0671496766290115e-20
768,BBH,14.95015266699288,6.080493217070046,8.13917037244871,0.4067178009823692,-0.45765045318337294,14.922974443571512,6.0845363214125445,8.135323194350478,-0.42321983709253835,BBH,1.0,match,131072,32.0,1.9597376724347067e-19,1.214493857283301e-20
769,BBH,10.642313258147988,7.324215117266365,7.659235873784853,0.6882164562914727,0.16687575947528638,10.709483549459339,7.2770658178701915,7.656765172494874,0.17363545330939917,BBH,1.0,match,131072,32.0,1.977287227831603e-19,1.228810447252884e-20
770,BNS,1.012535209678475,1.0114044370416597,0.880970734770727,0.9988832263549884,0.01124301706536387,1.0386349732102553,1.031023613658451,0.9008639138968318,0.016009962320055086,BNS,1.0,match,1048576,256.0,1.327864899865152e-20,5.665608679646579e-22
771,BNS,1.8808465308105724,1.5103742506420064,1.4655193163739557,0.8030289690839865,0.005661584730265119,1.9784078460542274,1.554394738404142,1.5244121867842424,0.016104622689705125,BNS,1.0,match,524288,128.0,2.897769659002619e-20,1.2150768430667813e-21
772,BBH,41.821431109423905,12.588672574018384,19.305959290467538,0.3010100859791403,-0.15049135467291128,40.06029779198784,12.451626797661895,18.82402860559562,-0.15262870717859545,BBH,1.0,match,65536,16.0,4.450078586694891e-19,3.1884453345583185e-20
773,BNS,1.3113827442686556,1.2057177548764508,1.0944727710541102,0.9194247523432733,0.033605511345799526,1.2966873688601646,1.2040695920377598,1.0876216003990264,0.025837722724626904,BNS,1.0,match,1048576,256.0,1.6605853930898855e-20,6.771029479463627e-22
774,BBH,40.461981516423954,20.043916452007732,24.493920085718614,0.4953765411580669,0.024007172491735514,40.55747968542132,19.253102078922453,23.99868240140628,0.02078001406286159,BBH,1.0,match,65536,16.0,6.192729909423206e-19,4.0700071241090955e-20
775,BBH,41.27992613486735,22.305398412907767,26.170857900575964,0.5403449206772531,-0.1261250238016418,43.59167294698384,22.64361796247023,27.063983729518867,-0.12664181410698597,BBH,1.0,match,65536,16.0,6.671506888413989e-19,4.1645577334147264e-20
776,BBH,11.173901376769942,7.689904954970583,8.04173240957772,0.6882023293097577,0.06863545768244464,11.020387950562995,7.753496361478583,8.022428496361439,0.04378734182854243,BBH,1.0,match,131072,32.0,1.992112460306376e-19,1.2680005056701788e-20
777,BBH,42.10179220576978,13.262235911518585,19.92988824050473,0.3150040702946864,-0.009632940983232188,42.2861465626734,13.544795638301567,20.202603907083446,0.009854520475565362,BBH,1.0,match,65536,16.0,4.542138160451974e-19,3.3428830918989837e-20
778,BBH,45.15696967804551,37.85440500154247,35.964763400344715,0.8382848820776072,-0.19900375090817543,46.30492475666647,36.078436637950865,35.526877154057736,-0.1998321450064481,BBH,1.0,match,65536,16.0,9.80905662741191e-19,5.292264969376226e-20
779,BNS,1.2341034228248948,1.145847736862369,1.03507893892302,0.928485988831871,0.006669967475769118,1.2051897325503595,1.119694558734395,1.0111433404655235,0.001162667149695609,BNS,1.0,match,1048576,256.0,1.6418482512047385e-20,6.466523209261041e-22
780,BBH,12.08050424683229,6.0955232240188,7.38512477810576,0.504575231254701,0.27774429082546914,12.070940663705773,6.091813834212698,7.379998953053345,0.28113326931736937,BBH,1.0,match,131072,32.0,1.8568807644724252e-19,1.1948655972076047e-20
781,BBH,42.8259395047225,28.649336810783883,30.37118343255383,0.6689715892309769,-0.11671265218042587,42.71795343885044,28.272491393852498,30.126226131754468,-0.11070356784353164,BBH,1.0,match,65536,16.0,8.12254239155928e-19,4.734737543440377e-20
782,BNS,1.0345716633182316,1.009511727841633,0.8896587340433494,0.9757774774187971,0.01659926340565074,1.0441218754105566,1.0004059072336824,0.8896882646183959,0.03534785638311531,BNS,1.0,match,1048576,256.0,1.352835074280112e-20,5.711723099878785e-22
783,BNS,1.0982845701422472,1.09602465090669,0.955127956355308,0.9979423190519152,-0.019450700515676527,1.123471419122598,1.0827945576669065,0.9601371681838231,-0.016077823085027407,BNS,1.0,match,1048576,256.0,1.5425637849750208e-20,6.052519284723527e-22
784,BNS,1.008461519089331,1.0008026768786384,0.8745754144045544,0.9924054194773752,-0.014632704116325392,1.0183369015860393,0.9617906165363831,0.8614787684610046,-0.018287709255699187,BNS,1.0,match,1048576,256.0,1.1976148057245136e-20,5.63050388751889e-22
785,BNS,1.270983481415731,1.2106605887516053,1.0798153280834155,0.9525384133262433,0.017988908353337545,1.278233321839986,1.1949942382623286,1.075803002949916,0.022302018747083457,BNS,1.0,match,1048576,256.0,1.8093007896998293e-20,6.695640539266628e-22
786,BBH,6.978725070032538,6.169590398148929,5.710122558075093,0.8840569496915521,0.48162674563186575,6.9458720248959755,6.151874709706217,5.688545522772659,0.48265694704371037,BBH,1.0,match,262144,64.0,1.5631305810827632e-19,6.961323789780325e-21
787,BNS,1.8197484899978384,1.321267365662785,1.3464406656999555,0.7260714175200961,-0.005285914084924033,1.8459466076249997,1.2857435830279365,1.3368058643657672,-0.0077162607576953994,BNS,1.0,match,524288,128.0,2.2389177179638528e-20,1.1332983082031767e-21
788,BBH,29.657297777590248,13.751171806019501,17.32877555267747,0.46366907427453524,0.18318205399949994,29.695190447571107,14.214242000265081,17.649578056774732,0.18779613966386643,BBH,1.0,match,65536,16.0,4.400469881963684e-19,3.244266207453702e-20
789,BNS,1.504972217158687,1.2287656013621102,1.1826252421470562,0.8164706214191507,0.02367840384836594,1.4721861529962341,1.2636356602461387,1.1866788431272492,0.021415078871741502,BNS,1.0,match,1048576,256.0,2.077686194092789e-20,7.212263014850225e-22
790,BNS,1.5555229071058352,1.429248674550602,1.2978016001334187,0.9188220038558123,-0.013485856298464702,1.5660681670839482,1.419013702471021,1.2974394569692447,-0.031076598725403425,BNS,1.0,match,1048576,256.0,2.2523946456466717e-20,7.779604153475841e-22
791,BBH,22.081619150248155,20.116720523575953,18.343989191269998,0.9110165512183412,0.2484768053636265,22.411961172033315,20.398984454136293,18.609816072605874,0.2520605248501292,BBH,1.0,match,65536,16.0,4.961331971945523e-19,3.476712784266168e-20
792,BBH,20.213851160027968,6.609941181288744,9.767961955141534,0.32700058632862705,-0.11915750756334584,20.25268485428753,6.482308944207147,9.671890714418783,-0.138390085869096,BBH,1.0,match,131072,32.0,2.2144183203653483e-19,1.418826347677138e-20
793,BNS,1.6582403058111064,1.6164097364748058,1.4252346623064942,0.9747741209825197,-0.023543928745402662,1.7038388534896403,1.6033790862058293,1.4387531125768018,-0.014972491952896266,BNS,1.0,match,524288,128.0,2.2840553518822588e-20,1.1876232400143498e-21
794,BBH,38.511102621926575,21.551840875579963,24.87258207726923,0.559626689662977,-0.017772337960294735,37.95735376344541,21.437714494082275,24.633979120845307,-0.018480445922361612,BBH,1.0,match,65536,16.0,6.514190886311842e-19,4.157834537615159e-20
795,BBH,33.6277369888417,33.151939739605865,29.06665723774932,0.9858510476219762,0.47942326562266513,32.83161959927823,32.06042293852503,28.243508410875503,0.4939770799519644,BBH,1.0,match,65536,16.0,7.9681217361924125e-19,5.16388796893222e-20
796,BBH,14.975712060014338,9.165261167093092,10.138377096760571,0.6120083726479125,-0.02048137089897974,15.149410504566251,8.886936904608776,10.03032497096668,-0.052817808766029026,BBH,1.0,match,131072,32.0,2.5611463678768284e-19,1.5016136760332274e-20
797,BNS,1.1395092043862065,1.0470043964592737,0.9507128612544864,0.9188204820365973,-0.02212784143473005,1.1735418218855385,1.0851286031315028,0.9822392773189499,-0.02047467947706922,BNS,1.0,match,1048576,256.0,1.4476287402392223e-20,6.029181620514384e-22
798,BNS,1.3247566437552345,1.1716176141314836,1.0841547076720528,0.884402142577935,-0.006894260430241101,1.312416588386219,1.16399836445229,1.0755974529882129,-0.0041991990304044,BNS,1.0,match,1048576,256.0,1.7608837883486382e-20,6.715343217402744e-22
799,BNS,1.567257815827237,1.2484042297097042,1.2161336351268972,0.7965532008215036,-0.02047072040482293,1.5672260558949918,1.2361649716806398,1.2100076334713663,-0.01721670174834049,BNS,1.0,match,1048576,256.0,2.0517941806887073e-20,7.374497950386753e-22
800,BBH,7.830105904378787,6.845734521544615,6.37077133534092,0.8742837715280853,0.13799869999966907,7.674827025239192,6.688789087896122,6.23443212297088,0.13513849640853937,BBH,1.0,match,262144,64.0,1.6599380879022527e-19,7.497553291794305e-21
801,BNS,1.608613738742478,1.3823268453007604,1.2974061503131473,0.8593280114475365,-0.0016568186573221878,1.5897870358385955,1.343708146861261,1.2714792146181308,-0.01777940970982687,BNS,1.0,match,1048576,256.0,2.3514981767746766e-20,7.778162506254691e-22
802,BBH,5.623144068828557,5.375044080483678,4.78577763135363,0.9558787779028817,0.25662248914158026,5.611840555436625,5.339455856493078,4.765059055484565,0.24948012931586877,BBH,1.0,match,262144,64.0,1.136615784744762e-19,5.984371643482207e-21
803,BBH,41.76962826497384,32.40645073754756,31.97735015963258,0.7758376620440784,0.6185666893642977,40.93100892603744,31.519491733043576,31.21553014702309,0.6279160723870231,BBH,1.0,match,65536,16.0,8.682262424344268e-19,5.692431886204785e-20
804,BNS,1.7497313169463147,1.6640708772596151,1.48538228598603,0.9510436608997793,-0.00024145302649136488,1.7389925750130102,1.6860590083380416,1.4906266286769125,-0.0038870553979113553,BNS,1.0,match,524288,128.0,2.189794384422802e-20,1.2287544952293247e-21
805,BBH,23.905602634510522,14.617662391984409,16.176402944858424,0.611474331581255,-0.36590187793616946,23.87501032135522,14.760596821823142,16.249161054788026,-0.38143459929494733,BBH,1.0,match,65536,16.0,4.255287470079929e-19,2.9228784576023624e-20
806,BBH,37.538198936647014,23.673779536637323,25.81530942473279,0.6306583748621348,0.28225000514276816,38.576000589839985,23.5062496505811,26.055945453306315,0.2892541351137488,BBH,1.0,match,65536,16.0,6.807992102456364e-19,4.50879114646412e-20
807,BNS,1.2708254344468997,1.1918037130527437,1.071259228781528,0.9378185868395461,0.002043926091601982,1.3234651233253971,1.192512854011754,1.0933619977100266,-0.011857621351720755,BNS,1.0,match,1048576,256.0,1.7305477945696444e-20,6.650898455177393e-22
808,BBH,37.18895783157251,33.65969617025175,30.79273035211435,0.9050992050569241,0.43516008366329967,38.04793745399011,33.6384335090092,31.132414943668444,0.43384496951064844,BBH,1.0,match,65536,16.0,8.42107845907158e-19,5.357276475833129e-20
809,BBH,17.96937739056214,12.13364330315372,12.805381944771483,0.6752400508615586,0.13467169796921297,17.446598562753355,11.982501585710924,12.542946257872503,0.14400720274027606,BBH,1.0,match,65536,16.0,3.3774662624461297e-19,2.5847037276765883e-20
810,BBH,30.417905794905877,18.67092941113801,20.624365811774645,0.6138137693313803,-0.2645869216570306,30.20590146106071,18.814482509005213,20.638356288206293,-0.2698621657547602,BBH,1.0,match,65536,16.0,5.3798455772180505e-19,3.4928036283053456e-20
811,BNS,1.9512198869707755,1.5338412685874623,1.5038686242658805,0.7860934991641132,-0.012359412944110403,1.9774057428183482,1.5199618353010957,1.5066376942943978,-0.007047124140959117,BNS,1.0,match,524288,128.0,2.7342000558330117e-20,1.2404748129416401e-21
812,BNS,1.27441062465576,1.210321908350664,1.081110879057561,0.9497110938459042,-0.003100161793322753,1.2470186032220276,1.2163143811933455,1.0721280042055064,-0.007778830634726723,BNS,1.0,match,1048576,256.0,1.64796247754542e-20,6.700637790419911e-22
813,BBH,10.75739213892835,6.4834064282609765,7.224281710816736,0.6026931383117594,0.4174822978406535,10.541049808043006,6.787573241536656,7.32835038373407,0.4227852863567664,BBH,1.0,match,131072,32.0,1.8852650342127464e-19,1.1854333057761563e-20
814,BBH,38.39223889944143,29.81549053664624,29.406580114535572,0.776602026642422,0.430661744305694,38.210562583050475,29.938125609075353,29.400405663573405,0.4299265432178056,BBH,1.0,match,65536,16.0,8.008457078647205e-19,5.1606453424450974e-20
815,BBH,7.423086220016348,5.0031256466367005,5.284790771976436,0.6739953569643008,-0.2476385499162213,7.628428847958966,4.992768311164551,5.348669923287878,-0.2273229476321179,AMBIGUOUS,0.5,ambiguous,262144,64.0,1.3438494099448459e-19,6.341327080578958e-21
816,BBH,22.169374278255326,5.468439357117482,9.159449334329306,0.24666638257269907,-0.5902446068858991,20.989092160751667,5.133457185308943,8.63056141971825,-0.5660959326988723,BBH,1.0,match,131072,32.0,1.9166544527456177e-19,1.2626353741939825e-20
817,BBH,9.520511260901724,7.360506357692881,7.275469983867095,0.7731209129409442,-0.08370130440474008,9.274380377128637,7.298739366864522,7.152186030632767,-0.094883030874563,BBH,1.0,match,131072,32.0,1.8431421242009386e-19,1.1638393557225406e-20
818,BNS,1.123886203033827,1.0205776485653135,0.9321317252925533,0.9080791683449431,-0.012309363589411452,1.1586465174296996,1.0221351890770303,0.9470068955297104,-0.010494162840276685,BNS,1.0,match,1048576,256.0,1.480686092829804e-20,5.93283815198751e-22
819,BNS,1.197396410633616,1.016837237850917,0.9599507389888081,0.8492068531530389,0.006722999194328669,1.2234298966027488,1.0147138571575263,0.9691165553941512,0.017140492615116354,BNS,1.0,match,1048576,256.0,1.4683825604489472e-20,6.078282566882528e-22
820,BNS,1.9796624516555634,1.216722289310129,1.3431909475093218,0.6146109849649376,-0.010793110854138045,1.9797039131549132,1.2196722126360944,1.344909194636396,-0.033663374983044184,BNS,1.0,match,524288,128.0,2.4471916506414005e-20,1.1300001282359329e-21
821,BNS,1.5840219508261872,1.2374850146481886,1.2169828585042368,0.781229713390491,-0.03988484736247228,1.580031469024387,1.2119800648168424,1.2025780878213663,-0.0315946910598591,BNS,1.0,match,1048576,256.0,1.8879525464222893e-20,7.376483563439925e-22
822,BBH,47.63226702657951,23.20463529638022,28.578122082024098,0.4871621013425981,0.3102280447952321,46.82232830710322,23.247455088414704,28.378595575750612,0.28699961986990935,BBH,1.0,match,65536,16.0,7.247126773081339e-19,4.826826467762514e-20
823,BBH,15.248369127898728,15.18140310989594,13.24528919324095,0.995608316047369,0.05569477199483485,15.39055258323652,14.927478530341356,13.194842240524718,0.0445135830032658,BBH,1.0,match,65536,16.0,3.617100767217841e-19,2.648244703349192e-20
824,BBH,39.05374156029193,30.393391249411216,29.945682880808178,0.7782453110795877,-0.4288289969924804,39.58881606394299,31.69311871423041,30.798289645639215,-0.4554305272642845,BBH,1.0,match,65536,16.0,8.038011250143237e-19,4.445302367658611e-20
825,BBH,39.60654024670772,28.399230379310875,29.116216062150325,0.7170338586105498,-0.23450123887619923,40.71865708549847,27.591210592756354,29.069785862623508,-0.23315681029434143,BBH,1.0,match,65536,16.0,7.748981540485257e-19,4.503207060933964e-20
826,BBH,30.73560471350675,6.603373732973318,11.749302830832715,0.21484443838098516,-0.4310466574414042,30.861762747696833,6.418287619034775,11.582668953410957,-0.4154952876475675,BBH,1.0,match,65536,16.0,2.3582424191947746e-19,2.1269894082040174e-20
827,BNS,1.9579198327687353,1.5598011154738125,1.5193792895700593,0.7966624012731233,0.011359270360642632,1.9364702873365411,1.553795052315798,1.5082420827263008,0.002927579149526054,BNS,1.0,match,524288,128.0,2.750283270245436e-20,1.2514356268161126e-21
828,BBH,34.33347712229173,16.70862254015115,20.587772280879687,0.48665687080388154,-0.2922343563422045,35.67625017269433,16.96237096753693,21.12800805194205,-0.2763060850341822,BBH,1.0,match,65536,16.0,5.243086271153052e-19,3.3928412343574304e-20
829,BNS,1.4588441864590749,1.3905952553309446,1.2398635855534998,0.9532171209498495,-0.012417948511180001,1.452856151240971,1.3894455867954107,1.2368141920118838,-0.009785791564366514,BNS,1.0,match,1048576,256.0,2.1429250958107906e-20,7.494928473949457e-22
830,BNS,1.1359693900603718,1.0316443572612026,0.9421967509668764,0.9081621091976565,-0.005284026825792853,1.1463198986908651,1.0617227056149923,0.9602596319270256,0.011451560077647471,BNS,1.0,match,1048576,256.0,1.2189729674499932e-20,5.985762053602344e-22
831,BBH,43.33980242387652,32.75695498568215,32.73716296949605,0.7558168970247975,0.03524854285969466,44.57505555816325,31.991336578581116,32.78437662550056,0.03537184622219732,BBH,1.0,match,65536,16.0,8.689198570758806e-19,5.1706094374203644e-20
832,BNS,1.5785522493158854,1.4678855437700045,1.3249888694566503,0.9298935429005648,0.0298015222130954,1.6293699838288052,1.4514607634493937,1.3383245327781046,0.013439464491037037,BNS,1.0,match,1048576,256.0,2.3798352814550307e-20,7.917241848749033e-22
833,BBH,25.2182778298927,16.5390299692643,17.700632173501678,0.6558350288955743,0.5615788557108932,24.883900590607322,16.13778191989107,17.364196273417257,0.5572517164310862,BBH,1.0,match,65536,16.0,4.6719574729498465e-19,3.488904415996214e-20
834,BNS,1.503750567133097,1.2747135505628255,1.2044591785107528,0.8476894894829992,0.01960080540241129,1.4723455781703867,1.2766535238309364,1.1929294583167245,0.011026592498348302,BNS,1.0,match,1048576,256.0,1.8735462804124553e-20,7.32127873677561e-22
835,BNS,1.9223331583153058,1.2998442038513456,1.3708883540563879,0.6761805040030121,-0.01695170191853345,1.9495165149179672,1.2581157420848441,1.3569117230606498,-0.03897165976731301,BNS,1.0,match,524288,128.0,2.2966950179798087e-20,1.1494878230329835e-21
836,BBH,19.62185050450453,7.382736486527766,10.239691914141291,0.3762507763899706,0.1963130343998354,19.681454419694628,7.285051235152762,10.179558552944432,0.2212073536003211,BBH,1.0,match,131072,32.0,2.494027293807523e-19,1.5185482479122716e-20
837,BNS,1.9559842693402016,1.1249189510502726,1.2816113454358409,0.5751165634014703,0.03185133100029913,1.9324974976092288,1.1421828279090749,1.2845551252339311,0.043345398825417866,BNS,1.0,match,1048576,256.0,2.053918057202646e-20,7.690765637184634e-22
838,BBH,23.104788076576643,14.844819283007643,16.04444449827138,0.6424996946004081,-0.6518378100518487,23.88125086832055,14.868116765600869,16.313039826839248,-0.6619564302959702,BBH,1.0,match,65536,16.0,4.1837220244319744e-19,2.800979181246894e-20
839,BBH,32.06460541907242,27.06484459872548,25.627019227637376,0.8440722798549386,-0.23479742649690621,31.23545637229147,27.133719999585033,25.331307320583868,-0.23538214910091806,BBH,1.0,match,65536,16.0,6.817813787418647e-19,4.13655008566278e-20
840,BNS,1.5237821909035945,1.0710386465113668,1.1087033144210499,0.7028817195167814,-0.006946895350950634,1.5321289802534874,1.0924033952030503,1.123043644053724,0.01357985904811318,BNS,1.0,match,1048576,256.0,1.698160295156265e-20,6.835509322374003e-22
841,BNS,1.3029963006172174,1.067284596565674,1.0255907407240161,0.8191002507529079,-0.022349361649514773,1.3710414432266387,1.0550248241635545,1.0452193106234888,-0.00548564328235422,BNS,1.0,match,1048576,256.0,1.583203731087089e-20,6.414727180529489e-22
842,BBH,43.09229058140293,26.676104728477043,29.348198597146858,0.619045874994389,-0.0830894073225147,43.47035490418583,27.175450806861203,29.758065089101343,-0.10884476718025261,BBH,1.0,match,65536,16.0,7.792231113715707e-19,4.6094322797176196e-20
843,BNS,1.1969546696654914,1.1549552429079173,1.0235323610791944,0.9649114307985351,0.00684718208753056,1.1981225887293045,1.1822405238004023,1.03608554908984,-0.0102745522283528,BNS,1.0,match,1048576,256.0,1.6114588269782e-20,6.40746075034202e-22
844,BBH,25.17362913913508,23.31849371562699,21.088881888734655,0.9263063973313214,-0.1696240836959829,25.10560343249692,23.726912918826525,21.24541993012304,-0.16684599220726823,BBH,1.0,match,65536,16.0,5.598881507858447e-19,3.6597600120989166e-20
845,BNS,1.5624296180338006,1.030702498498948,1.100006740242283,0.6596793139367192,-0.005698813656993204,1.5297378963144523,0.9959706518152024,1.069649502070648,-3.1719750694599486e-05,BNS,1.0,match,1048576,256.0,1.6560317843466443e-20,6.78972938805023e-22
846,BNS,1.2394278377525314,1.1699607954060804,1.0482241514285349,0.9439523300748058,0.007988348055796927,1.2488411155773613,1.1989561677538279,1.0652001211022237,-0.00014926044026592278,BNS,1.0,match,1048576,256.0,1.7656316711675075e-20,6.533921839951493e-22
847,BNS,1.0858707979903612,1.013589069319442,0.9131929036506637,0.933434319437734,0.0018836371402584015,1.093359333900939,1.025394394065782,0.9216716252492076,-0.0017342308806893097,BNS,1.0,match,1048576,256.0,1.2451286218441463e-20,5.834590957489672e-22
848,BBH,21.577277190146113,9.42764612788839,12.211072667547521,0.43692473544316324,0.19328277842661268,21.661172180028913,9.211828407893371,12.080945029577272,0.18605146706159031,BBH,1.0,match,131072,32.0,3.1137047410034375e-19,1.7540588576118833e-20
849,BNS,1.907849501962525,1.583819565112721,1.5119703506320996,0.8301595925063858,0.004856473876986392,1.9056932906198252,1.6001777060073226,1.5190551657663736,-0.0066588750549673075,BNS,1.0,match,524288,128.0,2.929536025838396e-20,1.2464739711478149e-21
850,BNS,1.7870701269273583,1.099494907113291,1.2131782649531462,0.6152500064469958,-0.010838089087290254,1.7719400925242375,1.091767585042991,1.2038206853297653,0.014318441060491337,BNS,1.0,match,1048576,256.0,2.082036521420703e-20,7.352607055380376e-22
851,BNS,1.1725119376982764,1.1499762738095352,1.0108646005897193,0.9807800132653827,0.02171934738880629,1.1922731538264548,1.129045811193029,1.0099629297310335,0.029454507938067222,BNS,1.0,match,1048576,256.0,1.4333219596223647e-20,6.343362019278198e-22
852,BBH,37.8818844530704,16.48463667429987,21.391451982084842,0.43515883415783346,0.4872434041644766,37.545156531147796,16.686195784243548,21.443549057332227,0.5009566335384893,BBH,1.0,match,65536,16.0,5.484750101699182e-19,3.978352447336998e-20
853,BBH,21.252798968796064,15.693837307633121,15.862520164411205,0.7384362563573503,0.17091244386143747,21.311132431056137,15.301102548950556,15.6773373601531,0.1660959291276975,BBH,1.0,match,65536,16.0,4.1619262316108385e-19,3.065874952670971e-20
854,BNS,1.2850529729614175,1.2502556705551282,1.103432447835912,0.9729215035189572,-0.03175230928442083,1.289348989544441,1.2160683571510003,1.0899863702922363,-0.014900251364650244,BNS,1.0,match,1048576,256.0,1.8085928419017157e-20,6.811616252197301e-22
855,BBH,10.853739091980373,5.2157345119227285,6.464524454566015,0.4805472535982128,-0.13475150510008788,11.154614360448209,5.262091272160946,6.578252812513609,-0.1373859549639622,BBH,1.0,match,131072,32.0,1.645255118244505e-19,1.0460731172521012e-20
856,BNS,1.2761298676526636,1.1811141654958535,1.0686177732996232,0.9255438615102837,0.011895177286633644,1.2813421161083725,1.1953568910077623,1.0772660377720622,0.012401155333380771,BNS,1.0,match,1048576,256.0,1.5550875016098137e-20,6.638096756931101e-22
857,BNS,1.1694406005450486,1.1327619109302203,1.0019392230946222,0.9686356967615685,0.04195474313790676,1.1931957347577182,1.1108077962358118,1.0021061762217445,0.046809300916145644,BNS,1.0,match,1048576,256.0,1.6242299869066758e-20,6.298655238007601e-22
858,BNS,1.145893219779118,1.0115575953755105,0.9368987905992584,0.882767763972369,0.020805541997994784,1.1628282818054902,1.02243244298452,0.9488323263709543,0.01673447184701111,BNS,1.0,match,1048576,256.0,1.473836103121392e-20,5.959428774481893e-22
859,BBH,7.821706433142913,5.33595600054491,5.603669370016881,0.6821984494246506,0.30755809479819546,7.827937481098,5.303927981919561,5.588325512002216,0.2961738449734595,BBH,1.0,match,262144,64.0,1.4572502764275838e-19,6.801709610186585e-21
860,BNS,1.2160905383371934,1.1595437365505883,1.0337033168534626,0.95350115801088,0.037632535382390545,1.2140208745693168,1.1392447451101608,1.0236976893335903,0.04369500517426751,BNS,1.0,match,1048576,256.0,1.72063845365317e-20,6.461671874218272e-22
861,BNS,1.3213054528851047,1.1655893755014632,1.0799354575399827,0.8821498261105096,-0.020557629059565298,1.2879378785261277,1.1781646516692694,1.0721568311480068,-0.022050932951798923,BNS,1.0,match,1048576,256.0,1.617456341863977e-20,6.692920750106152e-22
862,BBH,38.17690340413292,8.157046891782906,14.548570707741247,0.2136644453698633,0.16979289668825764,39.070622493544356,8.428939032090666,14.970490355348735,0.17713764485775463,BBH,1.0,match,65536,16.0,3.044591318520025e-19,2.6783248365171445e-20
863,BBH,9.343562868754015,5.458772415907084,6.173030927663228,0.5842281464345755,-0.43339080891753395,8.905967745822696,5.336322214380256,5.962630991901466,-0.43658691226971147,BBH,1.0,match,262144,64.0,1.604534954867685e-19,7.079169121150129e-21
864,BBH,31.972008547496635,30.05538937643703,26.98352324388514,0.9400532134785234,0.38888099675872023,31.354429353011948,29.99454911851017,26.6958206713293,0.3856424087103258,BBH,1.0,match,65536,16.0,7.418543850338663e-19,4.787483826212255e-20
865,BNS,1.089518926338303,1.0320256252372133,0.92304893315319,0.9472305623048557,0.006066006553657385,1.0911047771355875,1.0564455272167803,0.9346294694204857,0.013806987329182164,BNS,1.0,match,1048576,256.0,1.439171713365106e-20,5.886526692852375e-22
866,BBH,34.42495360346116,23.89841588782269,24.887253163828785,0.6942178096478215,-0.14122115066455457,34.849034563628706,24.788628138133127,25.513017288929415,-0.13002598914723787,BBH,1.0,match,65536,16.0,6.499424583891634e-19,4.099529235927002e-20
867,BNS,1.6031790299115898,1.5765301014564368,1.3839904575152842,0.9833774469613524,0.0134016843401375,1.6446974273692372,1.5842651424446814,1.405192185060211,0.0034588915110924205,BNS,1.0,match,524288,128.0,2.2424457992155917e-20,1.1601193783430561e-21
868,BNS,1.0384169357690447,1.0348140317438383,0.9024245580968469,0.9965303878422033,-0.00210421047641519,1.0460725934643176,1.005985159398919,0.8930054777042318,0.009796137712689407,BNS,1.0,match,1048576,256.0,1.351141639047364e-20,5.777976339624713e-22
869,BBH,12.980014848352928,11.495500309572524,10.630054024917126,0.8856307518809365,-0.1537450380191515,12.929856690786199,11.584849148757229,10.651361371700224,-0.159737033121054,BBH,1.0,match,131072,32.0,2.8754629325412403e-19,1.556058772458695e-20
870,BNS,1.9083371498543,1.4567974266079968,1.4488788567735278,0.7633857710725918,0.025782939441319156,1.9145919450497901,1.4393500530270664,1.4422298627073527,0.01856433903598245,BNS,1.0,match,524288,128.0,2.4241258683627995e-20,1.2039725394316984e-21
871,BNS,1.019549971642973,1.0031422462813289,0.8803931641915542,0.9839068943965507,-0.0019395622593244058,1.0046550345718377,0.9975260977138533,0.8714933270446149,0.005913362401470923,BNS,1.0,match,1048576,256.0,1.3635221272428427e-20,5.661877239173066e-22
872,BBH,34.7791703567886,5.716203212236144,11.417605798371111,0.16435708941862065,0.05460420960542946,34.66104844423189,5.609080600447516,11.278294256375656,0.04200675398143463,BBH,1.0,match,131072,32.0,2.1688113509610567e-19,1.526977339744671e-20
873,BBH,48.40041698568984,41.81551250215081,39.14310481464766,0.8639494266033714,0.16633904806940836,49.74374274792951,42.37833878312961,39.9444719061081,0.15211604950891539,BBH,1.0,match,65536,16.0,1.0724116659579553e-18,6.106663574477367e-20
874,BNS,1.5124803622670275,1.4460565553294258,1.2873884702364717,0.9560828632260452,0.0021028166235580077,1.5077374721791872,1.4846965919755184,1.3024862467120155,0.00882115350809695,BNS,1.0,match,1048576,256.0,1.949294971767755e-20,7.730436205151411e-22
875,BBH,12.509200377879127,6.421704190132044,7.717802027831112,0.5133584878445134,-0.13298605812795083,12.46000710421071,6.428429810873083,7.7078759015145355,-0.13730514985750547,BBH,1.0,match,131072,32.0,1.851968956277346e-19,1.2034569700631536e-20
876,BBH,22.607566290471745,5.801891413730999,9.549957896551263,0.2566349397889981,-0.06101298691764252,22.56015488356473,5.555469134941025,9.312111001860105,-0.06596405119870924,BBH,1.0,match,131072,32.0,2.0304020204800027e-19,1.3732089129497774e-20
877,BNS,1.9465464445440088,1.36304968434101,1.4135490211571176,0.7002400010344029,0.0283377137632637,1.9726879752429154,1.3476819765612835,1.4143281830257366,0.019558445600904487,BNS,1.0,match,524288,128.0,2.4915133120387077e-20,1.1795659138151461e-21
878,BNS,1.00717110505227,1.0063407630963348,0.8764318560817858,0.9991755701173614,-0.001511800336666716,1.0343509880507706,1.0193801380853265,0.8939098927608342,0.011553292259157058,BNS,1.0,match,1048576,256.0,1.309020239033482e-20,5.640979521522556e-22
879,BNS,1.3215591093867818,1.2746888867952282,1.129861578198144,0.964534145874639,0.040351969646159884,1.293422137339866,1.2269600545749213,1.0966022880811461,0.02402539813994344,BNS,1.0,match,1048576,256.0,1.885317798201813e-20,6.950645559043047e-22
880,BBH,6.64857238115952,6.044997835198784,5.517698584266051,0.9092174212209643,0.703600005402052,6.627080769343933,6.129184208611893,5.547409887018143,0.692718345577009,BBH,1.0,match,262144,64.0,1.5089042485543746e-19,6.823371036739702e-21
881,BBH,5.392161379703016,5.384782381844562,4.690935911597593,0.9986315324526023,-0.054897659011791125,5.433353506055636,5.240216662112949,4.645028485061428,-0.03694482809805539,BBH,1.0,match,262144,64.0,1.2824389348434802e-19,5.827780771610096e-21
882,BBH,29.950686499579845,14.416183775846953,17.854286359820165,0.48133066252251633,-0.12391685949927475,29.06334945454123,14.153491341279231,17.43391584135187,-0.08448478214861714,BBH,1.0,match,65536,16.0,4.457336732933686e-19,3.161399838961647e-20
883,BBH,41.95363136858425,34.976260594793736,33.32013373633852,0.8336885140527952,0.383605757717604,42.633099594996445,34.338529777926794,33.26986412766986,0.38292272020442303,BBH,1.0,match,65536,16.0,9.024019011037054e-19,5.628432436425829e-20
884,BNS,1.9845247806753183,1.5046861247576118,1.501467794366334,0.7582097938054363,0.02133515068215683,1.9343659041663466,1.5111356153299023,1.4861229904966489,0.024714312254417666,BNS,1.0,match,524288,128.0,2.7771744605424057e-20,1.2393617040941152e-21
885,BBH,45.345305296413855,35.99941642380225,35.126170006914826,0.7938951163407267,0.334955148886787,45.04524053637089,35.879467586750664,34.95269858418634,0.3401487215844407,BBH,1.0,match,65536,16.0,9.510737875961576e-19,5.812807565716503e-20
886,BBH,37.67938355407804,32.599569109239255,30.494697743345853,0.8651831859842357,0.025017696890800797,38.49238024459667,32.672191209331245,30.85169646727034,0.024523447808709815,BBH,1.0,match,65536,16.0,8.337596057876159e-19,4.923959667621668e-20
887,BBH,47.64642446594023,43.46263155903539,39.60732306739843,0.9121908316563061,-0.11920270815126928,47.542096988139114,44.40936692186882,39.99631866762699,-0.09748626240531467,BBH,1.0,match,65536,16.0,1.0623538111095034e-18,5.74238393940314e-20
888,BNS,1.0025786104865864,1.0012813670740741,0.8722304967896168,0.9987060930694674,0.026104890539123057,0.9947391430398079,0.9714936321894968,0.8557807504444124,0.04426211284063159,BNS,1.0,match,1048576,256.0,1.1967545220210135e-20,5.620127457578778e-22
889,BNS,1.7047774013150963,1.4892826912003814,1.3864949003067093,0.8735936375338632,-0.033475670549451435,1.699518271203708,1.520535835008782,1.3990101482087591,-0.04088944043219498,BNS,1.0,match,524288,128.0,2.5852590143254378e-20,1.1609192038478712e-21
890,BNS,1.0406083473881615,1.0087005748876186,0.8918837639981648,0.9693373855969647,0.027733367082651634,1.0446480744901205,1.0162941650406085,0.8969753331067098,0.015104376301048805,BNS,1.0,match,1048576,256.0,1.3601925847235043e-20,5.724017238032119e-22
891,BBH,49.61688335577907,34.18255905430547,35.728287993579094,0.6889299920190189,0.18082291700199266,47.2612959645589,33.790184183519614,34.69169513177095,0.1796274728478694,BBH,1.0,match,65536,16.0,9.607740753973897e-19,5.690773663827915e-20
892,BBH,49.636823414809655,12.761117867587759,20.98850804001933,0.25708973680576724,0.5218957224693089,50.5921890249244,12.707455388528665,21.115675764022836,0.5171113247055078,BBH,1.0,match,65536,16.0,4.761586879591238e-19,3.809535906762345e-20
893,BBH,46.016924235565526,44.90557478376475,39.57276857679666,0.9758491148580105,0.5365744497892374,47.405425017520656,44.66258065840196,40.053582602425905,0.5384543330262406,BBH,1.0,match,65536,16.0,1.0835453170008453e-18,6.684461650759045e-20
894,BBH,35.2949012187538,16.331688479635194,20.60018626805862,0.4627209006313189,-0.38072729449289006,34.86438140430095,16.406974180720766,20.533893970379232,-0.4043433033872817,BBH,1.0,match,65536,16.0,5.161602672432809e-19,3.378778297286631e-20
895,BNS,1.5841395804425118,1.185622877121637,1.1905715614744432,0.7484333399399354,0.0022534211451994152,1.5456892565268077,1.192759835387904,1.1800602526148263,0.011867908980841137,BNS,1.0,match,1048576,256.0,1.937869202199769e-20,7.248253681772345e-22
896,BBH,24.234122627280218,14.799298569271057,16.387538925162804,0.6106801882982785,-0.33936785672325365,22.955395538766144,14.911047141467256,16.03189473490945,-0.3237900580352188,BBH,1.0,match,65536,16.0,4.2970688168238847e-19,2.951958677296349e-20
897,BBH,24.169644435816146,9.519649554126092,12.931126240703808,0.3938680016334563,-0.46536272332552114,24.457087358356237,9.846885634034377,13.241991136657134,-0.47526895473652137,BBH,1.0,match,65536,16.0,3.0684331068092587e-19,2.404328795331698e-20
898,BNS,1.8634844432974527,1.0490295395722595,1.2072980236559636,0.5629397891382405,0.006396636578990844,1.875598759668979,1.021706067092916,1.194210010988334,-0.0033595842874584343,BNS,1.0,match,1048576,256.0,1.9893237610425906e-20,7.320923800689484e-22
899,BNS,1.1520359076945708,1.099573686897718,0.9797507270966326,0.9544612972161266,-0.011251534169207532,1.1887282889956259,1.1061457958186238,0.9981256362279923,-0.006217832921904536,BNS,1.0,match,1048576,256.0,1.3528060496881026e-20,6.180649780327699e-22
900,BNS,1.0918671868867795,1.0404680447454338,0.9278292084725434,0.9529254631344869,-0.0016634258791502533,1.1083131590741644,1.0438541176270943,0.9362809222902606,0.010926801831071881,BNS,1.0,match,1048576,256.0,1.3749703146814238e-20,5.9111409061298165e-22
901,BNS,1.5414499605548908,1.3490273240835056,1.2548048660164408,0.875167769700343,0.0032396357410256187,1.5165456048754156,1.3394802031867936,1.2402882773070307,-0.015545154339575554,BNS,1.0,match,1048576,256.0,2.2006775134988577e-20,7.569458237223482e-22
902,BBH,45.90500909417355,9.926558137152853,17.61243069414096,0.21624128462296224,-0.6642246669203427,46.4937901513348,9.815747614111862,17.598457677871675,-0.6585715274816709,BBH,1.0,match,65536,16.0,3.5804951777651014e-19,2.5691751960873033e-20
903,BNS,1.281213393592679,1.1785220272700772,1.069541955389256,0.9198483509178415,-0.014939624693433035,1.2807096156924,1.2041085921571097,1.0809631055128952,0.001609190416043448,BNS,1.0,match,1048576,256.0,1.7492816747642314e-20,6.640797515776453e-22
904,BNS,1.0881681069241584,1.0839909012684863,0.9454850261227994,0.9961612496919438,0.0056075355127557375,1.126838649430377,1.0623769113588333,0.952415620312,0.007232409248946783,BNS,1.0,match,1048576,256.0,1.3965014668627778e-20,6.0037919227939445e-22
905,BNS,1.763324361545346,1.2249181709010033,1.27520616103895,0.694664122843234,-0.011065005007081956,1.762839292892488,1.198392805203839,1.260644575619887,-0.008136817884548782,BNS,1.0,match,1048576,256.0,2.200766149216669e-20,7.663070699410171e-22
906,BBH,15.756788396811027,12.668297770517976,12.284888567420793,0.8039898392671109,-0.22992791658236322,15.992092807243147,12.625933250516153,12.353025540098777,-0.22432796780613062,BBH,1.0,match,65536,16.0,3.2646184120932164e-19,2.4413904638688067e-20
907,BBH,44.4198802707199,19.961859197502996,25.52198691498323,0.44939020717399786,-0.40389216567259617,43.95357946095303,19.34504578941149,24.97235791505095,-0.4046678573324747,BBH,1.0,match,65536,16.0,6.395126779311288e-19,3.847243627867137e-20
908,BBH,40.146503339859,16.929610645971092,22.28876154371195,0.42169577018087945,0.27813530296848715,40.013289328820385,17.0411150655841,22.333846288174527,0.2634692184628437,BBH,1.0,match,65536,16.0,5.684785143481536e-19,3.969381122998712e-20
909,BBH,29.93319936011068,12.938387771035899,16.84170548240153,0.4322420605756477,0.13735931683584204,30.54866666005521,12.461091424067156,16.65772182037433,0.12711645483204928,BBH,1.0,match,65536,16.0,4.176432988597316e-19,3.1353104437558376e-20
910,BBH,16.387885926397416,16.2497590892568,14.206207456368622,0.9915714059909262,-0.004273195395589095,16.46643591400696,16.134688432191325,14.189581910052,-0.011552404531139999,BBH,1.0,match,65536,16.0,3.7613834861001004e-19,2.781293301625336e-20
911,BNS,1.6859876565745173,1.0618200027937932,1.158633042952535,0.6297910893079323,0.01585703555637089,1.7323344866640535,1.0588440371446144,1.1719814153193435,-0.030238374874992494,BNS,1.0,match,1048576,256.0,1.886933945498982e-20,7.084619747510981e-22
912,BNS,1.8762271108395037,1.2355536973216816,1.3197340424512403,0.6585309902961813,-0.021969411811055092,1.8346483965764693,1.2253458890499282,1.299998356214939,-0.019538826591204223,BNS,1.0,match,1048576,256.0,2.4328688954460104e-20,7.877362747521502e-22
913,BNS,1.2149963424200445,1.1511822922478372,1.029489536605785,0.9474779898965772,0.018943251110058245,1.2018162684167712,1.175929031793145,1.0349001461194707,0.010966716368740958,BNS,1.0,match,1048576,256.0,1.422607516382836e-20,6.438775243315048e-22
914,BNS,1.2422284109731603,1.203856668484628,1.06456315901891,0.9691105579701949,0.01780394778724778,1.227181552846666,1.2044979432001466,1.0583947137110297,0.00278775940541151,BNS,1.0,match,1048576,256.0,1.6820451169924552e-20,6.618062055003979e-22
915,BNS,1.1842699986668217,1.1084920389540867,0.9973284018046025,0.9360129364097366,-0.012525746642266338,1.1968761427198895,1.1058429223252437,1.001376511911935,-0.038858601379600365,BNS,1.0,match,1048576,256.0,1.601672561336483e-20,6.271298279021328e-22
916,BBH,34.16987007056401,27.671561579754936,26.739315795911935,0.8098234357523323,0.7369975334145524,34.33856940426045,27.411385668194356,26.67476386296544,0.7310509984938303,BBH,1.0,match,65536,16.0,7.231595984554896e-19,5.016934253914672e-20
917,BNS,1.0598012092725393,1.0215112519193903,0.9057598849795847,0.9638706230771036,-0.024058608737945072,1.0493392279358804,1.034862430981306,0.9071752022852951,-0.031472540654812975,BNS,1.0,match,1048576,256.0,1.2895428288817057e-20,5.794297005137494e-22
918,BNS,1.1496892244781307,1.057398285108742,0.9596823929763455,0.9197253158467397,0.012148191387298501,1.1229597298357359,1.0454796884360789,0.9431448782307726,-0.002682026382738692,BNS,1.0,match,1048576,256.0,1.4093517637790674e-20,6.077852446586102e-22
919,BNS,1.6236297990434236,1.5894333817161879,1.398471927691607,0.9789382916306519,0.0307176463248375,1.6309584537038242,1.586054827939745,1.40012266469594,0.04099072064968329,BNS,1.0,match,524288,128.0,2.7120907342140185e-20,1.1703099612291303e-21
920,BNS,1.9847585300318773,1.1388384860821192,1.298885556818569,0.5737919595003974,0.007953299283355678,1.9720040783174004,1.1756980389000482,1.316810971286534,0.016768250041751948,BNS,1.0,match,1048576,256.0,2.3475301435212068e-20,7.772367876004142e-22
921,BNS,1.9297664996274881,1.3980955108096194,1.426237661917883,0.7244894711766943,0.004350456704595644,1.8930040013351983,1.3709761482342238,1.3988120243273277,0.01361977162015851,BNS,1.0,match,524288,128.0,2.7541963167859976e-20,1.1879731561430874e-21
922,BNS,1.440376801584787,1.0020924701731635,1.042472310679525,0.6957155024092324,0.003005478902640766,1.4567367255583363,0.9610782343200402,1.0256502131046326,-0.010813684253777501,BNS,1.0,match,1048576,256.0,1.5496091904671273e-20,6.499758895856295e-22
923,BNS,1.305662627111043,1.0656324730691114,1.0258076438500432,0.8161621930061435,-0.02774571312084638,1.2751188853462088,1.05095504727986,1.0068300940085317,-0.0440686590865265,BNS,1.0,match,1048576,256.0,1.380180726163549e-20,6.415435420388388e-22
924,BNS,1.9327148731652057,1.3860313305990817,1.4209202166509838,0.7171421661019141,0.004479727629912685,1.9117776083001352,1.3323589482932368,1.3848902025208467,-0.0022047911667630177,BNS,1.0,match,524288,128.0,2.4107316325001723e-20,1.184283342395566e-21
925,BNS,1.8376795120075804,1.5678330898984256,1.476744158027827,0.8531591497070347,-0.018772175434283372,1.8580433839727886,1.5225390397237422,1.4627707473331657,-0.016509202176181896,BNS,1.0,match,524288,128.0,2.890966284618325e-20,1.222389031536092e-21
926,BNS,1.7101524378859927,1.1141702875093051,1.1962142557179642,0.6515034933883369,0.019426743803805734,1.672226682057247,1.1710293670637044,1.214379890053961,0.005678762008294526,BNS,1.0,match,1048576,256.0,2.0447986318022436e-20,7.273608067957151e-22
927,BBH,11.751070869941758,8.543968210853805,8.700901720641538,0.7270799661934259,-0.2615839812368545,11.695856849734609,8.353278142589403,8.580532962379225,-0.2436573778148218,BBH,1.0,match,131072,32.0,2.1534991409394486e-19,1.3195395827312716e-20
928,BNS,1.3983482084436467,1.35699315857292,1.199169877062432,0.9704257854939046,0.04495429355597282,1.3938561227731256,1.3459470265249545,1.192349781880541,0.0451109679900789,BNS,1.0,match,1048576,256.0,2.0852873975865394e-20,7.298350402415619e-22
929,BNS,1.6661313639129713,1.5710612730790576,1.4083406313515756,0.9429396187521264,0.024702842492670404,1.7142002665701876,1.5437433943150765,1.4157719002991684,0.03937458075249355,BNS,1.0,match,524288,128.0,2.65892690605104e-20,1.1769233796562714e-21
930,BNS,1.4791350924629123,1.1112772843838783,1.1138440401648029,0.7513020886641849,0.02835836400954469,1.4907322988148728,1.1138187557485413,1.119391327223341,0.0367619911107818,BNS,1.0,match,1048576,256.0,1.9172431207978546e-20,6.865844887920008e-22
931,BNS,1.702377659971972,1.3831411456229001,1.3344054525506694,0.8124760904379303,0.03264336309641736,1.6087418328840686,1.4010875485417804,1.3063591807060457,0.025957527739701673,BNS,1.0,match,524288,128.0,2.293148545994083e-20,1.1260457647358344e-21
932,BNS,1.0022585786000078,1.000544187967086,0.8717701550401754,0.9982894727273709,0.023691901359074986,1.0003797989488863,0.9809684593771305,0.8623822535154902,0.028628167255953782,BNS,1.0,match,1048576,256.0,1.2614588274834351e-20,5.617571273557201e-22
933,BNS,1.9474080939024967,1.3914506190424532,1.4290099510664387,0.7145141397939165,-0.01541099833992495,1.9583942796728222,1.4068289641322136,1.441060067486717,-0.011435662162119527,BNS,1.0,match,524288,128.0,2.4465803535434345e-20,1.1894158896788145e-21
934,BNS,1.364833858723483,1.2059964816671833,1.1164539482262064,0.883621456164006,-0.032995848468750866,1.2997028549274647,1.2014001320517134,1.0876589402552914,-0.03236012124126844,BNS,1.0,match,1048576,256.0,1.9004476855123338e-20,6.87669797961018e-22
935,BBH,42.66997310324264,11.41659285960898,18.44919613344269,0.26755566102621686,0.0020968005802224597,43.1740275899843,11.560304461423275,18.67510866893068,0.030776088934153463,BBH,1.0,match,65536,16.0,4.132368115563184e-19,3.1263462660018914e-20
936,BNS,1.5496136372203109,1.38043371015906,1.2728243172234388,0.8908244461730958,0.006194340585220378,1.5423589017668349,1.408804504182753,1.282989358093895,-0.015034754091520499,BNS,1.0,match,1048576,256.0,2.2660584131767176e-20,7.65872199135301e-22
937,BBH,30.97118482029333,12.9115341979061,17.088450944103244,0.4168886102622087,0.4165286044063488,30.868676272216153,12.708431862074717,16.9166475596781,0.4278444118567832,BBH,1.0,match,65536,16.0,4.1730167621658604e-19,3.274033044064957e-20
938,BNS,1.1565960495205538,1.019965540770726,0.9451617337471792,0.8818684286476116,-0.02217042132728421,1.1730713278208975,1.0115746059176243,0.9478010617779431,-0.023969544433965147,BNS,1.0,match,1048576,256.0,1.3117345660779011e-20,6.000035355977866e-22
939,BBH,25.210675559161817,24.901329642554533,21.81201844804957,0.9877295665528144,-0.3996213471716951,25.977560981422176,24.326573224928744,21.881991738596163,-0.4105979830236063,BBH,1.0,match,65536,16.0,5.854003571350085e-19,3.618730202993934e-20
940,BBH,8.46087487274365,6.9984532708124405,6.692868320905652,0.8271548009009874,-0.09675973973579262,8.395394030418988,6.9148584731052996,6.626712930188667,-0.08647005688019925,BBH,1.0,match,131072,32.0,1.729444566199531e-19,1.0884175175783699e-20
941,BBH,20.261300318283872,5.993476385446388,9.263305808776554,0.2958090690772622,-0.1116718412173452,20.048068108748225,6.0948841095230595,9.305760326729645,-0.09186719159588919,BBH,1.0,match,131072,32.0,2.051626251670732e-19,1.3483272464249916e-20
942,BNS,1.931554660020645,1.1854258267881428,1.309549791598473,0.6137159104653412,-0.01039081229985812,1.8335695961031748,1.199541565860875,1.2853161213961448,-0.013975727163518217,BNS,1.0,match,1048576,256.0,2.1044068564726205e-20,7.82580185844757e-22
943,BNS,1.8398951778542993,1.5046578387861362,1.4470078360656573,0.8177954140522725,-0.003559451352544953,1.8442312983967426,1.5222162365945047,1.4572721755881985,0.02105650138875472,BNS,1.0,match,524288,128.0,2.3081114250670737e-20,1.2024360711934327e-21
944,BBH,31.206656831812467,13.736313151485147,17.731198967987133,0.44017253195421346,-0.004048047837319244,31.215814841662105,13.521901906392763,17.583799018031456,-0.022606463227020902,BBH,1.0,match,65536,16.0,4.364545525197406e-19,3.194458479081178e-20
945,BBH,47.49086688091472,20.134089817668464,26.442581966650376,0.423957091963714,0.003973525563238625,48.52632548059668,19.838765269544922,26.49282974536456,-0.005072790366955587,BBH,1.0,match,65536,16.0,6.509904811930313e-19,4.222885519881187e-20
946,BNS,1.8242590099547735,1.212995459009682,1.2896479407383736,0.664925020181073,-0.0026914699646375406,1.8315768111177624,1.2095345861380724,1.2902075855214359,-0.015356629586368393,BNS,1.0,match,1048576,256.0,1.9825628690416534e-20,7.733030460373413e-22
947,BBH,16.668140421026585,8.306509061328676,10.12240095216241,0.4983464772621036,-0.11719181939268837,17.216200984261967,8.302808797512622,10.27364731799516,-0.11856885961485707,BBH,1.0,match,131072,32.0,2.5973978810099025e-19,1.4826829114820518e-20
948,BBH,28.077027854041738,17.01299779339024,18.90876178768677,0.6059401259218821,0.30667911625109046,26.845827810189885,16.488432172319456,18.20821699841254,0.32537596745785496,BBH,1.0,match,65536,16.0,5.002908165373429e-19,3.5475271217508976e-20
949,BNS,1.2411833102253012,1.0831537673800888,1.0089178436976074,0.8726783211284669,-0.0033234694714810195,1.220823077060588,1.1176460438356293,1.0166884299692507,0.0020651070814216967,BNS,1.0,match,1048576,256.0,1.6894313880290354e-20,6.331099340899791e-22
950,BBH,48.92525330181303,13.891149207212079,21.864932614980095,0.28392595377114405,0.030896677282667144,48.32680370494752,14.103432649037567,21.929500763109164,0.038003540864275556,BBH,1.0,match,65536,16.0,4.836706355706605e-19,3.5410797810537915e-20
951,BBH,45.201821396715964,30.1464489528325,32.0052040967228,0.6669299603715244,0.0940760537413221,45.334072475424044,30.10268417879972,32.02590215795788,0.09258746402885774,BBH,1.0,match,65536,16.0,8.43025651618788e-19,5.1337464833295824e-20
952,BNS,1.3990944997721633,1.3706006044831522,1.2055032576048994,0.9796340452387947,-0.010663856706543209,1.3596586919306317,1.3545718120647392,1.1814349572423029,0.004652484942183421,BNS,1.0,match,1048576,256.0,2.201010931365519e-20,7.324891749252792e-22
953,BNS,1.1139705870406984,1.1053763560751846,0.9660181740260685,0.9922850467817604,0.021228026041275536,1.1415155854134476,1.1322553366209138,0.989706428966431,0.018636216856104185,BNS,1.0,match,1048576,256.0,1.3388601629485339e-20,6.111515798586028e-22
954,BNS,1.259146515710205,1.153701951689646,1.049049370763543,0.9162571132867057,-0.01661016546489984,1.269342386292804,1.1145552593844235,1.035024694851973,-0.02657441581694761,BNS,1.0,match,1048576,256.0,1.77580501955257e-20,6.536250528828408e-22
955,BBH,24.288559250280485,23.774070186802096,20.919036197090467,0.978817637630258,0.22046622546701927,25.04622974772104,23.40659975346973,21.07582503881479,0.22292677862367524,BBH,1.0,match,65536,16.0,5.714762222247715e-19,3.8359576809686154e-20
956,BNS,1.8119673220884835,1.2521811215345222,1.3068584418516047,0.6910616467913181,0.009741197848400095,1.8451360502393672,1.2575619914675036,1.3212554017322788,0.01573390605342418,BNS,1.0,match,1048576,256.0,2.0593607628749256e-20,7.820106128185684e-22
957,BNS,1.1628472530647707,1.154601164900753,1.0087203497747887,0.9929087090825691,-0.005603652614366932,1.151569794755647,1.1250033705045164,0.9908550580239925,-0.01669663528657231,BNS,1.0,match,1048576,256.0,1.572052323557234e-20,6.330555219498218e-22
958,BNS,1.9253921955791762,1.4812495746356493,1.4676522814339732,0.7693235580972506,0.003991470155520962,1.9052868466281663,1.4920483479405682,1.465609527641157,-0.0372113464576334,BNS,1.0,match,524288,128.0,2.8177609976124274e-20,1.2163121257364748e-21
959,BNS,1.9438679297519796,1.1583114670148698,1.2976628883607702,0.5958797145044006,-0.03757736499760582,1.9522306142088943,1.1711778728151117,1.307876177509206,-0.04066761929524969,BNS,1.0,match,1048576,256.0,2.39732035860458e-20,7.763549753846468e-22
960,BBH,42.50131922013836,30.793985922324627,31.41273560989547,0.7245418845195172,-0.09849633083120149,41.69058612191964,31.580448100971026,31.52733844942342,-0.07962176548219976,BBH,1.0,match,65536,16.0,8.47727946586566e-19,4.8601158322217067e-20
961,BBH,47.28438143592014,33.15792141450811,34.36260714607967,0.7012446902672032,0.723197455304019,48.58837752914208,34.23956301387578,35.39981510874908,0.7200262871135175,BBH,1.0,match,65536,16.0,9.256265398058636e-19,6.149056960499229e-20
962,BNS,1.9747794280576525,1.707823782966502,1.5978867865671122,0.8648174873111161,-0.018459995290082017,1.9991534955310015,1.7925371820951108,1.6474870440391083,-0.03545216220075126,BNS,1.0,match,524288,128.0,2.905514941697043e-20,1.303518895296156e-21
963,BNS,1.4725000882804196,1.2802906305330097,1.194713301414514,0.8694672691178774,-0.005510686680288034,1.5030099801007866,1.2960194610149953,1.2143462585219646,-0.004351615242002843,BNS,1.0,match,1048576,256.0,1.9770826526636966e-20,7.27084635387353e-22
964,BNS,1.2497928086050136,1.1855616405524985,1.0596071020463635,0.9486065469330006,0.021058872159391305,1.25228420076921,1.1547877094904624,1.0467072195570044,0.012721493087695601,BNS,1.0,match,1048576,256.0,1.6061239283073215e-20,6.592971628010988e-22
965,BNS,1.2777165158292036,1.0006687813104624,0.9829003321341805,0.7831696381110448,0.00027385861071902085,1.2736576521274936,0.9764870209162493,0.9691464789179715,0.014799404756124743,BNS,1.0,match,1048576,256.0,1.373882440714914e-20,6.195799246475454e-22
966,BBH,36.12884151409915,25.773646352374286,26.48965608690105,0.7133814778510463,0.1926174733597904,36.04903000471649,26.152266841774853,26.66133337975086,0.18356277121420522,BBH,1.0,match,65536,16.0,7.157405951513512e-19,4.5302403444000603e-20
967,BNS,1.2047219425410431,1.1120344749031272,1.0074580425069926,0.9230631863130042,0.03955092836376606,1.1721382373031057,1.1288321817241138,1.0013426684863909,0.05112331864498413,BNS,1.0,match,1048576,256.0,1.4452583718751778e-20,6.32677768272067e-22
968,BBH,47.23727748030949,41.61692493972422,38.583117292320246,0.8810187030163187,-0.09370653264145146,48.48481842593749,42.332810554857325,39.42173135717972,-0.11040410007736187,BBH,1.0,match,65536,16.0,1.0566904448731114e-18,5.679433238366012e-20
969,BNS,1.6398434001228317,1.0513668373880583,1.1374818222424163,0.6411385607365351,-0.0060694470744697415,1.6611400173095534,1.0292970740685348,1.1318884256432442,0.006056623581186171,BNS,1.0,match,1048576,256.0,1.6910418894021756e-20,6.977501130308126e-22
970,BNS,1.1637030615188584,1.0927416592077457,0.9815916753463962,0.939021040110959,0.0018301567224281736,1.133746618006231,1.090080954406491,0.9677532349330754,-0.0011442258502812476,BNS,1.0,match,1048576,256.0,1.532166638913766e-20,6.190931809476034e-22
971,BBH,6.042207853970107,5.052890559091559,4.806346756894346,0.8362655971478199,0.6307678464640932,5.953299172633262,5.163769782204975,4.824326451262477,0.6247419193976403,BBH,1.0,match,262144,64.0,1.2884596351595266e-19,6.075855610620299e-21
972,BNS,1.1155211936759377,1.1034539883883125,0.9658479086073762,0.9891824508973599,-0.0333791175016134,1.138424656377104,1.1027045925121826,0.9753594705310767,-0.03817942440615488,BNS,1.0,match,1048576,256.0,1.336390546493269e-20,6.107344839204928e-22
973,BBH,49.162879977445016,10.283225436457284,18.51123193425123,0.20916645731851002,0.29414693069980213,47.82362199126023,10.198583859297198,18.20499460810979,0.27840838090929315,BBH,1.0,match,65536,16.0,3.891602714871813e-19,3.2584404335576865e-20
974,BBH,33.60542114625307,21.48953837302055,23.27874074202854,0.639466420596148,0.4277294037607975,33.498104194482096,21.405520641712016,23.195696150644277,0.4519183409374988,BBH,1.0,match,65536,16.0,6.159881484112521e-19,4.252733014698798e-20
975,BNS,1.1083226742378915,1.0338654976276884,0.9317655146327637,0.9328199464461903,-0.022484609885114425,1.08142597329604,1.0702173394762273,0.9365418995751992,-0.026349774617363226,BNS,1.0,match,1048576,256.0,1.1897709429107794e-20,5.930464605427201e-22
976,BNS,1.4349534632904009,1.1947329299088607,1.1388968681881988,0.8325935024884321,-0.008961170620641534,1.466694412201747,1.179653024008559,1.1437391345432555,-0.01812822978036188,BNS,1.0,match,1048576,256.0,1.9218423852287458e-20,6.990889776508498e-22
977,BBH,40.80896540540636,23.040149002038277,26.47972955420459,0.5645854721665138,-0.28706998810180123,41.214841065352054,22.662553687690025,26.37230235418575,-0.27712198680794625,BBH,1.0,match,65536,16.0,6.709458970554106e-19,4.102777773039447e-20
978,BNS,1.8801549474858432,1.5994004524985337,1.5086405014079072,0.8506748098805705,0.010044449341480683,1.8744514364193074,1.6183309888478807,1.5154116424257396,-0.01275643968315405,BNS,1.0,match,524288,128.0,3.041594600864269e-20,1.2444169269328883e-21
979,BBH,47.44149383261821,41.36481986255011,38.546497929802776,0.8719122548816094,-0.4448862276969125,47.93969034732885,40.32753119931194,38.24883616471616,-0.45644375839403045,BBH,1.0,match,65536,16.0,1.0595146855664847e-18,5.256388215551442e-20
980,BNS,1.5514721202916424,1.435684053198272,1.2990627375606028,0.9253689024901042,0.008489093857696582,1.530600285283803,1.4386950635718532,1.2917178065487747,0.012492056661613182,BNS,1.0,match,1048576,256.0,2.1658083674051697e-20,7.788104928784092e-22
981,BNS,1.6452815277610775,1.4923966008940228,1.3638072840819722,0.9070767377573961,0.011109511750801982,1.6312550133420738,1.4993194558839655,1.3612090060018793,0.01717116380309583,BNS,1.0,match,524288,128.0,2.4049465129840108e-20,1.1461814531193241e-21
982,BBH,19.467185137423424,10.971400846313026,12.619851668016032,0.5635843481665858,0.09655537957103372,19.306904633405047,11.020627427567169,12.6003894685738,0.08763084147678621,BBH,1.0,match,65536,16.0,3.27934240198657e-19,2.5463282564049633e-20
983,BNS,1.1529481378308781,1.1489863566217478,1.0019734046559003,0.9965637819437534,-0.036150001064292045,1.183193886975271,1.144338934551015,1.012948095460729,-0.028839894795477626,BNS,1.0,match,1048576,256.0,1.576083097051953e-20,6.293842647139176e-22
984,BNS,1.6555200751114227,1.4315922275673245,1.3394971202765684,0.8647386697929187,0.025537252755540207,1.6540048747675844,1.4353134022401046,1.3406567045680233,0.028310372612627123,BNS,1.0,match,524288,128.0,2.351604295273601e-20,1.1296055272049813e-21
985,BBH,21.237434650321333,12.276293381424338,13.952660929579146,0.5780497307493112,0.25714019340571975,21.441707284071747,12.389089328502,14.083701231403506,0.2966031721560407,BBH,1.0,match,65536,16.0,3.714124048369697e-19,2.792198333401782e-20
986,BNS,1.2803105430351331,1.2272491262308804,1.0911854760677144,0.9585558229658375,-0.04049064814342166,1.2907278628698964,1.237146924075258,1.1000247769266924,-0.04633859425379494,BNS,1.0,match,1048576,256.0,1.8497320424346608e-20,6.748953330543571e-22
987,BNS,1.9419634885885397,1.0597436568221026,1.2376318232328718,0.54570730245415,0.02672950785904156,1.9715723169128,1.0459517028890348,1.237839846173188,0.031584419828865354,BNS,1.0,match,1048576,256.0,2.051133687943233e-20,7.471323831785825e-22
988,BBH,28.703657594343046,8.78130070717291,13.369841159330202,0.30592967736988125,0.528864230049712,28.661832314896902,8.734481466455655,13.32167665043382,0.519332744401047,BBH,1.0,match,65536,16.0,3.168524472719803e-19,2.714941650985068e-20
989,BBH,31.943229603266534,23.35054767903047,23.717575123663767,0.7310014663214464,-0.15710296243954702,31.05074847147845,23.593005493539913,23.518255260910262,-0.16335461237204968,BBH,1.0,match,65536,16.0,6.356014336519169e-19,3.965652902761164e-20
990,BNS,1.5006328571539056,1.4806191865617464,1.297630233751474,0.986663179806607,-0.0022436406611200496,1.4764136804363455,1.4626395218178743,1.2792803510767723,0.007114624694059055,BNS,1.0,match,1048576,256.0,2.1621443462984423e-20,7.780291798437676e-22
991,BBH,32.78745193183253,15.16140443639493,19.129896010217394,0.4624148429684802,0.4688355291514856,32.693325421928435,14.598809138082032,18.720098671721374,0.48130628671120823,BBH,1.0,match,65536,16.0,4.965083585972905e-19,3.643792762856052e-20
992,BBH,16.912184796023308,12.6482599459698,12.705627131307741,0.7478785324616298,-0.6304048894627875,17.204558906707813,12.347641405861749,12.653730081762294,-0.5881126035111196,BBH,1.0,match,65536,16.0,3.3574617985989086e-19,2.4069675433057476e-20
993,BBH,47.70137501908257,9.79056760094933,17.76977236283446,0.20524707300434608,-0.40896961675120924,47.609619994836734,9.486371230617063,17.44037324811685,-0.3796557471822108,BBH,1.0,match,65536,16.0,3.523591193124386e-19,2.721181079391056e-20
994,BBH,38.567110276480165,23.49816655766699,26.04839129101396,0.6092799379889542,0.3401004298483338,37.33041040183376,23.632966548878734,25.723780769427343,0.3175190992840121,BBH,1.0,match,65536,16.0,6.888823603028097e-19,4.5772505662934535e-20
995,BBH,40.62987143173362,10.187625132806279,16.941364603511822,0.2507422439158722,0.30331447108966303,40.014479498154216,9.70113705737886,16.372889148302146,0.27466272457206814,BBH,1.0,match,65536,16.0,3.711647276651012e-19,3.096875457618805e-20
996,BNS,1.4155024624318,1.1528728418651748,1.1109218933203298,0.8144619119097584,0.019928940585942884,1.4009400839476802,1.1583520744975702,1.1079804876419164,0.014474972179577534,BNS,1.0,match,1048576,256.0,1.88849335240107e-20,6.851929436402894e-22
997,BNS,1.8025075292560082,1.3211688319672337,1.3401951379490304,0.7329616162616259,0.027053354694777133,1.785507036747881,1.324534306229492,1.3358005992574093,0.04138651353752489,BNS,1.0,match,524288,128.0,2.514186570278714e-20,1.1295756444721672e-21
998,BNS,1.36159802230753,1.1932327327389318,1.1091544222567982,0.8763472869303484,-0.010274592800442121,1.3082246846998462,1.1909367176104768,1.0863849831206418,-0.0017029111433223781,BNS,1.0,match,1048576,256.0,1.6790933986076814e-20,6.841506199848849e-22
999,BBH,33.6831219723285,20.046088458726732,22.47103605401306,0.5951374838471054,-0.2360930131596776,33.98524193325033,20.57842151705829,22.879195564519925,-0.24079752738685123,BBH,1.0,match,65536,16.0,5.872587917732618e-19,3.6992474403667e-20
