sample,true_class,true_m1,true_m2,true_mc,true_chi_eff,recovered_m1,recovered_m2,recovered_mc,recovered_chi_eff,route,confidence,bucket,waveform_samples
0,BNS,1.4388784397520524,1.3768201154650652,1.2252467323575564,-0.00975801150732926,1.4014048794098295,1.380340380238063,1.210783292719917,-0.013547463387624246,BNS,higher,match,1048576
1,BBH,25.26736720530052,12.515099716121645,15.294614023196624,0.5328911543338166,25.83701555540867,12.632118236851701,15.53132958228057,0.5250697586384079,BBH,higher,match,65536
2,BBH,42.243402739666195,28.52533161281231,30.104087777034323,0.15267328225065327,43.27628886237615,28.437171518412935,30.40616929663757,0.1489334482292621,BBH,high,match,65536
3,BNS,1.4667210037270342,1.0204441375352393,1.0615516342975397,-0.012876894527916329,1.5295449941026005,1.0121496611177199,1.0785977735720067,-0.026161225074251043,AMBIGUOUS,medium,ambiguous,1048576
4,BNS,1.1894713590842856,1.0246164041901882,0.9605283996175105,-0.013943054125278704,1.2049485888351712,1.0398474125161448,0.9739294619849411,-0.014288961537764792,BNS,higher,match,1048576
5,BNS,1.804764357496802,1.3118287887441207,1.3361111108102426,-0.004575991503791184,1.8128351030352716,1.3296411558862518,1.3483456852341362,-0.0012628817285936947,BNS,higher,match,524288
6,BBH,36.73244203818508,29.774438724432994,28.758267252294626,0.012933558196862871,36.53030910227628,30.664659493792435,29.114379932079405,0.01387940930363863,BBH,high,match,65536
7,BBH,30.435624791653495,24.45822390327766,23.72354284703057,0.15770636154345485,30.868557298142022,24.84630118950898,24.08089590416504,0.1496665155598762,BBH,high,match,65536
8,BBH,23.383788967608627,20.68878200327061,19.140629054964393,-0.5576141664682784,23.616299006047278,20.747714303374995,19.262076057042997,-0.5537657979927569,BBH,higher,match,65536
9,BNS,1.7838982091064135,1.5207541945477803,1.432954162705063,0.009397403084968682,1.760282039089816,1.5097118813475694,1.4183271270838127,-0.005693379289366252,BNS,higher,match,524288
10,BBH,12.25723005651208,8.636197201538465,8.929497001016482,-0.1965195304236747,12.420345623649217,8.619186400224216,8.977445087700325,-0.20537260328040702,BBH,high,match,131072
11,BNS,1.3618126105533905,1.0317128461225527,1.0299072220514167,-0.001824030131692875,1.3727009622199147,1.0130289586563548,1.0242227629223843,0.004315761019445885,BNS,higher,match,1048576
12,BNS,1.7168901891589956,1.322142852272631,1.3093792547683436,-0.03042629085835856,1.7052485379227142,1.3443630002255476,1.3162356148951244,-0.04601501843169063,BNS,higher,match,1048576
13,BBH,31.06488060238532,9.60756148106245,14.556925747543842,0.5335080654584494,30.735908046647307,9.65227050117787,14.524943978925355,0.5410620780766312,BBH,higher,match,65536
14,BNS,1.084444321139889,1.035112573801238,0.9222908287171083,-0.023746193641039786,1.1025569541029316,1.0425006082122663,0.9332513347027723,-0.02036511039300501,BNS,higher,match,1048576
15,BBH,12.676683584159875,12.1018544261192,10.78200202755106,-0.05330890237135472,12.83771573577879,12.048068291509821,10.82562152746319,-0.07671867105615625,BBH,high,match,131072
16,BNS,1.0827299999224387,1.0402612436724952,0.9238637198722952,0.020979458954761818,1.0613019477499317,0.9959035413612778,0.8949076237887336,0.015607220078657386,BNS,higher,match,1048576
17,BBH,28.4302581112192,15.283808802919383,17.97559177307613,-0.31527457483695537,28.519556737388566,15.235317912543751,17.971787985479118,-0.3422844826572729,BBH,higher,match,65536
18,BBH,17.655520272755375,13.345336521657124,13.336789307429042,0.391880740589449,18.002535819949482,13.21207116593138,13.394027262673099,0.36956178421680685,BBH,higher,match,65536
19,BBH,29.968361122616752,14.26132153190313,17.75623541098032,0.5165519846589961,29.427176167810007,14.527030777243997,17.780958886697476,0.5203930977843996,BBH,higher,match,65536
20,BBH,47.12196065220335,11.933604015234835,19.758083651000383,-0.6019884492634026,45.91758217034212,11.974795932593029,19.571495027976948,-0.5732983906339284,BBH,higher,match,65536
21,BNS,1.893446639697863,1.4635722585664157,1.4468036192610245,0.0014769452555502079,1.8778852640102133,1.4959549278865933,1.4572284317914135,0.020207526342825313,BNS,higher,match,524288
22,BNS,1.9368131505337791,1.2257444035570118,1.3343965147754122,-0.01026978599064418,1.9298592470725948,1.216350609269083,1.3267622613384862,-0.0009697310450726263,AMBIGUOUS,medium,ambiguous,524288
23,BNS,1.3103236729000947,1.2412471247333061,1.110147233582983,0.024266045503591793,1.306040410918013,1.2496273934949025,1.1120937774555104,0.039419665503454666,BNS,higher,match,1048576
24,BNS,1.1218325046285311,1.0616874437377346,0.949999523588962,0.013924782342767452,1.1021297072437881,1.0545927505047246,0.9384943060155297,0.010282975439919236,BNS,higher,match,1048576
25,BBH,10.897598820079097,5.729850286388572,6.809564358603544,0.39188630894246385,10.826181821549286,5.844763330638572,6.860461058725236,0.40317043087158194,BBH,higher,match,131072
26,BBH,46.61637931904122,6.03456202320888,13.342258434365373,0.10276326047961458,45.60537440495573,6.045483347202881,13.232829755265069,0.11299309788208908,BBH,high,match,65536
27,BNS,1.5960425532343727,1.5561215432295499,1.3719270694484158,0.013800511871263873,1.577186682618778,1.5659439381343092,1.3681165635615886,0.018484302461102997,BNS,higher,match,524288
28,BNS,1.2326407419664336,1.1234786313701839,1.0242390808988984,0.023081439868111557,1.2871491500228986,1.1115823537051708,1.0407489538405683,0.012445914241781241,BNS,higher,match,1048576
29,BBH,44.03707842885462,22.71880818422509,27.241091967172864,-0.4095429379523791,43.07109377809375,23.553457906243892,27.480047917875503,-0.38050148634844166,BBH,higher,match,65536
30,BNS,1.1461732441926982,1.1205438400885486,0.9865702329314032,-0.027195561288435185,1.1639925148204497,1.1302873290210096,0.9985139806311195,-0.03230278616718542,BNS,higher,match,1048576
31,BBH,10.197052864940973,5.109907358889115,6.2109041597764305,-0.6476748739746115,10.08379884478821,5.158097722216176,6.209554477942086,-0.6323478228536215,BBH,higher,match,262144
32,BBH,27.703680666000356,24.86583278966664,22.84217725725866,-0.049435019023548694,27.64977672888978,25.90680025307659,23.297036541508067,-0.0433082877184779,BBH,high,match,65536
33,BNS,1.049254119927594,1.0184020355823324,0.899879381994214,-0.018413857864882078,1.0742503529466183,1.023753722497083,0.9128918584602472,-0.03032976444833701,BNS,higher,match,1048576
34,BBH,45.61939147674277,44.789564953886156,39.350794740460046,0.4653683063627112,45.667261545017666,44.527840547802114,39.25593910080545,0.46189471856939013,BBH,very_high,match,65536
35,BBH,28.14002915856865,24.84424442057222,23.009162163157065,-0.11782187637882617,28.239370452254057,24.991319361108353,23.118204342317583,-0.13833690218227496,BBH,high,match,65536
36,BNS,1.2325699405288737,1.085472199822134,1.0065466343056797,-0.01518218384480146,1.231058209623049,1.0626143585700687,0.995144797974438,-0.006707241327314874,BNS,higher,match,1048576
37,BNS,1.916348019538178,1.4406813185480338,1.4435583952929392,-0.008277241487821833,1.983187729046696,1.453330303403327,1.4743926866023624,-0.0013585091112533725,BNS,higher,match,524288
38,BBH,17.967002638210776,14.5293615744806,14.04967710463316,-0.12390826229406002,17.89849407714732,14.869711024761523,14.18995054702726,-0.09392123408760317,BBH,high,match,65536
39,BBH,8.802194847058411,8.558625571029083,7.555843499395743,0.06781045034996096,8.81730633728325,8.710954843902197,7.629450296484056,0.07251028315416258,BBH,high,match,131072
40,BBH,16.402250922763425,11.728193422349735,12.040525014642771,-0.3002976168722897,16.18826273143305,11.999187882802296,12.105984095902235,-0.3054999917427144,BBH,higher,match,65536
41,BBH,28.518429898090524,22.966278695381604,22.25328312828441,0.25961193559752277,27.34162357488826,22.694769775366932,21.66670394762223,0.24804459725969266,BBH,high,match,65536
42,BBH,34.60384782682375,17.39241643564366,21.110385440879618,0.38374155570833207,35.343312369438436,17.473422665742337,21.37257395748682,0.389271481346995,BBH,higher,match,65536
43,BNS,1.3641920177720541,1.1145165308587952,1.0723390419911911,-0.034680749785762494,1.3914710629082536,1.0909214116212864,1.0709926682295352,-0.023051275078631726,BNS,higher,match,1048576
44,BNS,1.9361399868384623,1.7304714302383708,1.5929705084697503,-0.006924644630269084,1.9876010616400124,1.7601245804070014,1.6276837164475666,0.007233066835515753,BNS,higher,match,524288
45,BBH,43.274015563585216,29.38337575103316,30.927254722881226,-0.30317959840279013,42.87788571761182,29.446773583679555,30.82516205001021,-0.2986570494444396,BBH,high,match,65536
46,BNS,1.458548081798551,1.202822294519383,1.1519994403663134,0.008056481710573282,1.4666072652847537,1.1688361684777406,1.1383340968464752,-0.01769347459150218,BNS,higher,match,1048576
47,BNS,1.283908437864039,1.2376020005852943,1.097329057088941,0.004456524439248315,1.266899861883974,1.2410237580428864,1.091567431893645,0.014763912145053999,BNS,higher,match,1048576
48,BBH,15.837262611851617,6.5499656204202825,8.700644373362652,0.17199053661650243,15.712546964939241,6.618238172570965,8.717914191201714,0.16403803926216823,BBH,high,match,131072
49,BNS,1.051657917014399,1.0313008325438613,0.9066084957892732,0.0022768112658486735,1.0173109389075228,1.0025745996601811,0.8791781682979255,0.00692803603376448,BNS,higher,match,1048576
50,BNS,1.6981207839786372,1.5850114072062857,1.4280483373363149,-0.03818175203038496,1.7440918306181974,1.587931843296803,1.448435324058819,-0.052713952418037634,BNS,higher,match,
51,BBH,38.05794913708227,11.381555786490763,17.50545426032927,-0.20503149520800354,39.36772855130508,11.06692826600436,17.49664005263264,-0.21104038193100608,BBH,high,match,
52,BNS,1.8841457113668172,1.6273705976507344,1.5235672645641491,-0.036459918861848926,1.864026794478232,1.5925529252327582,1.4989884946474004,-0.03955172879451732,BNS,higher,match,
53,BNS,1.6364083421077769,1.3642885037658667,1.2996736626953493,0.0009262589387597642,1.6251895797711071,1.323991300941479,1.2756549379501994,0.00925382857682162,BNS,higher,match,
54,BNS,1.148438989920058,1.0754593670181596,0.9673823831164098,-0.006204920686870655,1.1961446983374604,1.0769516988516177,0.9877894797838522,0.005610240451194853,BNS,higher,match,
55,BBH,24.25564461566075,16.76495907033162,17.495597607824923,0.06970270185216308,23.851366663843024,16.23197839103453,17.066247646376013,0.03731601884980505,BBH,high,match,
56,BBH,23.828001987058716,13.926970948727192,15.746054334970387,-0.23433010158428372,23.993705940977087,13.81358361329699,15.729941482226984,-0.23853291845842178,BBH,high,match,
57,BNS,1.316214151824043,1.2489972121942101,1.1161130445221596,-0.0008176304746343692,1.3163810230958535,1.3138869570483769,1.1448900182331012,0.015585178223482063,BNS,higher,match,
58,BBH,46.44757387828363,25.874362874062594,29.925789013743177,0.19248789186373572,46.84730296148577,25.433703229387557,29.77499366232782,0.20611658255911122,BBH,high,match,
59,BBH,7.500556260809505,5.70168468347876,5.682356415627927,-0.37673598469566466,7.640898737793305,5.492842683086776,5.624543380251001,-0.3937741750623784,BBH,higher,match,
60,BBH,21.751770793619666,7.573288076007188,10.879769104380255,-0.037476309137185256,20.46209575778352,7.490967115015394,10.519786399084117,-0.007201125673750584,BBH,high,match,
61,BBH,18.99326794643448,14.622681290379171,14.483280767592266,0.10762905314593109,19.03105599242692,14.59750084256971,14.484489444248162,0.12003510172732262,BBH,high,match,
62,BNS,1.1659068678765336,1.1387486254368966,1.003075984670116,0.027510343225148823,1.1691710769741925,1.1452074586448984,1.007326965953991,0.03943898228739551,BNS,higher,match,
63,BNS,1.3925727158419199,1.031425164682183,1.040990858808077,0.01185082944271571,1.436152388341193,1.023962381196683,1.052687927075193,-0.002572899128449589,BNS,higher,match,
64,BBH,15.478352822466782,8.060300708128997,9.622529885131799,0.03704872524311679,14.737168707505255,7.933501574647754,9.324692271722578,0.010497737388016173,BBH,high,match,
65,BNS,1.637588700478459,1.413890099291938,1.3239458432430187,0.02131553080070292,1.6442500261714472,1.3853709168022894,1.312933396253214,0.03499216780687652,BNS,higher,match,
66,BBH,26.715762886428227,21.69133448066678,20.933917222157824,0.3142777735273928,26.55168363747967,21.36443410494799,20.709697269969347,0.29297949940314216,BBH,high,match,
67,BBH,27.446763133916836,16.92845776417792,18.656793799754816,-0.45284291628680595,27.630269518090817,16.945772887741388,18.72611129087777,-0.45611382962912284,BBH,higher,match,
68,BNS,1.0248231317985725,1.02302247319941,0.8913761589821422,-0.012206695351746859,1.0216315666072922,0.9951416455338403,0.8777606550102277,-0.01834449354565927,BNS,higher,match,
69,BNS,1.6337697730692629,1.6222389325720854,1.417249441596542,0.0049184739636107914,1.6340311281131805,1.6255186693100587,1.4187956502363614,-0.030783601549959724,BNS,higher,match,
70,BBH,44.00606472178669,9.450750785608308,16.818477935594956,0.2891723883886569,43.26899534654068,9.495254062643813,16.739484815274338,0.30971678454569374,BBH,higher,match,
71,BBH,17.970271046955737,14.516981743421516,14.044813526466319,0.11149291662314599,17.376619855014333,14.145036577664706,13.633891038533474,0.10093111229335275,BBH,high,match,
72,BBH,25.923805528714386,25.46174469336889,22.3657747210168,0.1614577917085006,26.584575964886305,25.142155220858946,22.504861139575176,0.15439911886968474,BBH,high,match,
73,BBH,42.01623907778442,6.368517276958213,13.168357015964771,-0.2719101157430332,41.14708439019984,6.398484476588321,13.086626367483408,-0.2968825984748935,BBH,high,match,
74,BNS,1.7394314684765098,1.5921896574125274,1.4484721563549967,-0.03623512574858234,1.789915991604005,1.5781576128497847,1.4625593511371995,-0.03354709563392372,BNS,higher,match,
75,BBH,35.47793297139788,5.902368973526671,11.728219008797701,-0.04502694523390213,36.44480785617611,5.779530516913991,11.722071471681497,-0.08682308523555386,BBH,high,match,
76,BBH,18.452464300350748,12.941262100779658,13.410656242791132,-0.2454379678719346,18.382373042425773,12.653089171371969,13.230834675488568,-0.23341120965414672,BBH,high,match,
77,BBH,37.29376164387054,31.075003827125638,29.611259573702643,0.2871946900889575,37.04215916005728,30.98674881850208,29.470308571298645,0.2770348256756301,BBH,high,match,
78,BNS,1.915298760285555,1.4548271444034266,1.4504392002518196,-0.02659092535276608,1.873018896482783,1.4719143559367154,1.443368851527352,-0.03046916199423718,BNS,higher,match,
79,BNS,1.6345402649517973,1.217832890033867,1.2255999237270105,0.015043647246149322,1.6339661220109223,1.1958528795225776,1.2139498594424627,0.010165496449443215,BNS,higher,match,
80,BNS,1.325342730516677,1.2957576289409982,1.1408129826694413,0.013472917148328557,1.3461464772868361,1.302816132706786,1.152842828862198,-0.006789445666091122,BNS,higher,match,
81,BNS,1.3224923471686654,1.0501287148488314,1.0245561031731079,0.011270626750628433,1.3336062712922905,1.058271478878358,1.032825701674506,0.01664613881487081,BNS,higher,match,
82,BBH,49.761578702076115,35.19604805801857,36.32389041651607,0.5616958125389555,49.32824743742865,34.858797293455225,35.991156164389906,0.5833413482467306,BBH,higher,match,
83,BNS,1.6529221265639984,1.6237687802640854,1.4261948144909489,-0.0026792903327809846,1.6843955375430186,1.5506414669717883,1.4066868736904907,-0.018659412538629006,BNS,higher,match,
84,BNS,1.0655304339183824,1.0298240696972407,0.9118971032960768,-0.008393707876981028,1.0603080422783915,1.008592934087053,0.9002038067786879,0.0013329467649655562,BNS,higher,match,
85,BNS,1.6981897256099134,1.1445396150828242,1.2089911464440093,-0.016086556816627833,1.7201807625949643,1.144227229206254,1.2163115859430609,-0.015957646407849916,AMBIGUOUS,medium,ambiguous,
86,BNS,1.508167355812875,1.2487489403118646,1.1936309886380623,-0.012241113346562967,1.4975814572867567,1.2232175119436883,1.1770561899028604,-0.0031903038997122095,BNS,higher,match,
87,BNS,1.2424828530283327,1.1163586464295,1.024983170547962,-0.0032080105878648,1.2495050426436574,1.133490671148366,1.0357833504682816,-0.025923867285979632,BNS,higher,match,
88,BBH,11.770430520086332,5.320742510904295,6.784289627881538,-0.19004225506270614,11.807653114141837,5.403508511118279,6.850805203034081,-0.18584519056387136,BBH,high,match,
89,BBH,32.906717898273335,11.743348859428282,16.68328219760659,0.1195693536450119,31.682696317064984,11.766608868474654,16.416762072456336,0.1431426847677656,BBH,high,match,
90,BNS,1.7729373881352841,1.6612413978834426,1.493864153111806,0.0075721725282282895,1.7369443513040281,1.7293109519106773,1.5087708631021648,0.037806152491267314,BNS,higher,match,
91,BNS,1.8131593458201127,1.2589092183630912,1.3109075087353588,0.021787816232672397,1.858476190981857,1.2749067101396903,1.3352990848127348,0.03580687641184257,AMBIGUOUS,medium,ambiguous,
92,BBH,20.591539493323143,5.296771667418093,8.709621809380847,-0.35199684562097305,21.284163360060347,5.479933538112118,9.007175113805141,-0.3292003181186085,BBH,higher,match,
93,BNS,1.5938305480284476,1.0748382915854195,1.1350427758788975,-0.013501327587828035,1.6064852853966858,1.0761363937482895,1.140077977424708,-0.02960242304065859,AMBIGUOUS,medium,ambiguous,
94,BBH,49.688806186872796,31.126811547940992,34.05154800266822,-0.12218721856737393,49.7327433926064,31.000490240637536,33.99351842254466,-0.13812724448642727,BBH,high,match,
95,BNS,1.0505196963720052,1.0300373750737957,0.9055624026471928,-0.002262755458901852,1.0275099798344485,1.0129802677250457,0.8881479463473498,0.01833221091433867,BNS,higher,match,
96,BBH,16.41490279528228,11.971881701143907,12.173548745103838,-0.02052869030254743,16.53941969320819,12.280117216710666,12.379305148513557,-0.010128551601791148,BBH,high,match,
97,BBH,49.25376841968219,23.55438315892939,29.259757242366415,-0.2365713355477094,48.684499168275075,23.67351407546691,29.180634750557722,-0.2504021410357775,BBH,high,match,
98,BBH,22.77532580182504,17.13311029449933,17.161986006192752,-0.003120627979726105,22.556117334119616,17.62578211230886,17.331715553208344,-0.022600449353150368,BBH,high,match,
99,BBH,38.00727070532734,33.99245555417663,31.281197080147006,-0.08929684640254885,38.93023153564216,32.17533144075814,30.78259962694527,-0.07516101868294363,BBH,high,match,
100,BNS,1.90397329087804,1.7824544568636915,1.6035644920620646,-0.00395117889276811,1.9583311679431752,1.8479556182377854,1.6559465022759654,0.010951734165381592,BNS,higher,match,
101,BNS,1.3771446803556806,1.2712848955946603,1.1516905086438067,0.015095210941585764,1.3872109048717982,1.3521094689523694,1.1922409746742908,0.01606579615545534,BNS,higher,match,
102,BNS,1.9353813695664948,1.4374219837078128,1.4488128827292774,-0.022634772124536205,1.9461643822656167,1.4378240370149369,1.4529323120461435,-0.01517532678214666,BNS,higher,match,
103,BBH,20.27649893940062,19.587504270420602,17.348704998259922,-0.523982630489015,20.252811428917628,19.620403835641724,17.353205313895646,-0.5230138866728575,BBH,higher,match,
104,BBH,28.490553561493055,16.00336620030195,18.436870488737586,-0.5082025901824282,27.91624500018304,16.235185418699295,18.399227815777447,-0.5240763932029274,BBH,higher,match,
105,BNS,1.110692074029616,1.0279426965612766,0.9300584055268348,0.00206954132340698,1.1100704761760163,1.032579948354517,0.9319106595462232,0.0012389375952850342,BNS,higher,match,
106,BNS,1.0718221405028845,1.009896626697796,0.9056395407617692,-0.007501269636172057,1.018194594865626,0.9754794938204492,0.8675580141737831,-0.02136453909109094,BNS,very_high,match,
107,BBH,12.439009551528102,6.883969893039849,7.9865651688475925,-0.1492676392548656,12.270829837080726,6.765246475614705,7.86283291460062,-0.15496880463169874,BBH,high,match,
108,BBH,39.20067372848157,31.41499253467585,30.51252041430066,0.053876603071245754,40.81597525580361,31.273353988784212,31.047639443751216,0.027022218691361656,BBH,high,match,
109,BNS,1.846478536067957,1.15193618663532,1.2626566508413941,-0.007248958752634499,1.823502149980872,1.1746847409842969,1.2680162641599284,0.018113458895642358,AMBIGUOUS,medium,ambiguous,
110,BBH,16.178288173954318,7.736405838303381,9.610591566752694,-0.13890464121835033,16.216865580736453,7.64798657678963,9.562174628767519,-0.13287384926383264,BBH,high,match,
111,BBH,28.838554978212407,17.791006091207663,19.605238806784897,-0.28955222042300033,28.842025225603248,17.95052881497893,19.698195782497084,-0.2635551238790612,BBH,high,match,
112,BNS,1.5544165520399336,1.1151618834023658,1.1430221862516619,-0.03400234068903377,1.5813380717419958,1.1198814655657658,1.1550641211992017,-0.019484678220277593,BNS,higher,match,
113,BNS,1.4650141319892729,1.1862154882117566,1.1463408635275656,-0.012231623813340508,1.3791468884742208,1.1952991880260628,1.1171603903845762,-0.06790655936768375,BNS,higher,match,
114,BBH,46.42996362231055,19.143653782752256,25.46525775402258,-0.5832955490546075,45.980493594290124,20.002407581211163,25.96015370615144,-0.5756086273948071,BBH,higher,match,
115,BNS,1.2119546110805426,1.195800133485224,1.0480078176513619,0.0037827255403121273,1.2110914391619516,1.1631609684877144,1.0332006610516835,-0.006234804308021168,BNS,higher,match,
116,BNS,1.1290300571820417,1.0196547241219842,0.9338145622625127,0.0018697103130149678,1.1429580926049707,0.9992674981874792,0.9299384413297829,0.0012545522111944442,BNS,higher,match,
117,BNS,1.6599513011292788,1.395769730945905,1.3241059377632929,0.019079109873029628,1.6091330454704447,1.4021758035908978,1.3070301121789731,0.030850103788184938,BNS,higher,match,
118,BBH,25.233470979020627,23.058123768421684,20.994535306477204,0.5844133320816375,25.080748040655113,22.835479063740706,20.8292601648119,0.6072752952429616,BBH,higher,match,
119,BNS,1.3663354885565364,1.270542682736292,1.1468588012259702,-0.0020402682181533275,1.3872902346196494,1.2736219178721204,1.1569606939882546,0.007158179951811514,BNS,higher,match,
120,BNS,1.3423624333000541,1.1397375101032126,1.0760709963209223,-0.0204244902056376,1.3514961351476928,1.1550117990448,1.0869934336567837,-0.017548063474046468,BNS,higher,match,
121,BBH,5.8894900404211254,5.290460164287512,4.85796867801407,-0.044107083645720704,5.694536689628395,5.179884921977401,4.72700292148571,-0.05140019861276838,BBH,high,match,
122,BBH,11.239452330503878,6.769014307903807,7.545134777972899,0.4212642344732327,11.331577278700474,6.852426795569861,7.6232990667882365,0.39260697503644465,BBH,higher,match,
123,BNS,1.6100604828871738,1.1556306575304287,1.1842298712527757,-0.00019591829581862318,1.6483037469639334,1.1603173187772817,1.2002446600938774,-0.0019163260546806674,BNS,higher,match,
124,BBH,44.379842599513026,29.030660711684302,31.108134376200137,0.22160856663655423,44.98110192189821,28.476295965815954,30.995671182703692,0.2328123235829492,BBH,high,match,
125,BNS,1.6322025001148623,1.2112259782878694,1.221324495666722,0.0028954345336193784,1.6499149809055347,1.188076417722624,1.215573853210443,-0.002904970572265183,BNS,higher,match,
126,BBH,39.316554138318835,21.49279778652082,25.079967254237143,-0.1919550473876511,39.43437988595378,21.66954248430908,25.224411161768266,-0.18768440731870956,BBH,high,match,
127,BBH,23.449207470126943,9.037730981860578,12.398546932469575,0.5255033584908348,23.147009504350876,9.026840182281875,12.317364129677573,0.5128011722730121,BBH,higher,match,
128,BNS,1.1383290701160491,1.1071131651681243,0.9772721616990788,-0.02490236724292996,1.1020665899449493,1.0868999804223525,0.9527755958094056,-0.009424393255050042,BNS,higher,match,
129,BBH,32.885083668643766,31.0140163721368,27.799387640587657,0.06171407750724886,32.78560783828497,31.282346200303408,27.87798394437563,0.05918479632889962,BBH,high,match,
130,BNS,1.111844802380677,1.093114073348452,0.9597225399755064,-0.02011238133938811,1.0985896354838864,1.0933000257539265,0.954072055799975,-0.010269438738506779,BNS,higher,match,
131,BBH,49.64189024876247,49.61608318379484,43.20454058929708,-0.3105855862047218,50.58227057923232,50.13290479286911,43.83830269927036,-0.28544397817063805,BBH,very_high,match,
132,BNS,1.0514191545569294,1.0345672686922045,0.9079427724204221,0.006864721523242966,1.0229085789717622,1.0181259369323437,0.8884089469090483,0.028437924912127675,BNS,higher,match,
133,BNS,1.7488207796670547,1.6000970606670475,1.455975546108664,0.018322295408467356,1.7523894687228687,1.6026248529238778,1.458608127131948,0.026709116239842245,BNS,higher,match,
134,BNS,1.067518480187415,1.0035654552296382,0.9009757943110706,-0.02883108025240693,1.0624834361415656,0.9998688068917622,0.8971943792678024,-0.01442774126503538,BNS,higher,match,
135,BBH,12.560038186004201,6.110295443389011,7.530112869470604,0.5575528293980715,12.493953940866307,6.026480193747445,7.456378541755399,0.575234659814086,BBH,higher,match,
136,BBH,16.58533816957835,13.715984888464483,13.118327807685931,0.1849132762413087,17.155474096973617,13.079669974959687,13.016592165914885,0.14960380906121687,BBH,high,match,
137,BBH,38.81708647571282,9.021201522321551,15.510195285759387,-0.6351799127810313,39.608212618974726,9.207073529105752,15.828251628226829,-0.628556882490723,BBH,higher,match,
138,BBH,34.40929215621395,18.19681717639549,21.56728441853807,0.09552438355579469,35.42295795217415,17.304855735480146,21.284513659085253,0.05501809498604677,BBH,high,match,
139,BNS,1.6560738790950633,1.189660186788063,1.2186043340348962,0.016436538020516762,1.6275615307382787,1.2481301788759929,1.2385966904199428,0.03298813326843394,BNS,higher,match,
140,BBH,32.07013036052071,18.16128286734714,20.842666016000255,-0.2920314149020905,32.0157070082895,17.5800470459379,20.47109050501511,-0.30261190853548475,BBH,higher,match,
141,BNS,1.270696761495107,1.1412816398017156,1.0480600560638385,-0.006726696083023413,1.2503602332674575,1.155727022172606,1.0463379513850273,-0.01988121203653073,BNS,higher,match,
142,BBH,34.083084345285165,10.001137419429357,15.513019368121135,0.47185770282434336,34.76986583701153,9.949800757681833,15.606687272898613,0.4950671745963761,BBH,higher,match,
143,BBH,31.35970963196251,10.152967629547485,15.07102783602423,0.10510921784420982,30.69596190269698,9.884413283246376,14.708083071550623,0.10054487568965013,BBH,high,match,
144,BNS,1.860281886218941,1.275631910649966,1.3363175008647201,-0.026350831179065608,1.9451714924709063,1.283222202973485,1.3694890332302259,-0.019268853294850098,AMBIGUOUS,medium,ambiguous,
145,BNS,1.8883654530628404,1.8258837088906006,1.6164463293835594,-0.03964466811679621,1.819983257783936,1.743726837916837,1.5507687234259129,-0.038889731466006806,BNS,higher,match,
146,BBH,41.89139862071109,24.407108595973497,27.63655885996492,0.23363748468702666,42.33037938630683,24.76282474490318,27.985669461549705,0.22905685662551364,BBH,high,match,
147,BBH,41.27859344501264,11.179738911675571,17.969294853209888,0.6021429607028365,41.35000998692697,11.252856610767687,18.04850191538967,0.5891791539028952,BBH,higher,match,
148,BBH,13.694374510030874,5.8979852480556385,7.690068002158803,0.4525025332203216,14.155487711497614,5.835351416236963,7.762987851684955,0.4717422264113833,BBH,higher,match,
149,BNS,1.9267693914889934,1.8644716005028363,1.649966126779471,-0.013911150172333329,1.9640446426896443,1.9210319371645836,1.6909534313158063,-0.01899889263075829,BNS,higher,match,
150,BNS,1.320715546694076,1.110881244379146,1.053677830157891,-0.025113187920850634,1.3079777080592008,1.1330841241505971,1.0592579742592403,-0.01688959963353568,BNS,higher,match,
151,BBH,30.320258475868577,24.130456504166663,23.516806462276246,0.015590534899041365,30.721748141080948,24.44427261108639,23.825361236705692,0.035769697964882156,BBH,high,match,
152,BBH,22.66181304192247,21.317756143790668,19.13248983293083,-0.31908058788066224,22.389984844163916,22.008481419509824,19.32469875623943,-0.32766802346026186,BBH,higher,match,
153,BBH,38.45569825500734,33.509117266398064,31.235622820989466,-0.02857410030867818,38.502205382902346,33.676961955285535,31.333487380667457,-0.04298781438653519,BBH,high,match,
154,BBH,30.42850597838175,11.874387777433013,16.19798896265981,-0.267156286852005,29.13273976436814,11.935574222736191,15.923312325660778,-0.254560913503149,BBH,high,match,
155,BNS,1.8556421217024035,1.1605264133125608,1.2705695116509896,0.020349872687343493,1.778284032955126,1.17478395468517,1.2529126439872196,0.027801614658759355,AMBIGUOUS,medium,ambiguous,
156,BBH,32.324514372233246,16.612355331536243,19.954952363447426,-0.18215238650962262,31.561655329777018,16.879671486318813,19.900823671947016,-0.18744925469441565,BBH,high,match,
157,BBH,18.670847828447485,16.95289056955203,15.484485518731143,-0.38361226001945076,18.116302931095674,17.356509586972617,15.43618785750701,-0.3862205948934922,BBH,higher,match,
158,BNS,1.618714778169642,1.0248073751391442,1.1154521719576576,-0.0014809738293220253,1.5672753388069651,1.022269761580348,1.0969372711523704,-0.00728340701337008,AMBIGUOUS,medium,ambiguous,
159,BNS,1.0968101493049716,1.0917101708641381,0.9526056948962587,0.010651113348165037,1.1376004048565944,1.1019406475417757,0.9746685644393108,0.04373602521920843,BNS,higher,match,
160,BBH,24.306175461083573,13.32243579768285,15.526605576629695,-0.46005659879954736,23.804302999027577,13.937890878001468,15.745124156538964,-0.44918088175213133,BBH,higher,match,
161,BBH,18.579419001361888,17.262068067786977,15.588264570709935,-0.041400751807794435,18.09937056212376,17.38380956371841,15.441182264409262,-0.005496424013905581,BBH,high,match,
162,BBH,46.20851860454193,28.38369614430951,31.34266323358582,-0.13533518507588602,47.0553464899909,27.39979853350881,31.033793382282493,-0.12819083307411042,BBH,high,match,
163,BBH,17.872128582817787,17.413535766465913,15.357420855163952,-0.0387659839891053,18.21512708807897,16.885991037151797,15.265501135912713,-0.041645109116604906,BBH,high,match,
164,BNS,1.1269352567909197,1.1010136258707468,0.9696923100113004,0.004459832703518152,1.1334992358215294,1.1334629503129272,0.9867526039034991,-0.01195098908687218,BNS,higher,match,
165,BBH,25.53817360558304,12.934747919483641,15.643634094360694,-0.20535335370516372,26.175993461245852,12.653658292259298,15.640076261925207,-0.20728094656406387,BBH,high,match,
166,BNS,1.6122210085939526,1.0215354752912285,1.1114545139452918,-0.03237442743335726,1.6722703585370382,1.033848092354691,1.138121357131134,-0.03026044530730491,AMBIGUOUS,medium,ambiguous,
167,BBH,48.97367284614608,15.393636459328638,23.155239106570537,-0.6814314350056514,48.49210922134027,15.214869727259343,22.904783206924307,-0.6696884891428733,BBH,higher,match,
168,BNS,1.6259895566990807,1.1263667913471185,1.1741879562896793,0.022577721213363777,1.575000787044144,1.1547723498917477,1.1712267420286322,0.030900736010449185,BNS,higher,match,
169,BBH,15.16680310625521,9.451448989960747,10.365351241529641,0.36458148756222813,15.100910578830593,9.4118646530245,10.321166612467163,0.3801193612778437,BBH,higher,match,
170,BNS,1.6728533946848936,1.2925295715128116,1.2779764893845729,-0.005635530115839539,1.6977956022151774,1.2855259191131387,1.2836296284300663,-0.02393644656523824,BNS,higher,match,
171,BBH,27.394146606442046,16.634869869386534,18.46964351932134,-0.030128864322400764,25.77481349870467,16.219890593503035,17.70545802649437,-0.022467950069427856,BBH,high,match,
172,BBH,31.683048401732723,11.082875100266357,15.88795748046839,-0.023128121035154457,33.15680427609191,11.41900542490371,16.485446672315472,-0.02792887446271927,BBH,high,match,
173,BNS,1.0603308185742217,1.0496048162786529,0.9183885872583544,0.021463087406596543,1.0914447685054431,1.0472073112291191,0.9306633892715568,0.04571910308831917,BNS,higher,match,
174,BNS,1.6625295943662,1.4451232830557104,1.348708421611678,0.01863759786232144,1.6778150894645758,1.4736949092002471,1.3683187233189624,0.006882485941162685,BNS,higher,match,
175,BNS,1.4597094644535922,1.0990651562350675,1.1004428961815935,-0.001854721052606775,1.492554209662456,1.098770259756017,1.1122383015553436,-0.029173282163548052,BNS,higher,match,
176,BBH,9.982591637024946,9.763590090343088,8.594390450831925,-0.5187116323256454,10.072430637568313,9.873589249190001,8.68149172033197,-0.5142490109843968,BBH,higher,match,
177,BNS,1.7081575538426352,1.1240554424136713,1.2010586431281303,-0.009440481655755789,1.719375638507279,1.1280737374649565,1.2070736019467532,-0.01707155369295904,AMBIGUOUS,medium,ambiguous,
178,BBH,36.726268843588684,7.218669740905668,13.349918575465434,0.0489307363089688,35.88150186256166,7.32146028074738,13.322271776096963,0.029891459059205778,BBH,high,match,
179,BBH,15.833888204642127,8.908981285451523,10.255559524733664,-0.3501116475075147,15.991821562149719,8.533522541707386,10.071467213462403,-0.34241703081286157,BBH,higher,match,
180,BNS,1.130890330850495,1.0574375177332342,0.9518809735210558,-0.016499410655941467,1.0928397958186709,1.0618849157501753,0.9377822609364717,-0.010755454540719233,BNS,higher,match,
181,BNS,1.6429984233408326,1.5575904066229924,1.3925418925727349,0.031131412005674413,1.6353050655684396,1.5517219004352514,1.38666149247349,0.03727246438579636,BNS,higher,match,
182,BBH,5.711249994806023,5.339408947943911,4.80681024665737,-0.07631779689696143,5.74659024687506,5.444219383057541,4.868948800552801,-0.06919715092712156,BBH,high,match,
183,BNS,1.2251776661055453,1.1785670103722066,1.046054576929184,0.04199054355292331,1.2623340860965568,1.1724172518841915,1.0589195909652198,0.052853096843332524,BNS,higher,match,
184,BBH,32.2834729186722,30.613870457412197,27.366082538224596,-0.08319554095136611,32.63936058360295,30.85603174835037,27.62489186791909,-0.10660804487450354,BBH,high,match,
185,BNS,1.9492935230092574,1.3824510029087982,1.4248916911762801,0.027072267847728624,1.920888009014997,1.4037831414835054,1.4260393246282104,0.035079111625514414,BNS,higher,match,
186,BBH,11.302493211027079,9.271253941653862,8.90276601494073,0.08553297273803064,11.158993781505918,9.05551672060716,8.74158767151463,0.09632894167069961,BBH,high,match,
187,BBH,24.463201695906474,9.924866373954687,13.300293447479412,0.43944551277043287,24.45687122203018,9.636330801662723,13.087418791238614,0.42153789196675717,BBH,higher,match,
188,BBH,49.733499760357034,6.728695224380106,14.601463124639253,-0.40791915710855026,50.28076967444261,6.6340804730391785,14.5500495419778,-0.41510541422157965,BBH,higher,match,
189,BBH,21.71944437828627,8.157240028737125,11.323187315015067,-0.39347954281562236,21.117189270214112,7.927210802711077,11.00630211605021,-0.4000228838144525,BBH,higher,match,
190,BNS,1.4118434403009736,1.1661188650946672,1.115995142809621,0.011689867095796678,1.3816979351063294,1.1648376534180538,1.1036138843463983,0.03520577934701853,BNS,higher,match,
191,BBH,14.025311209469931,6.67306952758282,8.309131260494484,-0.14783550341105042,14.080083705154099,6.64401702569522,8.304747739671877,-0.15069979257106747,BBH,high,match,
192,BBH,16.462775755286035,6.547911413513409,8.85477636186637,0.4634208878917139,17.422306878144145,6.315200391567329,8.90858349909435,0.4801823313822132,BBH,higher,match,
193,BNS,1.1619415702496312,1.1035212038998894,0.9857064471580771,0.00042946487547801957,1.1664132121642061,1.1285060779836582,0.9987581043507557,-0.00802402250295935,BNS,higher,match,
194,BBH,44.03405927671626,16.936624255414632,23.25654158377011,0.2529565187000901,44.019054328135546,17.03250878168735,23.324494503087017,0.2590175094064061,BBH,high,match,
195,BNS,1.4412227484805582,1.3868103379128465,1.2306994601948769,0.013402368452488609,1.45572285216971,1.3198521434199182,1.2064012978929277,0.005690234001321823,BNS,higher,match,
196,BNS,1.505276922293096,1.294396743613113,1.2144756357476165,0.007624120246185221,1.4900253753527577,1.3273490498306586,1.2238786847554728,0.010007550889196784,BNS,higher,match,
197,BBH,28.539072467569174,9.437826837491622,13.876604635760215,0.5381362323623223,28.96818394395598,9.462105003841522,13.989773710811544,0.568095126501628,BBH,higher,match,
198,BNS,1.473932737638078,1.467595663033317,1.280371037579558,-0.024725178296826043,1.4758716071964062,1.473991675975566,1.2840022585118935,-0.03258490593913674,BNS,higher,match,
199,BBH,49.09903429505712,43.96281255715529,40.43344244859029,0.0365085491624625,47.51308551375542,44.831985377021574,40.17519376957137,0.04302208649641606,BBH,very_high,match,
200,BBH,14.907105101853485,12.053044573382472,11.656001263973868,0.05305462424181358,14.716442216634459,12.207375048830029,11.658099119615798,0.04872974432460152,BBH,high,match,
201,BNS,1.396436235364812,1.3746910290256995,1.2061586357684868,-0.010244861868046462,1.3921003019207479,1.3366959703059726,1.1874837553982147,-0.028343869111901898,BNS,higher,match,
202,BBH,40.06714746086603,13.615989118701885,19.77584254125602,-0.5134159146199366,39.1632702584314,13.481626173065814,19.46711000476278,-0.5240196665417944,BBH,higher,match,
203,BBH,28.922581341294773,16.390350064376836,18.80402139023527,0.02973773576063868,29.51544896205231,16.33660495918239,18.951996248223413,0.004384798992996497,BBH,high,match,
204,BBH,11.346228497750658,11.170731468317127,9.800718859120506,0.6597136565626756,11.306185782247246,11.226315625194276,9.807766956943317,0.6567830265076664,BBH,higher,match,
205,BBH,10.404978354562296,5.385399463851237,6.447583244482229,0.28399360078722424,10.425289703146975,5.2840968454853146,6.388567609963784,0.2843338686513864,BBH,high,match,
206,BNS,1.8821750703289482,1.5632401362086097,1.491980390358236,0.010861453151849535,1.8627317974799038,1.591835676823291,1.4981331065644048,-0.005506927883367264,BNS,higher,match,
207,BBH,40.84572784112111,14.34511679291942,20.52754574176636,-0.5157482331773592,41.25956299402014,13.968757400471508,20.322497185251127,-0.5106759787270823,BBH,higher,match,
208,BBH,39.426098233011935,15.591721568469918,21.140051788590362,-0.2392585001987512,38.93804528134291,15.38704252411292,20.86976181471954,-0.24125666763930875,BBH,high,match,
209,BNS,1.554285585726428,1.344689159902267,1.257890240385896,0.011646330100152593,1.5564746144177126,1.3130566835889863,1.243635517416358,-0.002563971666998375,BNS,higher,match,
210,BBH,25.107747908636867,13.224775320951526,15.70377830844772,-0.5863789586105718,24.646893419442094,13.967893688516366,16.024523923395737,-0.5879904758024499,BBH,higher,match,
211,BNS,1.472555983336857,1.2358972180704795,1.1735138901284066,0.02603778373700747,1.4328911403052835,1.2411044702328684,1.160328032012913,0.02783514278060918,BNS,higher,match,
212,BNS,1.515687438521972,1.2483507330513903,1.196351933748839,0.022830240734002416,1.552454490040631,1.2760433919964838,1.2241071109563568,0.008096667933692805,BNS,higher,match,
213,BNS,1.2169161228057883,1.0206477117554837,0.9694531363255433,-0.030266229309856688,1.2095960173564086,0.9828396165651632,0.94817484820897,-0.03713348139923972,BNS,higher,match,
214,BBH,47.348432814411375,12.08764544291551,19.942443200315022,0.10487366018224525,47.060150211850825,11.988611622871856,19.797536898737604,0.0987106439453387,BBH,high,match,
215,BNS,1.9057918529142601,1.4530858250971335,1.446042980880946,0.02966015180468785,1.8313586543660523,1.3957228247493598,1.3892537103116425,0.03270524146286706,BNS,higher,match,
216,BBH,31.210013369271984,31.04023861432538,27.095875038454242,0.41465234607023027,31.04720417579411,29.73177498399673,26.448151304306027,0.44147801724218694,BBH,higher,match,
217,BNS,1.5285417289424528,1.4401891367981356,1.2915283167682565,-0.013052722483474048,1.5761960425927408,1.4149538568878528,1.2997022490367756,-0.008534370188217446,BNS,higher,match,
218,BBH,19.438253333023436,12.901808306132818,13.728924762148345,0.061961654278320136,19.52362028187618,12.835052827108527,13.720712577378745,0.07285761887801037,BBH,high,match,
219,BNS,1.3306769969463526,1.0420706990120008,1.0236030901643438,-0.002063260426394863,1.2958053620646237,0.9996015556029648,0.9891179434257398,-0.011679231544947788,BNS,higher,match,
220,BNS,1.3163614573367153,1.0559964243730025,1.0251478902754043,-0.0013649454197617223,1.3340563649230595,1.0660310951777774,1.0368621418187443,-0.010518534886554801,BNS,higher,match,
221,BNS,1.8487921131360887,1.1318998492296437,1.2518555809587877,0.004509402144769626,1.808687721844414,1.163876315848119,1.2570021160223024,0.019050963684181847,AMBIGUOUS,medium,ambiguous,
222,BNS,1.1786041756971177,1.1614410625489884,1.0185309734780181,-0.014876850228499439,1.1991574854033906,1.1483909587718018,1.0215430649785722,-0.03257197444103718,BNS,higher,match,
223,BNS,1.9531483799125258,1.470915923403967,1.4726022845437918,-0.012370885268064145,2.008825958248155,1.4230792520615483,1.4675597170994812,0.007644647133183726,BNS,higher,match,
224,BNS,1.018437802875194,1.0080974868535117,0.8820869395853779,0.012729249014826152,1.0225041198555689,0.9766205920069724,0.8698945073831049,0.028322401234221115,BNS,very_high,match,
225,BBH,26.37600998019623,17.898411769364984,18.84445477879564,-0.5384074340653712,26.069207431895567,17.343196087275302,18.43450205206898,-0.5350150692253932,BBH,higher,match,
226,BNS,1.9256866687367244,1.186385454719647,1.3082083950247978,0.008200969689856086,1.9495307143488398,1.1588396735342998,1.2997670093884053,0.010472035087704498,AMBIGUOUS,medium,ambiguous,
227,BBH,48.65907076564295,44.55084907811835,40.52466664317792,0.4316497470367332,49.19612946597459,41.95161008648481,39.52378799024259,0.4283522465044889,BBH,very_high,match,
228,BNS,1.5718419765211091,1.0878233644262791,1.1345273247812635,-0.0032118894342210323,1.604124647681059,1.046018213962644,1.1225677414278743,0.01097157089291318,AMBIGUOUS,medium,ambiguous,
229,BNS,1.3122142729220783,1.302678806845952,1.1381892405110843,0.005172044274430687,1.3314363174391952,1.2578885113528804,1.1265234138460851,-0.006914432137951602,BNS,higher,match,
230,BBH,14.685968668061742,13.325682206579085,12.17551916347807,0.16554224483053362,14.487040119140795,13.11203984812135,11.995297760388873,0.15258511165751817,BBH,high,match,
231,BBH,36.18169657636347,35.78608254151812,31.32522735804692,-0.6085260195852266,35.637407450262806,35.135417921312275,30.80473158345041,-0.5973528666859418,BBH,higher,match,
232,BBH,17.830508018683496,9.298821648464498,11.093463747004233,0.3745402423410923,17.465150598742127,9.467699937013924,11.09158541091215,0.35235902613282716,BBH,higher,match,
233,BBH,10.215448939366224,9.61615728668795,8.627477418910932,-0.2868727346683836,10.167205441454106,9.474917522998094,8.543356660957361,-0.27815321170106083,BBH,high,match,
234,BNS,1.4410774296172844,1.182762096703499,1.1354378693729814,-0.00873194259248893,1.444094758400839,1.2228952651512959,1.15607682380435,-0.01637499376581582,BNS,higher,match,
235,BNS,1.1086669708042685,1.0014971434654987,0.9170800540675146,-0.015286753454246719,1.1124502985836275,0.9902713726242379,0.9134074439796369,-0.01740860479820396,BNS,higher,match,
236,BNS,1.0218313916458115,1.0112460784997586,0.8849339747744716,-0.011714332376703352,1.0191484615078408,0.9940326027495736,0.8762061192037267,-0.003933149614377891,BNS,higher,match,
237,BBH,32.06177432651066,25.67097576960157,24.9444256514903,0.013368687163505375,32.00307561762204,25.398441483843733,24.78646524691225,0.032303124508320714,BBH,high,match,
238,BNS,1.5469877875782183,1.0802667564743285,1.1217867543590543,0.01041107746212374,1.5440734304237411,1.0562647178564253,1.1077926223857053,0.029288032951316482,AMBIGUOUS,medium,ambiguous,
239,BNS,1.4797985027551532,1.46926488445512,1.283644570224963,-0.019648664655519378,1.4845130751952196,1.4684396549331626,1.2853244817351661,-0.02046859128843353,BNS,higher,match,
240,BNS,1.5024129936309385,1.4879109188372435,1.3015957153253017,-0.011890536638806974,1.46234441076815,1.444112405476948,1.2650789400832088,-0.03207670512940802,BNS,higher,match,
241,BBH,22.545026099267407,14.3115539931409,15.557489427347152,0.27159997498617133,22.842387875714685,14.197944915750908,15.589967765603909,0.28496379918604436,BBH,high,match,
242,BBH,13.159465644463356,10.506111469701452,10.223150055546208,-0.3132742229278249,13.33318045840881,10.908799139711862,10.488486056265517,-0.3331954669373788,BBH,higher,match,
243,BBH,43.36802235677524,26.944614391573253,29.592269782692263,-0.037097994443472684,42.39401382854771,27.357873261738476,29.506719620513138,-0.033005801404691795,BBH,high,match,
244,BBH,38.619989270933495,9.39587456286693,15.833344678915468,0.5318011990853481,37.22178089016402,9.282613052234069,15.473253457112127,0.5093457050468989,BBH,higher,match,
245,BNS,1.341538262201623,1.0556217434995823,1.0344926988529197,0.002536868673727011,1.3368999987711014,1.0759857569571663,1.0428837857867976,0.006919454129659259,BNS,higher,match,
246,BBH,6.780209377558632,5.192706670829025,5.156347169633868,-0.39224602612835247,6.787870565575703,5.059136750405599,5.09054465308219,-0.39254092368915916,BBH,higher,match,
247,BNS,1.339007740602879,1.1111687348454657,1.0609584772687097,-0.043953177407246316,1.308112147738906,1.1146899852417163,1.050547896113001,-0.02580495658602322,BNS,higher,match,
248,BNS,1.5318238557779342,1.1673019830013143,1.1619584662768352,0.026996813690975677,1.5511065772073251,1.1703807142725595,1.1706309863020408,0.03714569142739222,BNS,higher,match,
249,BBH,41.28794279581454,16.193365136016904,22.038949182768338,0.3104606613618816,42.56249569071208,16.27648850685231,22.408854017895216,0.2885035360338881,BBH,high,match,
250,BNS,1.7701869494441829,1.615551063958455,1.4718827808751949,0.022382460673488702,1.7419293362931296,1.6223811768518681,1.4632914828803194,0.03134180100353195,BNS,higher,match,
251,BNS,1.4482160875711663,1.1188729376700015,1.1063188095755871,-0.009315747016269546,1.4500321013993827,1.1212792793487325,1.108214718299343,-0.00015136737393706254,BNS,higher,match,
252,BBH,27.61304222008157,14.44644657167852,17.208870943515738,-0.25339278368630636,27.719728842472048,15.083975570851727,17.639513682075084,-0.25369848490976776,BBH,high,match,
253,BNS,1.8239123610507963,1.2115162326795583,1.2887121358415945,0.03959136255239889,1.8357345678242538,1.1921609101456476,1.2819133852022133,0.037389105135310345,AMBIGUOUS,medium,ambiguous,
254,BBH,41.82023086822658,26.50898519740837,28.836757783017788,0.035021704395187224,44.08185649723999,26.71800199767477,29.69147923182054,0.009539341728783643,BBH,high,match,
255,BNS,1.5978560332062037,1.4877914641648855,1.342080491578363,-0.021804632658745705,1.5958264788339613,1.5095576273776043,1.3510709404749226,-0.04078879931752896,BNS,higher,match,
256,BNS,1.1859744198757092,1.0601191853104084,0.97582612140471,0.014919454118510929,1.1683304192461001,1.0490613228460317,0.9634994050331094,0.0172985412980694,BNS,higher,match,
257,BBH,26.70692020831015,25.02154366344347,22.501777630524394,-0.6392616020288667,25.793956904808365,24.65203722627386,21.951142742349077,-0.6536695162000881,BBH,higher,match,
258,BBH,23.727275603028087,8.55902913631236,12.100400906074682,0.3637909090775402,23.955545597064162,8.645942388530491,12.220347558278114,0.370565784299165,BBH,higher,match,
259,BNS,1.3390158575732602,1.2222111281274197,1.1134470232083402,0.00024212279648781006,1.2924046355240222,1.2226348596604335,1.0942289654850297,-0.004799604397591352,BNS,higher,match,
260,BBH,29.172769174706836,12.176133375415528,16.106435359278148,-0.5577578654287781,29.194243541297144,12.218264535561621,16.142014886909386,-0.5847157039798776,BBH,higher,match,
261,BNS,1.6269523404322688,1.2433539550364776,1.235936385776169,-0.007295289291591712,1.6211975108540644,1.2456118864059367,1.2349558718482208,0.008962297604093427,BNS,higher,match,
262,BNS,1.9097975765175446,1.722081430096817,1.5783319155959203,-0.026566289994945348,1.93998740745365,1.7558199446008123,1.6062955946713446,0.003925625136878158,BNS,higher,match,
263,BBH,30.29041286207905,8.200850556205305,13.183357254435014,0.3193073357631324,29.897084024258454,7.957193116595805,12.888733583187514,0.31865355181816674,BBH,higher,match,
264,BNS,1.8424550014526675,1.7321387087804385,1.5550429791917253,-0.021170996697575533,1.8638010207588998,1.80786309361909,1.597962051978211,-0.013172847747950788,BNS,higher,match,
265,BBH,13.464690265460808,7.869729986084781,8.897695733306678,0.03128787999314868,13.183562593925021,7.863576027030352,8.805481582114615,0.019624518450871792,BBH,high,match,
266,BNS,1.9720701771308857,1.6884050194852807,1.5875664279367971,-0.002918852789600524,1.9914870582974185,1.667451284409535,1.5851390596288177,-0.026760895048188644,BNS,higher,match,
267,BNS,1.004857337777279,1.0035434040486066,0.8742069740627672,0.03527513287153931,1.0184258190884097,0.9557493013994922,0.8587898428366625,0.034791182840877,BNS,very_high,match,
268,BBH,24.401793071350177,16.605529430479326,17.459523915336405,0.6997672093854671,24.018792655434368,16.651428817337706,17.351870566437665,0.7020704029989294,BBH,higher,match,
269,BBH,17.936285834679033,7.2578622234891315,9.737888693294437,0.29909217154163686,17.7728929972431,7.318301076557969,9.740848152445295,0.28578813953865617,BBH,high,match,
270,BBH,16.822831838667508,16.657663840319447,14.573019383605551,-0.4742953322851261,16.63894557095565,15.996640023880833,14.202161986980457,-0.4614409046101752,BBH,higher,match,
271,BNS,1.8267623598949472,1.1145731837461137,1.2347114409827245,0.0027434424637423622,1.852245267788626,1.165340441862264,1.2722101744898113,0.002647298055014177,AMBIGUOUS,medium,ambiguous,
272,BNS,1.0691381624661145,1.050324347366974,0.9225060244812919,0.00039689073360478163,1.104363901328482,1.0889758585520761,0.9546783861936674,-0.012153614753829855,BNS,higher,match,
273,BNS,1.0237565064571865,1.001337225549074,0.8814084223085827,0.004759281849262477,1.014855978165635,1.0087342650437559,0.8808139764615962,0.018858425070146633,BNS,higher,match,
274,BNS,1.9890919394999025,1.1484919344613833,1.3060223689936887,0.0045572881194622175,2.0435447090645167,1.1497768523103047,1.3235796832603948,0.01401142052966125,AMBIGUOUS,medium,ambiguous,
275,BBH,16.84927770154185,9.959808941706813,11.200643480115568,-0.12141808261062689,16.99063131085649,10.210353702538015,11.392872983329177,-0.10612930674519379,BBH,high,match,
276,BBH,11.74736650703273,10.884407357978072,9.842455603097486,-0.19698915813738788,11.982237249012629,10.688028455775436,9.848497690963699,-0.203838941708712,BBH,high,match,
277,BNS,1.0086172571337522,1.0004071683195832,0.8744699101438086,0.03742592299830732,1.0254515945056606,1.0214056868885246,0.8909442910297185,0.06067108148495173,BNS,higher,match,
278,BNS,1.3592043972677377,1.0039277999058467,1.0145997415541976,0.02634452382607861,1.3544100497590696,0.9900380623831718,1.0056181668140487,0.04992847510279263,BNS,higher,match,
279,BBH,31.8400294712123,26.26457261883564,25.151516357469223,0.5057856190582486,31.085303231752793,25.11605333628034,24.29710571076725,0.5091972745877734,BBH,higher,match,
280,BBH,46.937496615349836,33.59700721077131,34.47433614184774,0.38710554879155185,47.38841040309321,35.2982956050731,35.52780592568494,0.404957845384336,BBH,higher,match,
281,BNS,1.527636360604482,1.0355491331586353,1.0908333583835872,0.010517716450452427,1.5203514798155349,1.033171969046742,1.087031175320581,0.02656737722205206,AMBIGUOUS,medium,ambiguous,
282,BBH,8.08793856989865,7.136381225015003,6.611225216589864,0.3048960886036672,8.043664547808453,7.249184658799319,6.645814067468063,0.2849307757148625,BBH,high,match,
283,BBH,36.37731478234681,35.0271986487212,31.07395219651823,0.20033126276334146,37.194418120385514,34.99567752719416,31.405071137269715,0.18626043087988156,BBH,high,match,
284,BNS,1.5394377586643895,1.259672065375009,1.2110659453465897,-0.016356685723910948,1.5337942550756887,1.2434422426290908,1.200917190649352,-0.013728374008074327,BNS,higher,match,
285,BNS,1.7202160290026638,1.4620525792079162,1.3796858870905984,0.021421432941726444,1.7400323971336482,1.4367315863959962,1.3751902812059404,0.006122008436674489,BNS,higher,match,
286,BBH,44.28442469307682,31.676149725712282,32.51414876342245,-0.32049525847357174,42.7762932689294,30.76302085091926,31.494546707448,-0.29517678461395097,BBH,high,match,
287,BBH,31.611317438826937,14.010364377353516,18.0277263691042,0.11931811124717037,30.434621751306036,13.931700832577274,17.660888252620218,0.1424697491114037,BBH,high,match,
288,BBH,13.686133529271679,8.243259314377436,9.188032430014053,0.44660352058995445,14.184871350411775,7.992301647306229,9.194267265838555,0.4633070760839489,BBH,higher,match,
289,BNS,1.3833427934105078,1.2961345336064678,1.1655688142604783,-0.003197783837815385,1.3369737310002017,1.2706498864366083,1.134593482753478,0.009092807358533359,BNS,higher,match,
290,BBH,44.76498267076173,25.76294559995241,29.34189353471743,-0.11541046812913307,45.498540261587486,27.104487253898654,30.36912291967321,-0.1279235294647139,BBH,high,match,
291,BBH,47.77233214112177,40.46470016804241,38.24912313117474,-0.5207488095502916,48.28935378382489,39.794941204739914,38.12658086007235,-0.522001763760132,BBH,higher,match,
292,BBH,23.88944151944414,7.256314245064256,11.083411882637742,-0.5945068173685106,23.262024651260955,7.233876160059979,10.933591793938087,-0.6150580914488714,BBH,higher,match,
293,BNS,1.2151312180782745,1.0351108528818544,0.9757086975464503,-0.00264862814672803,1.215523205198899,1.0255665867519947,0.9712799390435152,-0.004302035416133888,BNS,higher,match,
294,BNS,1.8290875833359028,1.5233913155732908,1.4519590754503047,0.012881039062025897,1.856968337638213,1.5148582332941936,1.4585887130754795,0.024961317698439796,BNS,higher,match,
295,BBH,40.16596277310897,18.267479107401986,23.226821737888404,-0.5314000211782028,40.252002306072434,18.577280480005225,23.460813410113023,-0.5100442117438794,BBH,higher,match,
296,BNS,1.1729273077669315,1.05527890599554,0.9682598786801718,-0.008794793264814525,1.224785728822139,1.0527022549607774,0.9879345719609882,-0.037727238581872144,BNS,higher,match,
297,BBH,36.17472061647484,5.780621332866413,11.686120795594238,-0.33579526112510677,36.525219972804884,5.921405496789388,11.897123003130938,-0.3151716846370602,BBH,higher,match,
298,BNS,1.6039446649786266,1.2392014954930615,1.2252901684970998,-0.04331627500555061,1.6108802717212507,1.2591496795112607,1.237961354317037,-0.047056758443479826,BNS,higher,match,
299,BBH,38.79539387971511,32.94118096256275,31.10022069066588,0.1272191422980967,38.628384010249164,34.11539820964151,31.590392031093714,0.10923028992997687,BBH,high,match,
300,BNS,1.1946282116049223,1.0007579107458877,0.9511190846647225,-0.010529546297757748,1.181678838402287,1.023740444753871,0.9570075371069353,-0.002540281397799552,BNS,higher,match,
301,BNS,1.8931303060700324,1.5828275893020136,1.505752421532648,-0.02977312159860091,1.8603661712581834,1.5314830325314333,1.4680439810891086,-0.017398381127003322,BNS,higher,match,
302,BBH,23.50414296720016,17.349607433244632,17.53937272755584,0.13240530176652118,23.275159231706922,17.24138359665522,17.400125829559013,0.14126472137072846,BBH,high,match,
303,BBH,34.97235346711169,15.526977727623763,19.963190369955495,0.5854822408796114,33.51398653550332,15.647789287661231,19.65540222881009,0.5657706449743043,BBH,higher,match,
304,BNS,1.8608861685209939,1.7085675268612892,1.551996805380773,0.03903397513399575,1.9103171342300853,1.7660568460940205,1.598755873629552,0.041764319265930265,BNS,higher,match,
305,BNS,1.422495083918152,1.2367552162024884,1.1541144312636848,-0.018253473373854096,1.4871614778829885,1.2525841040243033,1.1872904291292483,-0.0005426417148317554,BNS,higher,match,
306,BBH,28.443903474009808,15.047891005118663,17.83189238003918,-0.19819166556237286,29.22459893668564,14.7496098088898,17.868078346622156,-0.1815904234014798,BBH,high,match,
307,BBH,30.86910689124804,27.323134632983646,25.2731709374229,0.1093448777370327,31.739715718587064,27.49221720654233,25.702566909655996,0.10320895165450038,BBH,high,match,
308,BNS,1.4201628545246385,1.341977137009786,1.2017131746561043,0.010285355927696027,1.4553227831607216,1.3496771634409828,1.2199076796679011,0.0005550882992586505,BNS,higher,match,
309,BBH,15.15988373298198,13.5413753473862,12.469096852395124,-0.16737918215999897,15.517340019740303,13.298309563586526,12.498058299192797,-0.17984516977851064,BBH,high,match,
310,BBH,30.866932905805196,17.086928855940645,19.821192350849213,0.08763869361365396,30.624796625310758,16.4523851112022,19.356157925499435,0.08058057322298877,BBH,high,match,
311,BNS,1.4721444510206463,1.3861364034454582,1.2434629720303179,0.0049595645368052995,1.45203225491582,1.428756148801405,1.2538868669785688,0.0011706865390596888,BNS,higher,match,
312,BBH,38.26275448670251,12.942657785484277,18.83721289709414,0.10589609297782177,38.3317474579494,12.687366420589587,18.64710766375853,0.107803871013272,BBH,high,match,
313,BNS,1.9869445812038946,1.8634293045898835,1.6749375709903207,-0.0017724301568295276,1.973862164600878,1.855455573428296,1.6658509809060587,-0.0005571938352682714,BNS,higher,match,
314,BBH,22.453881128717924,19.17773434491292,18.053797953135483,0.15755276591659492,22.383635742744687,19.806899845800363,18.323366716500924,0.15143762727584562,BBH,high,match,
315,BBH,48.73974542157966,15.814939570250283,23.4522720103696,-0.44371201722062703,49.99390693079679,15.5534208494918,23.503622452183,-0.44545119593648125,BBH,higher,match,
316,BNS,1.556486090510794,1.2850817265863925,1.2300817924820044,0.010295813253715288,1.5346926694241425,1.276153419954647,1.2172707073904665,-0.009223371128024797,BNS,higher,match,
317,BNS,1.1366633207788301,1.0537711503151659,0.9526225049064876,-0.003535007894749748,1.1217561299470837,1.0683355862146318,0.9529524421173119,0.006045806339921048,BNS,higher,match,
318,BBH,13.168539864936218,9.326264894253994,9.619018854605939,0.24354808604401804,12.701474263908763,9.410946564648162,9.496535714012673,0.25351266207175066,BBH,high,match,
319,BNS,1.3605651107758505,1.2822364321729025,1.1497397727708005,-0.03032418790871918,1.3127690918931023,1.2760875696106793,1.1267295688738206,-0.036115635662764094,BNS,higher,match,
320,BBH,8.63534137720147,8.206653595027436,7.328054004239758,0.5322916755377176,8.800163849490843,8.287944265094911,7.43402045069372,0.5373450034385863,BBH,higher,match,
321,BBH,46.359934905497234,9.15758343516536,16.89928040314667,-0.3589908609239214,47.45972468923468,9.196203638908253,17.11241108267511,-0.35961862592402105,BBH,higher,match,
322,BBH,12.280210600651959,10.820620147504718,10.031116175666604,-0.008575511902486123,12.26184703858799,10.573865241796668,9.907199006332325,-0.0022669648334984424,BBH,high,match,
323,BBH,16.68840134389866,6.5805215493711975,8.934078717776062,-0.6190492501529131,16.747044538474363,6.750289752949822,9.073036022508779,-0.6428405292542757,BBH,higher,match,
324,BNS,1.5391682923569978,1.5040996095453876,1.324553751084216,0.010804325903106843,1.5002448699606483,1.468915410584412,1.2923157403462702,0.01476140315265815,BNS,higher,match,
325,BBH,31.084912368952672,21.34913786380734,22.347827596392566,-0.02223369972816712,30.938719624082427,22.398765496641193,22.857532444677336,-0.006576521845639477,BBH,high,match,
326,BNS,1.1190241499821685,1.0291329512546143,0.934056953782105,0.0021488670890810226,1.1424353046034847,1.0194618750421878,0.9391923702066397,0.007154995949168542,BNS,higher,match,
327,BBH,6.797590952793192,5.0508579926487345,5.08978937742933,-0.09446556169206256,6.944284276026154,4.929881025017321,5.078760574754288,-0.07933205190506532,BBH,high,match,
328,BBH,7.432444022836964,7.325077243053599,6.42338021786404,0.5772723478158399,7.564611803170857,7.245672833866313,6.444756879162379,0.555118211345693,BBH,higher,match,
329,BBH,14.987931780242707,9.506707576244915,10.338294415019245,0.16627459611487777,15.160805091840869,9.460252316672307,10.368445527320336,0.15871502430749387,BBH,high,match,
330,BBH,7.0548028446517765,6.617008884440252,5.947339705443678,-0.10314498058342457,7.267082810213796,6.529522882836558,5.995017896803117,-0.0878662086115597,BBH,high,match,
331,BNS,1.0642088515654644,1.0492807697481106,0.9199222524890299,-0.01216607914537067,1.0519342988334428,1.0398480833645551,0.9104829273431784,0.0016364614890364568,BNS,higher,match,
332,BNS,1.6608681959247993,1.285284297332327,1.2698416801526502,0.012132169727616954,1.6794808541522919,1.278664538268548,1.2733714364015505,0.013195208629918393,BNS,higher,match,
333,BBH,23.668340248677435,7.312202399061804,11.084390071464748,-0.0879721599499954,23.26336242509375,7.328099441913512,11.012305685166922,-0.0700712692423458,BBH,high,match,
334,BNS,1.2495481759387204,1.0295677786007797,0.9864872672204954,-0.02571060814697753,1.2390392672685488,1.0185761966043587,0.9770508379249564,-0.030464634871371275,BNS,higher,match,
335,BNS,1.0935663856088007,1.0514309532343182,0.9334481400944363,-0.006341784019415126,1.0598684765235546,1.0577167891965302,0.9217319519544948,-0.00967239781157187,BNS,higher,match,
336,BBH,11.594607192956323,11.471133223405214,10.039774032156965,0.1823917168049058,12.172929272942758,11.261159699868477,10.191012042548707,0.20210523479512313,BBH,high,match,
337,BNS,1.6230715035620356,1.261742098654911,1.2438310573091582,0.012332282316194092,1.6305594563751364,1.2919315365144068,1.2618131444623932,0.011946169059859442,BNS,higher,match,
338,BNS,1.0576010503789748,1.0531579566618143,0.9187587787056992,0.013596037768076998,1.0455925796784256,1.0400814970219079,0.9078385680134325,0.031209186286563814,BNS,higher,match,
339,BBH,11.974333014772553,6.702567724905077,7.734541314880039,0.09623674630839206,11.777500899281398,6.9137490986065915,7.80067864732522,0.08194047534638882,BBH,high,match,
340,BNS,1.0599908345853484,1.0353819933615922,0.9119885149978918,0.013663609699276632,1.1248523358026339,1.0128919727435388,0.9289750167475102,0.005460186863949784,BNS,higher,match,
341,BBH,30.34109946132994,27.348498505182263,25.070291204243347,0.11899394131225187,29.929970557449273,26.761262941913085,24.630008151884088,0.10071592729839902,BBH,high,match,
342,BNS,1.22248225212874,1.1812954349341718,1.0461206938038619,-0.027486182636492742,1.2299535793527976,1.2024122425006407,1.058667272595873,-0.00856479617009969,BNS,higher,match,
343,BBH,44.388251764288185,11.049163688760588,18.433078556034484,0.24219987531554443,44.035636543729346,10.975699449180057,18.300015279288385,0.2305839235128435,BBH,high,match,
344,BBH,16.157614624739814,15.198283625373175,13.6407806392585,0.6094218505640436,15.766471501024022,15.495817791940448,13.607089808618246,0.6046894446699762,BBH,higher,match,
345,BNS,1.3204548855634552,1.090837920464417,1.0438552664025071,-0.01028241644071513,1.3062706386855754,1.081917067799554,1.0340048854126747,0.000495533524965216,BNS,higher,match,
346,BBH,41.8787587347954,29.115220611246684,30.298702280340002,0.3400238480713448,41.877820883447406,27.81374957934094,29.58762589645241,0.3597323772949985,BBH,higher,match,
347,BBH,32.281277875256364,6.81018927746758,12.21376462669746,-0.4642668498856143,31.815139748023192,6.840738342726755,12.167433461725684,-0.4882970119031677,BBH,higher,match,
348,BBH,18.929457866193236,12.64663903362378,13.415173386750123,0.043064144901116985,18.811474555505324,12.457921716887508,13.27080179791484,0.06321970082133038,BBH,high,match,
349,BBH,42.31495135414036,27.16866285277358,29.373844143548773,-0.09491268394114148,43.51807288256601,26.95063164948577,29.644484632937278,-0.09847946522685805,BBH,high,match,
350,BNS,1.7508363334364625,1.2199469219712276,1.268170651050835,0.03370555554707901,1.8068647517434746,1.2302546786478539,1.293183124473405,0.05188796971912208,AMBIGUOUS,medium,ambiguous,
351,BNS,1.0915598343705688,1.0298633974797136,0.9229344091611366,-0.018834472595305834,1.0366304652674028,0.9860289191812664,0.8800829787349347,-0.024058787392602848,BNS,higher,match,
352,BNS,1.2669336489377285,1.2294775997304093,1.086479330816422,-0.0008113526028236004,1.274647641093424,1.2113729736490577,1.0816826677816511,-0.015995902646039752,BNS,higher,match,
353,BNS,1.985364562168222,1.6957645204870444,1.5963469130496346,-0.016450955544782018,2.0261857845033067,1.693956738205537,1.611524941960278,-0.021778748709856775,BNS,higher,match,
354,BBH,25.132283276185397,20.089447847544196,19.536669573989784,0.39500026814503736,25.069430242555484,19.84431686051419,19.390656462192045,0.4218642244936929,BBH,higher,match,
355,BBH,9.38951180478422,7.846370899585206,7.466213445701392,0.3300050398688023,9.305555937205444,7.879409561869895,7.449238284794362,0.3483363287900807,BBH,higher,match,
356,BNS,1.4419010737450706,1.1080341372992233,1.098467809247116,0.016168029695432528,1.4279032076215976,1.0910488197546635,1.0846304495344046,0.02271349013262921,BNS,higher,match,
357,BBH,25.18062180209861,5.328078586340107,9.543276383586642,0.7009969860251827,26.170788047527115,5.163139086912993,9.533127663318343,0.6973796204950977,BBH,higher,match,
358,BNS,1.6088078092055942,1.1627341257699604,1.1875351138297692,-0.03233754425390014,1.5974417850062967,1.1529403468678547,1.1783125927971376,-0.022678583690253107,BNS,higher,match,
359,BBH,14.2366932709341,9.189895029732106,9.910372951489613,0.3085612317597043,13.654489888877912,8.964670589583793,9.589381422840303,0.3322821132525682,BBH,higher,match,
360,BNS,1.3902761417723433,1.1005691237665631,1.0753793356365207,0.0016022014836739175,1.3525089179300456,1.0820586706329873,1.0518412557302144,0.003952012851546521,BNS,higher,match,
361,BNS,1.6760189600893782,1.224082927576371,1.2438591627174183,-0.0047619132837696705,1.6923373023922854,1.2274886136897232,1.2515011352475098,-0.012815334401813686,BNS,higher,match,
362,BBH,25.308451325448736,17.844003573181162,18.443936648687252,-0.20484886324758964,25.41011552489493,17.710703871174598,18.408062308761192,-0.1971264865294476,BBH,high,match,
363,BBH,19.906297714009764,11.77012756388875,13.234750724809935,-0.49379016130065756,19.546577200241558,11.752290765016022,13.110227323885521,-0.507957783949931,BBH,higher,match,
364,BNS,1.9011053131506768,1.0885936026343792,1.242789802952647,-0.021002280053419836,1.90868076312669,1.1424095135769308,1.2771504270766723,-0.020341571622400304,AMBIGUOUS,medium,ambiguous,
365,BNS,1.3765387327965817,1.11421836781967,1.0769337171855313,0.004118210807023569,1.3532664055632369,1.1333616657561643,1.0772808146494153,-0.007247425231097604,BNS,higher,match,
366,BNS,1.8584344850731824,1.1577734508474626,1.2699021240123947,-0.02697463486247644,1.8116462983789774,1.1820410672608253,1.2681840796466246,-0.04071871386764945,AMBIGUOUS,medium,ambiguous,
367,BBH,8.160501689901645,5.179874271504683,5.631032483990213,0.2904504434717973,7.970895149125668,5.0860807120749625,5.515256133275209,0.2986816241505848,BBH,high,match,
368,BNS,1.6906470731051537,1.066434032619055,1.162792611129378,-0.03547309250344386,1.652310939791208,1.0947687329278868,1.1659347518588212,-0.027455131133254294,AMBIGUOUS,medium,ambiguous,
369,BBH,49.30632686944765,35.04020154039782,36.08013094766878,-0.18612754113466456,50.3443674640927,34.99064376867634,36.418012690291356,-0.1865159177865843,BBH,high,match,
370,BBH,27.118092787377797,8.843613328272658,13.084745357322147,-0.698700085903278,27.99454001380176,8.98149046377896,13.386560101162377,-0.6908225069177155,BBH,higher,match,
371,BNS,1.1950294676448272,1.0052376678771495,0.9534399354110408,0.012035872976617403,1.2030014856010087,1.008967367150578,0.9583632879489503,0.024486970403862177,BNS,higher,match,
372,BBH,46.930757879884254,36.93059699749205,36.19044827918308,0.672113497191916,47.277769465542825,37.424298280717935,36.56853686483286,0.6650815292733527,BBH,higher,match,
373,BNS,1.0625711158461595,1.006850744140112,0.9003762992347972,-0.0279923249146135,1.0852184415510193,1.0176730576612096,0.9147699554410501,-0.00953514445196672,BNS,higher,match,
374,BBH,20.96608636119195,5.207452927014978,8.695872094360595,-0.3351377135720949,21.12221055812602,5.29448143505655,8.805661607066861,-0.329720467710242,BBH,higher,match,
375,BBH,11.255228533051937,10.053185721961638,9.257305322288646,-0.08062148304138352,11.225058393054754,9.93089078271157,9.187970364652799,-0.06194080633218223,BBH,high,match,
376,BNS,1.0999318089723635,1.016414138118157,0.9203320434146438,0.002711658644884307,1.1121365758074215,1.0301685500478,0.9316731535455075,-0.0006601746535995284,BNS,higher,match,
377,BBH,30.333466010069984,28.285506057446415,25.496698856129107,-0.46301916583501046,30.97908925722735,28.67506066623175,25.942729210918884,-0.4519515090639312,BBH,higher,match,
378,BNS,1.9713590240855083,1.537174174149295,1.5131018584615887,-0.013354432646202967,1.986342271284353,1.5068286603089942,1.5032347497709633,-0.03668172018167368,BNS,higher,match,
379,BNS,1.5653165470049433,1.0242945496378084,1.0974110107590125,-0.01767142962710012,1.54267469127319,1.0169748371220222,1.0857119956078702,-0.04528003543563203,AMBIGUOUS,medium,ambiguous,
380,BNS,1.7634112937325794,1.7264180567139933,1.518934037965143,0.004558700005825348,1.7192898230129539,1.7174998319144352,1.49594934153323,0.011044106101437938,BNS,higher,match,
381,BNS,1.8198111081856883,1.396352970834396,1.3853045976541511,-0.00576131552451231,1.835423827861698,1.3867783278418893,1.3861667912725377,0.002541113861344071,BNS,higher,match,
382,BNS,1.190727157322718,1.1218233313110622,1.0060597899042851,0.0027855898709727043,1.16631298316378,1.1446407029134837,1.0058479353661873,-0.00576489035475449,BNS,higher,match,
383,BNS,1.5790266081990518,1.2846296589679067,1.2385577419785105,0.020200160873625708,1.581722681861636,1.2419412889995631,1.2183617117250716,0.0013636387779238411,BNS,higher,match,
384,BNS,1.3191739717673296,1.0816890932943608,1.0388892122542341,0.03729331760532009,1.3354152535503199,1.050260453423687,1.0294985176108509,0.04585129892175505,BNS,higher,match,
385,BBH,8.220402502787831,8.005886200456436,7.0621617033176065,0.39050223300891584,8.400811978519599,8.124578549835542,7.19188803613322,0.3895153127241229,BBH,higher,match,
386,BBH,8.850093845827692,6.198238177426542,6.427350873992398,-0.5022310906982845,8.90973580992991,6.093635472958834,6.391562014840975,-0.5150474334698547,BBH,higher,match,
387,BNS,1.4065022037671104,1.3450277230730892,1.1973142285659975,-0.013207901433500431,1.4336794742762522,1.3350645483169759,1.2042482879318626,-0.015721906727742124,BNS,higher,match,
388,BNS,1.3513496832892642,1.1843417632751658,1.1008485932696175,0.010718807321661895,1.3602826324948194,1.222522821217677,1.1223113060062344,0.008923257377166137,BNS,higher,match,
389,BNS,1.1035102683100586,1.05206517362131,0.9379480146194316,0.023223102200206566,1.127378102268135,1.0452005813103014,0.9448577719966876,0.017665648945123825,BNS,higher,match,
390,BBH,6.742517055304828,5.573189921189519,5.331675000864869,-0.10798173901514423,6.688614669367205,5.767540637532619,5.404049285989907,-0.1072252588666316,BBH,high,match,
391,BNS,1.3180641471086796,1.1101184054611215,1.052270131493269,0.009030694507190065,1.3463566004823773,1.1011012767628343,1.0588864156436069,-0.00424705456097408,BNS,higher,match,
392,BNS,1.4410418796753934,1.3937207669521685,1.2336957935359398,-0.006109984990085008,1.4537870899056164,1.3920225724215163,1.2383604730036823,-0.009342231655948339,BNS,higher,match,
393,BNS,1.915396937089632,1.4164371597066279,1.4306618175805017,0.017048874170636438,2.033711473053619,1.43105361489382,1.4805817344679166,0.029361048912029914,BNS,higher,match,
394,BBH,29.704012993825707,28.333673138277124,25.253919136967124,-0.2305459825474052,29.786128802352504,28.94990481347704,25.563234197239066,-0.22466635636373333,BBH,high,match,
395,BBH,38.32004096501571,35.88535765220495,32.27890886767722,-0.6529676157631068,38.08003952966928,36.00414928323378,32.23182234019338,-0.6359794961279445,BBH,higher,match,
396,BNS,1.9071973733366125,1.7965110210500799,1.6112686538697145,0.016863545184928656,1.9079217721621438,1.7952649879528768,1.61101042974428,-0.006411763960112621,BNS,higher,match,
397,BBH,11.028974865305344,8.08184894274053,8.199203089523907,-0.5471261597584399,10.790979031371345,7.818697117829359,7.9757104668021155,-0.5458227007475254,BBH,higher,match,
398,BNS,1.8607676949546046,1.2946141621291476,1.3467566289439572,0.005380999468552213,1.8673768112202511,1.3085779883679591,1.3565758480002825,-0.004912428410697619,BNS,higher,match,
399,BBH,46.59303917343239,39.173387393121985,37.164118572834376,0.09644253230987976,44.073457511722864,38.686491985001666,35.931706201174286,0.08124038480571653,BBH,high,match,
400,BNS,1.007085354169948,1.0042245673867278,0.87547242989511,-0.02739997008984453,1.0168679589196044,0.9784792370926387,0.8683324109478404,-0.029803427115089074,BNS,very_high,match,
401,BNS,1.6790742101195937,1.5137515315905274,1.3875212680480893,0.006209316550768933,1.6294673742309795,1.4960743366239964,1.358983693639383,0.0005246814387171037,BNS,higher,match,
402,BNS,1.7822839235035595,1.733442229173531,1.5301314771428265,-0.0032501351031129335,1.7985634633694352,1.79386465973062,1.5636935579834803,-0.011236686168054308,BNS,higher,match,
403,BBH,17.96896855402539,14.74389442212902,14.155900640673664,0.34385694861513294,17.78538515146673,14.42728332185109,13.929751228199866,0.3184484239088145,BBH,higher,match,
404,BBH,29.854973760831477,15.178169837763555,18.324629741048025,0.01938070283968479,28.74541804245893,15.028106323334265,17.907766783653404,0.029077763945596365,BBH,high,match,
405,BNS,1.4421485574644954,1.3118208746609872,1.1971233430021349,0.020716798536826616,1.4626173141808398,1.3556651088953549,1.2256683592897823,0.02532120433787392,BNS,higher,match,
406,BBH,32.45110288002104,8.5449347269959,13.906394645668081,0.47305541615290214,32.49363497047123,8.56461052740358,13.9323209991759,0.4885476264250214,BBH,higher,match,
407,BBH,30.67291188255161,5.016489806288695,10.041188295162703,0.2482824213703909,30.072679264635667,5.298862745481593,10.272640195474782,0.25688869469403874,BBH,high,match,
408,BNS,1.9590733380799858,1.6783211088513912,1.577601718696731,0.048024375321638745,1.9457165100833178,1.6819179212647262,1.5740042991703889,0.0391772191016501,BNS,higher,match,
409,BNS,1.5433514174237577,1.415868418305824,1.2866404061196408,0.018706554716277937,1.6045379023024084,1.4171855488806708,1.3122454461917257,0.015554454869546588,BNS,higher,match,
410,BBH,11.908773232008373,10.786907931547308,9.864379094044287,-0.35628656668480535,11.899780909136089,10.445758855320864,9.701730509933947,-0.32519000488054334,BBH,higher,match,
411,BNS,1.7953234625277514,1.1815697286537938,1.262433722427505,-0.0081565008009265,1.7614579197050262,1.1761873111760093,1.247985065416363,0.001767524904389242,AMBIGUOUS,medium,ambiguous,
412,BNS,1.330024343248666,1.155425670195766,1.0786485264855892,0.022068488528470247,1.3662663958722683,1.111612270807674,1.0717098542906367,0.045299722577616636,BNS,higher,match,
413,BNS,1.3440371682591539,1.1786330786055774,1.095221209825895,0.002917813555933338,1.3088477201152815,1.193029896751983,1.0876046516186249,-0.021083497425314623,BNS,higher,match,
414,BBH,27.67698339936054,25.51147549307799,23.128587843829624,0.10054029050737494,28.402142336000182,25.95759080179536,23.63272632114393,0.11615375553703565,BBH,high,match,
415,BBH,18.804833760974233,15.518567939555549,14.857803817393064,-0.4547592589493878,18.445544278708194,15.431038721598547,14.675471446028832,-0.438102980393306,BBH,higher,match,
416,BNS,1.7452811721545722,1.0549362172694707,1.1738608377985813,0.027564122668188897,1.7367806740322909,1.0828315980457774,1.187259519728933,0.02627268817481062,AMBIGUOUS,medium,ambiguous,
417,BNS,1.3904465103969599,1.1890594769376996,1.1186839598242775,0.00549773311202773,1.4056268168976387,1.1644073512924535,1.112748978337891,-0.0011617491274542263,BNS,higher,match,
418,BNS,1.9976754473698222,1.867436024392047,1.681241082770424,0.04159107701685098,1.9855104905537377,1.8841107722832495,1.683656452328324,0.04112253209351983,BNS,higher,match,
419,BNS,1.2200483204766077,1.2058663947459387,1.0559190581703288,-0.04268069135397051,1.183667461459709,1.181358065794146,1.0294365635332992,-0.023105946894439035,BNS,higher,match,
420,BNS,1.6150243819033734,1.5475303353753846,1.3762056702412322,0.014756331963028774,1.6572411048210596,1.5584228062512628,1.39890578042987,0.006623742306020652,BNS,higher,match,
421,BNS,1.621811384453137,1.172559573376405,1.1973588956668761,0.011229820601796777,1.6275541974011685,1.180814462046332,1.2037587312828204,0.012878994050556418,BNS,higher,match,
422,BBH,13.539566174484566,5.908513198800718,7.657278304785732,0.5661785579457619,13.69349596032671,5.820750642491279,7.635291846226942,0.5589590143681742,BBH,higher,match,
423,BBH,14.74904910039512,12.843558519120467,11.975980636134336,-0.13699675520602525,14.869917917538533,12.992851738182297,12.094919312354447,-0.1394716468528748,BBH,high,match,
424,BBH,20.751945006784045,11.132767845350623,13.106317191700972,-0.06273546356099637,21.049672521643977,10.867731491150556,13.026418717621114,-0.05895284779868685,BBH,high,match,
425,BBH,19.294484936234337,6.185530588457273,9.222446647031541,-0.445937507655072,19.277116565571806,6.110269073358524,9.156676040461587,-0.47398521524605847,BBH,higher,match,
426,BNS,1.6794508332959412,1.163389956715646,1.2127884577011976,-0.016555159068041916,1.682085896046084,1.161955140454795,1.2129289081601569,0.0037206501599976196,AMBIGUOUS,medium,ambiguous,
427,BBH,32.487104770968635,13.143184950266559,17.635847378222305,-0.04163877239039267,32.454883860412934,13.497347321312953,17.883633832575075,-0.009517184298480787,BBH,high,match,
428,BBH,38.20357316121836,10.677926666454695,16.92488187477015,-0.09742333819337963,39.27028688932639,10.884703775063869,17.316717905307186,-0.0657323822004316,BBH,high,match,
429,BNS,1.6151355899884214,1.234619005876238,1.227110506768229,-0.02178862156903417,1.6625586140044573,1.2540399764689243,1.2545202492644234,-0.016868269349339056,BNS,higher,match,
430,BNS,1.0473842338175987,1.0011740806301603,0.8914145359735209,0.01515730741129787,1.018429485993346,1.008573874779819,0.8822919437876882,0.020552918927972855,BNS,higher,match,
431,BNS,1.153100375803377,1.0507186015674734,0.9580252090515443,0.0059931220651099956,1.1327268182138008,1.072827294627216,0.9595982664977957,0.02478603681763475,BNS,higher,match,
432,BBH,43.34806377533528,36.91963819885944,34.80391650750454,0.42107075813037326,44.38026845850575,36.437618139132574,34.97376964443724,0.41708610979888255,BBH,higher,match,
433,BBH,43.296664423643286,21.51963395708615,26.256494716549373,0.5007408100218983,42.13106511153632,20.850012064385396,25.490786334490515,0.5224469897953395,BBH,higher,match,
434,BBH,45.8106088124989,28.405939586034826,31.226620336207844,-0.12557522024412776,47.063438742035665,28.43528389563694,31.64731094063583,-0.10179189686011438,BBH,high,match,
435,BBH,24.85469770751215,9.1931874689019,12.850106669354433,-0.2092798907892605,24.738949024311538,9.545366472983252,13.08835948772174,-0.2133618259418748,BBH,high,match,
436,BBH,18.930730371348886,7.789918935232009,10.371719991345552,-0.46520463853859306,18.331780039991017,7.791407165943749,10.220851779044432,-0.48640605425428446,BBH,higher,match,
437,BBH,16.774471203482484,8.275030844878547,10.131908437299245,0.2813908173882357,16.12610802588379,8.049781703701823,9.80193250177795,0.2975473576213222,BBH,high,match,
438,BBH,40.55133961237622,23.221942663061405,26.510291216996688,-0.0714356671201741,40.66226708600607,23.013739474661342,26.418740247977013,-0.08432375358944375,BBH,high,match,
439,BNS,1.8178159272441685,1.6480578682021674,1.5064366319978608,0.009266076392212653,1.8439324118461367,1.645236152589811,1.5157918066335474,-0.023780277548941284,BNS,higher,match,
440,BNS,1.9329800266492714,1.211029716435297,1.3247457146166575,0.018005941514277413,1.8855536374251491,1.2098072043943406,1.308430857047306,0.0015799626170275134,AMBIGUOUS,medium,ambiguous,
441,BBH,14.970132472366863,8.238006190619636,9.582980233737558,-0.6887712394327766,15.14885965559786,8.214603727180913,9.622158167398355,-0.6897718582408706,BBH,higher,match,
442,BBH,17.307082230851996,5.191752956637594,7.974266005397595,-0.43034532622608934,17.573316212135875,5.237953542012564,8.06824964375336,-0.4222325721783893,BBH,higher,match,
443,BNS,1.6295854164725958,1.5890927737970106,1.4008780092323243,0.018441155650878255,1.6331739762851532,1.6263008920300341,1.4187650562831153,0.026920364905036166,BNS,higher,match,
444,BNS,1.4278138093629416,1.1197133921069575,1.0991154288739418,0.02540076372661469,1.4171110576936117,1.1213032667795602,1.0958817197442974,0.01614143043590654,BNS,higher,match,
445,BNS,1.7229339986919212,1.3939866957283609,1.347631678954746,-0.020372155982483264,1.696827698731492,1.3463569612931465,1.3140537133777146,0.011418699341726405,BNS,higher,match,
446,BBH,26.15820229413573,11.14242198128107,14.60189689329803,0.0212164787879475,26.010654836437492,11.001622840837985,14.464241377743793,0.022639427044936995,BBH,high,match,
447,BNS,1.64272531468006,1.4194605682533792,1.3286379693624575,0.027082061495896023,1.636192800528624,1.3833536025948265,1.3087969313785521,0.014823718266318953,BNS,higher,match,
448,BNS,1.424017098156968,1.1177486706392055,1.0967016938768726,-0.0122607180498657,1.4573318694015118,1.138420296597817,1.1196028889051632,0.0008818372513003415,BNS,higher,match,
449,BNS,1.706244111683247,1.057518272817201,1.1627792877293766,-0.019906300121462547,1.7248793423744422,1.0805821539496887,1.182085920366876,-0.03851439476451837,AMBIGUOUS,medium,ambiguous,
450,BNS,1.2573875756946147,1.1596092862223701,1.0510255950049663,-0.007921450450188473,1.2336164988112244,1.1909577316620177,1.0551612007199955,-0.0014044639138302139,BNS,higher,match,
451,BBH,23.55398270857556,5.035803766514542,8.979201297547302,0.4617587475440044,23.329332347925124,5.1917853265266345,9.096998308375856,0.44946004634053055,BBH,higher,match,
452,BBH,48.849891754284656,6.724150689854165,14.485257777672114,0.752408619105381,49.669789661469395,6.717439262456102,14.579461757913576,0.7454128994079723,BBH,higher,match,
453,BNS,1.51585943798612,1.2698811302019402,1.2068827150959245,0.02857952660064323,1.4906427774629862,1.2739217965187772,1.1989041442013633,0.03108009281292573,BNS,higher,match,
454,BNS,1.8102913412113546,1.571152867747427,1.4674378092622704,-0.004212815798353731,1.7949455050551293,1.5481509404874534,1.4504039041311925,-0.0031649864178153594,BNS,higher,match,
455,BNS,1.8198851218197007,1.4192121439009058,1.3969149909979532,0.014580390052628686,1.8175646130535201,1.413231045219783,1.3930282333508208,0.008611616549434232,BNS,higher,match,
456,BBH,34.72075153897056,17.7948521957194,21.402890458536294,-0.09959709556069911,36.2091932317721,17.731564545757223,21.784928296767106,-0.11110495257187078,BBH,high,match,
457,BBH,29.147679208825352,25.009922408824576,23.490805590136958,-0.0080992371996323,29.048818225150566,24.3182789218068,23.119693191309317,-0.013908601722432714,BBH,high,match,
458,BBH,16.859734820464574,9.064190945388612,10.660258041680185,0.15386186724647066,17.151868920049615,8.917189900944901,10.65365449710079,0.1584014093878242,BBH,high,match,
459,BNS,1.608300756971365,1.1081646730793613,1.1581961156534302,0.010759814997974099,1.5713368818342857,1.1083937431992625,1.1454068972367923,0.008857461033420366,BNS,higher,match,
460,BNS,1.9443692191577737,1.675145504477815,1.5702496111565847,-0.01883632460193434,1.901882641285916,1.6891286409657962,1.5597841769622378,0.0021526210188863464,BNS,higher,match,
461,BBH,19.199153565627768,6.84202931172093,9.726309075987881,0.13471747930198533,18.73380074919582,6.667049890106548,9.483444543827074,0.13492609671308797,BBH,high,match,
462,BNS,1.9538498899501457,1.1382915733347878,1.2889466985760336,-0.009771904094143538,1.9664998525201844,1.1664251984061182,1.3096054861661142,-0.018976123042044275,AMBIGUOUS,medium,ambiguous,
463,BNS,1.493484157763217,1.3216606334260894,1.2226219750059262,-0.024661424655449356,1.457177472495178,1.284296829399339,1.1904464918570228,-0.05946752265119312,BNS,higher,match,
464,BNS,1.46675292591894,1.4622917849669246,1.274938986968781,0.04879560465518227,1.4810768867003459,1.4761708293848825,1.2872147068658815,0.04023408313734106,BNS,higher,match,
465,BNS,1.0141265749098545,1.0013453247296746,0.877263930338181,-0.010321282319654075,0.9928737226655496,0.9805053087115698,0.858942867823233,-0.011940948463832925,BNS,very_high,match,
466,BNS,1.5383934900866247,1.0991393557827671,1.1288403892526964,-0.014756867926912134,1.5286595999370234,1.0848220516877412,1.1177834742752026,-0.00883020407448892,BNS,higher,match,
467,BNS,1.9297682501350732,1.0399830571906972,1.2217288686728769,0.005923537664057169,1.9302512232475033,1.0584605926818151,1.233321520921054,0.006051792367720075,AMBIGUOUS,medium,ambiguous,
468,BBH,13.702341192195016,7.740179952049998,8.89349226485894,0.5826266482671131,14.003569074511933,7.80155753835752,9.022778785129761,0.5944317024028408,BBH,higher,match,
469,BNS,1.9051863233669755,1.4624390084402106,1.4505889912877274,-0.0021037874922773064,1.8935898122042782,1.4379337001239119,1.4337924388323813,0.01649098029855532,BNS,higher,match,
470,BBH,41.96998546875017,21.355136858044244,25.77208168863204,0.07202981763035252,41.359746603834175,22.37329043237749,26.236851364759424,0.05464107059872419,BBH,high,match,
471,BNS,1.265077288574972,1.097210249411994,1.0251268229175876,0.03253152188669658,1.2899547796662625,1.0834085436169478,1.0283647933686877,0.03529177717884043,BNS,higher,match,
472,BNS,1.2930376744328185,1.2793880524225607,1.1196944173505656,0.009652232407807812,1.267312092024477,1.252663772884662,1.0968609662591386,-0.006861562018705337,BNS,higher,match,
473,BBH,10.344970539301029,9.217940954423328,8.498283404855869,-0.037851983037994384,10.20669172468275,9.272529709457674,8.467118149079383,-0.03379500995958908,BBH,high,match,
474,BBH,12.866852373112184,5.228702096914002,7.001729865121118,-0.037279286193079006,12.514878623140778,5.14442401733403,6.852725404081422,-0.05172572044002513,BBH,high,match,
475,BNS,1.2742024022933998,1.1999679269900145,1.0763633849826164,-0.007856079388880723,1.2478490643288573,1.1926499904829113,1.0619628180719636,-0.008947575402811762,BNS,higher,match,
476,BBH,9.542803968415106,8.474395296886168,7.825883456857634,0.04871143198275011,9.591129588528448,8.626123989236397,7.916162349234597,0.06950429381419736,BBH,high,match,
477,BNS,1.6867539585414577,1.6216447085726482,1.4397294918902692,-0.0026679426651761203,1.6594708137918195,1.6584833151431237,1.444223341210523,0.0038654511872568205,BNS,higher,match,
478,BBH,37.75431708601709,34.9808953252,31.63221338559129,-0.12182958006124371,38.48490119005783,34.75633208124076,31.830499851417752,-0.11790739609266898,BBH,high,match,
479,BBH,17.054402093476735,12.106146343333352,12.472293238143427,0.22081775372319923,16.725341347033734,11.950261788683283,12.272949107980109,0.22542634048111004,BBH,high,match,
480,BNS,1.9965052596345587,1.1520324275067464,1.3104465695003715,0.00043187770837385095,1.9675729504551447,1.1557572337350939,1.3036316581001868,0.02798898697333198,AMBIGUOUS,medium,ambiguous,
481,BNS,1.4274291908485037,1.2181281938047017,1.1472157589190788,-0.021582489556783633,1.4265340585481847,1.1829621290125847,1.1299011703810313,-0.0331134929324066,BNS,higher,match,
482,BBH,28.80379566108311,5.797036034410757,10.611484038619333,-0.16269733658679686,28.74664217011046,5.843308347662013,10.650195213759945,-0.16956321255334564,BBH,high,match,
483,BNS,1.4156781931122342,1.1039140422165632,1.0866103259835287,-0.000589676190061424,1.4358788014788428,1.1169123126415954,1.100725585827532,0.0004525732797102778,BNS,higher,match,
484,BNS,1.4509247473159945,1.0935095613675094,1.0943651013126523,-0.008088793975150953,1.4270104170318727,1.0918744898090136,1.0847215114560569,-0.028449591414758602,BNS,higher,match,
485,BNS,1.0194061504940175,1.0078430837409509,0.8823942564908324,-0.00017637554832553395,0.9946183052288153,0.9912212806392459,0.8643853674067222,-0.031159320060001505,BNS,very_high,match,
486,BBH,30.000131039597623,20.294089026043174,21.398927739191006,0.5631085113731534,29.777762236174,20.710600715686503,21.548279219546245,0.5526057051721801,BBH,higher,match,
487,BBH,26.79420149084669,25.024468588442712,22.53959753429085,-0.05202557519273322,26.82721749144112,24.641416287500324,22.37877188891254,-0.05441829686667215,BBH,high,match,
488,BNS,1.5523585814504326,1.4617082625513236,1.3112366310412735,-0.010413095362903402,1.569898390881305,1.4667055031406295,1.320842548740557,-0.0006302247649625409,BNS,higher,match,
489,BBH,14.227276933543248,12.4393212189898,11.575974392572569,-0.2510877759088027,14.645207104446223,12.446743460214744,11.745802624360001,-0.2456517429559583,BBH,high,match,
490,BBH,14.111840536004575,11.371644103217914,11.015200051366909,-0.1631335653508989,14.386924814171609,11.210991086952061,11.038911896873763,-0.17826066850512923,BBH,high,match,
491,BNS,1.0711688225478937,1.0694532690635186,0.9317595247543263,-0.006667024895659043,1.0910575875150101,1.0692783070461802,0.9402834707121038,-0.011624503593652784,BNS,higher,match,
492,BBH,32.14420970228823,9.789803537390064,14.935258777575314,-0.021732726126267938,31.467392111254657,9.670543535149324,14.693947467350501,-0.0004080411681359829,BBH,high,match,
493,BBH,8.022324378096512,5.519444969364362,5.7727439286394455,0.1304267727922928,7.988452442282573,5.550919476399211,5.777990789222513,0.13943456362017861,BBH,high,match,
494,BNS,1.5087931387734814,1.365316453685435,1.249157356214655,0.004416089236036117,1.496845972609084,1.4050340019555085,1.26235783357197,0.0007129680316712954,BNS,higher,match,
495,BNS,1.149832832692306,1.0279819940669992,0.9461673072395195,0.01796447956913637,1.1740350433722548,1.0373574403126669,0.9603566014157632,-0.00872593083447459,BNS,higher,match,
496,BBH,48.16267425801718,43.31469347012765,39.750699128611814,0.0574343343157993,47.176049994727535,43.233156968910905,39.307967009093446,0.07685054325787634,BBH,very_high,match,
497,BNS,1.7930794326950212,1.6003106398955729,1.474197044121886,0.02531467772891683,1.7663197033872597,1.5660349626998011,1.4473455055175317,0.02383747783209431,BNS,higher,match,
498,BBH,43.55315079965492,16.145842396566994,22.545235250183417,0.02028290416300754,42.31884674211833,16.906576746818555,22.816659828609602,0.005431584861918955,BBH,high,match,
499,BNS,1.1562739771170794,1.1421770556332207,1.0004363402243759,0.01029485053463538,1.1794735939316816,1.160953011878775,1.0186915732817505,0.0060803317245423935,BNS,higher,match,
500,BBH,41.431064104732336,19.680361477259996,24.523983332622425,-0.013831754827683588,41.69480696915421,19.361894156272356,24.382106189473664,-0.03870939497316524,BBH,high,match,
501,BBH,49.87898341459854,20.721011052451974,27.468578682871108,-0.7271983437676607,50.76454112778174,21.186043594477276,28.02588465921781,-0.7316715873008866,BBH,higher,match,
502,BNS,1.7980395012720187,1.2063649317260154,1.277071111082706,-0.0008183695419247449,1.8476593619526305,1.2355473989184897,1.3100511740279075,0.018746810186208204,AMBIGUOUS,medium,ambiguous,
503,BBH,22.862961282717524,19.723348381894453,18.47625189473396,0.13150414953212441,22.31768792027016,19.451424450596704,18.129645718137464,0.13995562084816643,BBH,high,match,
504,BNS,1.8400570085219017,1.7731568519854675,1.5724191574327253,0.0012986840759853105,1.8230803954150545,1.8046912474394665,1.579054979103873,0.020183072791640725,BNS,higher,match,
505,BBH,5.820398284504264,5.020467065629231,4.703328425269047,0.24056507278938952,5.824022629397648,4.935267231766795,4.664053407493331,0.22019591774570943,BBH,high,match,
506,BBH,44.47289148705124,25.509564068711303,29.09921055058005,0.15295716638263646,45.77653439952556,25.3729803388222,29.415365398230495,0.15902780952253107,BBH,high,match,
507,BBH,36.11993661983384,34.632426224085144,30.788586344479597,-0.1628615237481183,36.92727080305758,35.679112737064145,31.598159952350525,-0.1632233131300211,BBH,high,match,
508,BBH,38.51164824090731,8.958759500951615,15.396407534996953,-0.005213297478953339,38.143783210509355,8.815538238067047,15.1935478109408,0.00452004864136904,BBH,high,match,
509,BBH,28.041887005855454,8.816498737118165,13.260343325920145,-0.01620371769919679,29.076137087656363,8.88592425630271,13.535479066856574,-0.015092330861582771,BBH,high,match,
510,BBH,19.40471446489461,8.242163086533473,10.815332067820234,0.13125190465647263,19.714359064186777,8.16571785837584,10.839454479452518,0.13225897927251473,BBH,high,match,
511,BBH,31.189942645519473,10.26460140468851,15.125145837138986,0.3208497119515592,30.914313515373358,9.941500712905306,14.801855458262365,0.315637287599315,BBH,higher,match,
512,BNS,1.1570113241517919,1.1222023209926395,0.9919465152366616,0.02726969621006915,1.1526565219573668,1.112251306835368,0.9856701291132962,0.031338530068402044,BNS,higher,match,
513,BBH,46.36499447160726,20.53693896060644,26.433083083252633,0.25053558601455594,48.304598986932334,20.675049154825434,27.034405529431638,0.22743348966493357,BBH,high,match,
514,BBH,39.885496348694666,23.653858093235947,26.559606304035857,-0.7846349067758732,39.84352715978551,23.943875308091908,26.716794400064238,-0.7985797644802479,BBH,higher,match,
515,BNS,1.2284364717174272,1.1352817117998637,1.0279089964026937,-0.021320028902924972,1.231297952694473,1.1140922337862245,1.0193599390694883,-0.01593580105600657,BNS,higher,match,
516,BBH,42.41129566473627,18.917142531031782,24.270004946321805,0.11715208009711893,43.707860557467214,19.30363634932124,24.87913326856619,0.1199514371798688,BBH,high,match,
517,BBH,6.839149539725345,5.5787580389254705,5.37172894966727,0.6291543983374572,6.560302297571266,5.70392128593036,5.322680691252519,0.6246405163067438,BBH,higher,match,
518,BNS,1.0202587600177462,1.017062783577442,0.8867943993241191,0.03137856403085326,1.0308511476380846,1.0130020215914963,0.8895980534151905,0.020795599302103115,BNS,higher,match,
519,BBH,31.28285042132228,6.181188186156778,11.405230109282922,0.4126626376309786,31.05598033884925,6.125821254687796,11.31148573799886,0.44662988052165026,BBH,higher,match,
520,BBH,12.448917569526357,9.905316937023022,9.654460719266206,0.25075245585647704,12.560536980977952,9.869823018080714,9.678839633838274,0.2594291484446474,BBH,high,match,
521,BNS,1.495653974576189,1.3244402054243793,1.224800538878249,-0.010386161555191703,1.5218475281077093,1.2660935115421375,1.2073840624204322,-0.027651482638931153,BNS,higher,match,
522,BBH,15.86700772798073,14.393988980876005,13.153128828032445,0.02552469064940186,15.647403597033815,14.60191710318904,13.157342276654228,0.02444995871761869,BBH,high,match,
523,BBH,43.26940330188648,43.12119576257404,37.60362593623452,-0.4973461407512007,44.3779171334252,42.19372804553204,37.66810344166899,-0.5212249718641828,BBH,higher,match,
524,BNS,1.0188515790379533,1.0085778786836226,0.882476331781545,0.003963421833287191,1.0178636210669043,0.9991862681536104,0.8779267900199808,0.012404557329295567,BNS,higher,match,
525,BBH,39.033820151192906,15.938492944440133,21.296301394866763,0.10839578149224337,38.99051133436782,15.397342120388558,20.8901919480305,0.1289110150429005,BBH,high,match,
526,BBH,18.434401193846277,15.25296145085872,14.584667152431951,-0.5238420878068134,18.54921409077467,15.364934516716026,14.683769304081705,-0.4985776508269826,BBH,higher,match,
527,BNS,1.557886678499744,1.4040169030859255,1.287154669731522,-0.003051058038933389,1.580554979488931,1.4088088673011556,1.2986175109255726,-0.019411075883419913,BNS,higher,match,
528,BBH,27.6421482925259,7.039039519952683,11.626053708770803,0.33072385246736197,27.742023737869076,7.307642016886741,11.890838093707085,0.34414710734704446,BBH,higher,match,
529,BNS,1.9896584966717437,1.4883682710608346,1.4949503954733245,-0.017899046499446066,1.9037749010832368,1.4872620923963684,1.4626329665246964,-0.028552102468207625,BNS,higher,match,
530,BNS,1.6832766145179412,1.0011143200473287,1.1225723615313443,0.0017110696353724742,1.657399845347759,0.996171100733612,1.1114517112060796,-0.012136591367179381,AMBIGUOUS,medium,ambiguous,
531,BNS,1.7037366196437684,1.6968017273907061,1.4801665931816061,-0.024160026483833814,1.70400002528036,1.6841178020006193,1.4747334703211379,-0.0208573911280432,BNS,higher,match,
532,BNS,1.5537620942652262,1.3188989967265476,1.2453767615041047,0.006647412467114652,1.5439753619751526,1.3829095901741368,1.2716844538313548,0.0016087415023518612,BNS,higher,match,
533,BNS,1.821374136327675,1.0649453772707445,1.2038351439458037,-0.01634841687201388,1.8400466815966088,1.0704340146130629,1.2129427434429476,-0.017255201387655645,AMBIGUOUS,medium,ambiguous,
534,BBH,39.60778612280092,22.503174325980584,25.78582094656545,0.5044549870343352,39.65459724471568,22.214676467916657,25.625073395126854,0.5200215567868491,BBH,higher,match,
535,BBH,14.122478955320746,6.927942816454234,8.504660429532814,0.47870834534753026,13.91480415650413,6.7935659347613875,8.358257606751131,0.47496198234105,BBH,higher,match,
536,BNS,1.986590075922091,1.642959528032447,1.571341313030588,0.0028773904766984564,2.0297232932476104,1.5999906522285634,1.5665998789458213,0.006058292582812959,BNS,higher,match,
537,BBH,43.88624045692395,16.807617715224875,23.12446931400872,0.18804515790467982,44.417724952107996,16.71941868886864,23.18491251801524,0.1936921860312575,BBH,high,match,
538,BBH,28.048388913497494,9.963635751374529,14.184409387237364,0.5759522675123521,27.886322023386455,9.6171372732262,13.875478417739606,0.5646060676448398,BBH,higher,match,
539,BNS,1.2650213058056197,1.0723332526616258,1.0132384196099624,-0.010842148416697703,1.2590458435189014,1.076380473485779,1.0128174578154625,-0.005264967182902109,BNS,higher,match,
540,BNS,1.175849749281006,1.0388501091793292,0.96178911313282,-0.0393025736036042,1.1844648939424756,1.0198483969750818,0.9562688799893462,-0.04618226006739292,BNS,higher,match,
541,BBH,46.32782951256349,13.888616331761792,21.338187993176085,-0.24727512075688202,45.43204060411487,14.045477143228503,21.284756082479802,-0.25832165789794653,BBH,high,match,
542,BBH,44.6938249592976,9.261761244063386,16.740074250031725,0.0039017533613837432,44.07843379055639,9.328140777960769,16.706820366719196,0.0369580953920609,BBH,high,match,
543,BBH,31.06643881525455,15.648574787107782,18.974417898084717,0.2452362927822816,31.46666671333615,15.41883071579827,18.937977783090396,0.2526213220850046,BBH,high,match,
544,BNS,1.1422829785565924,1.0158453400349496,0.9374439834699853,-0.039342525662624805,1.1524705057958498,1.0137611109267683,0.9405855230699994,-0.018940108397039145,BNS,higher,match,
545,BBH,25.388695436442227,22.464450405311393,20.78258721074301,0.17273644536949131,24.150571317047564,22.25008522849694,20.176722809601248,0.17312875995761293,BBH,high,match,
546,BNS,1.400212021176598,1.1914988259983432,1.1237123219395755,0.01402188818887936,1.4143789481505202,1.2272819633654828,1.1463854548818142,-0.00839091727238924,BNS,higher,match,
547,BBH,18.362243201797522,6.155131360264087,8.995038867040629,-0.2200224348257566,18.64029103416049,6.262070941845364,9.142275299066915,-0.2239178232218664,BBH,high,match,
548,BNS,1.3447661939659543,1.2035393445955485,1.1071690716672002,-0.016246459007118956,1.3597575549008942,1.200755008255044,1.1119471603737787,-0.0240346006229411,BNS,higher,match,
549,BNS,1.0701600994852098,1.0236163829623781,0.911098907885863,0.003783828163224875,1.1127735938343173,1.0149630784004926,0.924976411133648,-0.007790557257453849,BNS,higher,match,
550,BNS,1.2366759014870183,1.2152097086024929,1.0671961164254882,0.021415282712989286,1.2141909258244168,1.2093210028019152,1.054892281582226,0.030513799381737785,BNS,higher,match,
551,BNS,1.225637985630359,1.175803245129161,1.045017895316475,-0.03190199056519153,1.2085218850534798,1.15150321350721,1.0269007709342395,-0.065162897472883,BNS,higher,match,
552,BBH,13.850277182973333,9.688882258239724,10.05266235348623,-0.13943263751493148,13.561107834320659,9.597446406855978,9.902121031683079,-0.13339517644194052,BBH,high,match,
553,BNS,1.0652156698995363,1.060788402957893,0.9253946137838237,0.000270690908991948,1.059541283856053,1.0474184664194137,0.9170892820509958,-0.005734215728624941,BNS,higher,match,
554,BBH,30.63402909408927,10.494537166904749,15.186990882139154,0.3083904714574683,30.72316985880662,10.476943595558229,15.192900523010026,0.2959006008250725,BBH,high,match,
555,BBH,8.374932018456793,6.453279147347124,6.389094221578447,-0.5340184135278788,8.469898833066258,6.363622532953736,6.378238109441661,-0.4995547812389036,BBH,higher,match,
556,BNS,1.9669471386349304,1.839326839137161,1.6556592077932648,0.002702696511605879,1.9629215021101907,1.822915423035764,1.6465286444342726,0.009876104972116627,BNS,higher,match,
557,BBH,17.340342007566683,16.789743310715853,14.853662591134173,-0.400436993189782,17.014495221940805,16.421915733393547,14.551300257098188,-0.38284770662677703,BBH,higher,match,
558,BBH,14.392709754663224,5.432674236537437,7.524010920885324,0.09460364239321535,13.960807447480528,5.411486331367533,7.40457356983169,0.0952380559961864,BBH,high,match,
559,BNS,1.5790161097901778,1.2996438734047682,1.245915190001993,0.010274500285795444,1.5904166409558993,1.3182598615102916,1.259412732162065,0.018999095944291486,BNS,higher,match,
560,BBH,29.32573333498979,18.43716508310953,20.134816712373166,0.0715885608206773,29.751146536135572,18.649320557842785,20.39530113539632,0.07458629599593672,BBH,high,match,
561,BBH,13.051615354540239,8.333267115243594,9.033714642638445,0.5350693678154413,13.341210910187387,8.186124032052351,9.044115265519656,0.5384424072851117,BBH,higher,match,
562,BNS,1.8265478614895467,1.0609131324546377,1.2030489653637146,-0.04480154059938346,1.793433500411415,1.0598342555779952,1.192025188552911,-0.04740366205226092,AMBIGUOUS,medium,ambiguous,
563,BNS,1.4290751159868194,1.1694164018318631,1.124269119598537,-0.027214726407077464,1.419739730420771,1.1657663374800944,1.1188787755073215,-0.01021672232241809,BNS,higher,match,
564,BNS,1.805586105695467,1.100960892156552,1.219996509073086,-0.008642697345562696,1.8349542409963935,1.0999093728090372,1.2287731134190654,-0.013212762746010274,AMBIGUOUS,medium,ambiguous,
565,BBH,27.74289445517238,25.15516956565609,22.99214320174102,0.017590124241660697,28.160820111510017,24.536221513201866,22.87254771820264,-0.01792641196467375,BBH,high,match,
566,BNS,1.6353342430475841,1.275366412287866,1.2552938320872764,-0.005770118728380408,1.6154207482675698,1.2796568930226955,1.2499581573615706,-0.004786892275383817,BNS,higher,match,
567,BNS,1.6804310610924562,1.263667400570539,1.266023080808882,-0.022827102689121612,1.7344186445494978,1.2941387975569876,1.3014686505449513,-0.02702511531578495,BNS,higher,match,
568,BNS,1.1090543064824314,1.075796929361278,0.9508795193704309,0.019216350962027857,1.149836740569697,1.068470621131997,0.9647947152816184,0.023062357608287263,BNS,higher,match,
569,BBH,36.13970148739314,19.97533505619708,23.1884291975684,-0.28398894919221007,36.1625169632553,19.836153173380964,23.109689984173066,-0.2749586206262891,BBH,high,match,
570,BBH,44.527229473410294,33.07093162152169,33.33289052334115,0.32498685984465914,46.29157641289539,33.45407146831603,34.16875638266462,0.27557468747328034,BBH,high,match,
571,BNS,1.4656085100069332,1.1803734448148013,1.143681430022051,0.016584312930002915,1.475873998350378,1.2003494585241028,1.157469923554611,0.0076772474293368064,BNS,higher,match,
572,BBH,12.242634061167921,6.997243800758947,7.9954085914248445,0.371745371525195,12.12952799152447,6.811341698431254,7.84812583866474,0.3953596491100707,BBH,higher,match,
573,BNS,1.2866920254570755,1.2172312840740682,1.0893926087247774,0.020648677218832966,1.2862433843335368,1.216263287433689,1.0887681361783716,-0.00047163089281442646,BNS,higher,match,
574,BBH,33.425077351097116,10.339955648952271,15.664956964024613,0.2690476847005926,32.97563315437452,10.643893219776862,15.821221184304527,0.25390037797061615,BBH,high,match,
575,BBH,31.783143793509595,25.973566941599636,24.98714162660892,0.2745211997170966,30.58183461729958,25.290117433088767,24.18855137902565,0.24352583749396894,BBH,high,match,
576,BBH,15.650780161894533,14.145538637201614,12.949731559144048,-0.3216545894707668,16.026530477511493,14.259718050035113,13.155918518683112,-0.32985097621748016,BBH,higher,match,
577,BNS,1.2436967542327269,1.0574290788812937,0.9976802532398835,-0.03247750814967128,1.2661421827890582,1.070765635873132,1.0129262485638375,-0.040292747954438,BNS,higher,match,
578,BBH,19.26687033092539,17.45220334909269,15.959472037986794,0.0020421967436853087,19.733802512297167,16.940542619912076,15.907809562733622,-0.006131786715322597,BBH,high,match,
579,BNS,1.9106640422500436,1.2039289983373143,1.313381400209528,-0.02472868325815694,1.930090731319623,1.1829716362199456,1.3076564788490752,-0.030393538513953273,AMBIGUOUS,medium,ambiguous,
580,BNS,1.10309947008531,1.0007091192928808,0.9144338102321043,0.028303624729745076,1.0732761626912317,0.9767119066145465,0.8911206604616088,0.01315634719197651,BNS,higher,match,
581,BBH,26.201711081242525,12.488186323154894,15.537383966106164,-0.020701259609972964,25.918043834337446,12.556122333212127,15.503894760735454,-0.033255194213918385,BBH,high,match,
582,BBH,39.83108386965967,27.667367033566293,28.804159848293423,0.126888555795331,40.7705699338514,27.97689297276196,29.29789534302444,0.10192425329511573,BBH,high,match,
583,BNS,1.196966455959477,1.0573690933959037,0.978997185217649,-0.00027585178139583717,1.2270141063936923,1.0638861896793526,0.9941355367092226,-0.024380508577084705,BNS,higher,match,
584,BBH,33.328245713154686,22.988660270303182,24.014188352416483,0.06086909705867291,33.851539776819294,22.546322984362295,23.951899565125526,0.056303408992390246,BBH,high,match,
585,BBH,43.32388218335368,6.779149622532328,13.828298635514503,0.05919774048776652,44.36089710535267,6.793021163748758,13.984991015100931,0.02871022816168875,BBH,high,match,
586,BBH,15.833432908588728,6.633076811713203,8.759250487686176,-0.2554250807077179,15.41699633012219,6.445338613515326,8.519380112484152,-0.23259692921167435,BBH,high,match,
587,BBH,12.160298619071275,12.018844236715406,10.524367089006114,-0.2831484837150335,12.435039686027975,11.938662222311438,10.606629659155216,-0.2837339334390808,BBH,high,match,
588,BNS,1.5496338106932468,1.3312316782164852,1.2496403506546339,-0.03922359967083838,1.5611199478122708,1.3173437278746223,1.2475244844465534,-0.04907001818985954,BNS,higher,match,
589,BBH,28.08295027300853,19.393954125905015,20.24738673262277,-0.28111772376073335,28.068743520967477,19.72140210921166,20.41873277443737,-0.2752357158620521,BBH,high,match,
590,BBH,49.29413053018274,14.891879870383235,22.80125568020568,-0.14488225164282925,47.199120000684154,15.07323035892485,22.512570777368936,-0.16723679353932958,BBH,high,match,
591,BBH,23.751546060560322,5.9671962026831915,9.914509567755488,0.5260335418476971,23.81132207779346,5.918328976881564,9.879878519515847,0.5083684966792307,BBH,higher,match,
592,BBH,39.14889081166788,16.735857625065023,21.89584956613838,0.08506134669734801,38.79939679734105,16.52826656437103,21.659224534301437,0.08975220426952175,BBH,high,match,
593,BNS,1.861825099441743,1.4854282723773962,1.4458945552175686,-0.03260424409957061,1.7980933600937636,1.5418905969416599,1.4486737881186946,-0.044708112628040725,BNS,higher,match,
594,BBH,27.949501828033906,24.201417164409595,22.62958180843455,-0.19819862021485668,27.912704191046323,23.928485838895742,22.485123959510144,-0.2032902335984239,BBH,high,match,
595,BNS,1.6014675351744794,1.4611461140072577,1.3314002346127318,-0.02304018864624742,1.572873902160494,1.4536080000344733,1.3161249140236124,-0.03270014261852195,BNS,higher,match,
596,BBH,6.883768643307714,5.827881971186797,5.510129660658348,0.057703300335578904,6.77152378023071,5.863087175234109,5.482457591489022,0.060555851614706675,BBH,high,match,
597,BBH,26.498851490882917,23.800866003279815,21.856407394255573,-0.33657745485611906,26.276663572880413,23.35629417191029,21.55909186227012,-0.35133727869289183,BBH,higher,match,
598,BNS,1.3189695925826421,1.2964584427835395,1.138380571956489,0.008089335562852988,1.3077240159454442,1.2284159793042637,1.1032712202201616,0.004625020119253459,BNS,higher,match,
599,BBH,34.629504178247416,7.6063222544376075,13.40406105585168,-0.11564440537615542,35.49665713465643,7.5983019389259105,13.541198590445397,-0.10257939181185963,BBH,high,match,
600,BNS,1.301769298519496,1.299113737979852,1.1320993881257957,0.003300466415317945,1.3088849838101844,1.2803083504784638,1.1269294850897025,-0.03561011092674148,BNS,higher,match,
601,BNS,1.7462818127353477,1.0926508966860977,1.1959869330105952,-0.002015428188628167,1.7461770482786019,1.1149302027562333,1.2086338296058718,0.004441438830998528,AMBIGUOUS,medium,ambiguous,
602,BBH,13.64514009121451,5.037025497905867,7.047025539500021,0.017134672120539443,13.538761074981236,5.044366281344458,7.027608544843589,0.012014789185953972,BBH,high,match,
603,BNS,1.0542910877479126,1.0470253348641734,0.9146445364417359,-0.02243133948445512,1.0618419966942514,1.0026502246118125,0.8981791347416798,-0.020482807478306768,BNS,higher,match,
604,BBH,35.371719536475176,31.73789156905992,29.159736991103628,0.3568275025031229,36.24812454984446,31.76267574289897,29.526093888380977,0.36692519860188383,BBH,higher,match,
605,BNS,1.172157884969703,1.0293064885078036,0.9558201063470838,-0.01759710730717698,1.1744954110461345,1.0247606843327763,0.9546168738660308,0.0021944030801753227,BNS,higher,match,
606,BBH,25.30348004900896,9.976388692395798,13.54524228327926,0.7169150998838848,25.546293417666828,9.708979896838242,13.404668601919814,0.7203141903516493,BBH,higher,match,
607,BNS,1.2928468392547088,1.035924537836278,1.0062357615525268,-0.01936756307015118,1.2664187939466383,1.0177387569059644,0.987149625115636,0.007765170837389354,BNS,higher,match,
608,BBH,5.200206116398835,5.038634663550573,4.456048394516766,0.021788013459793695,5.17315708417472,5.09998404846342,4.471508280980886,0.02147047924391044,BBH,high,match,
609,BNS,1.626922015704689,1.1154415370140698,1.1685925780208208,-0.025811657678088247,1.65306060762355,1.1109830265698981,1.1751376519315797,-0.029178946774494167,AMBIGUOUS,medium,ambiguous,
610,BBH,25.734256983130596,18.540788183609834,18.964967071195712,-0.19129833322684905,26.496884274550574,18.71872006251846,19.32969080170741,-0.17067029637241898,BBH,high,match,
611,BNS,1.258121499649558,1.2075384046454185,1.0729697717534272,0.031249862043476014,1.2237215922501004,1.1945084018432401,1.0525035720404632,0.032115160470293475,BNS,higher,match,
612,BBH,31.32809402417843,9.077284785097444,14.159441520363552,0.431155770438202,31.024398207564666,9.273170528426592,14.266032151788187,0.4012586746835282,BBH,higher,match,
613,BBH,27.06792877668351,26.104441683837962,23.140058688578282,0.5611029846544189,27.948844309598528,26.06093464980208,23.491882772940485,0.5753287059180295,BBH,higher,match,
614,BBH,13.000374841134859,10.851425450723454,10.331452100841597,0.25540974695615715,12.449875707385804,10.839870679576075,10.108355756264112,0.2436445687261966,BBH,high,match,
615,BBH,40.323286097968,24.59825635192117,27.25199987884104,-0.12592208587914605,39.43660777367876,25.0982519253712,27.25002726545466,-0.08816582835413377,BBH,high,match,
616,BBH,31.25720981613093,31.03134658089258,27.112455034860773,-0.3970995915930352,32.57978352596152,31.896202318291486,28.062910086863447,-0.42139756961627156,BBH,higher,match,
617,BBH,20.095066667716747,5.18501724128558,8.51428320040811,0.3318283979735485,20.249920692918575,5.07330833924668,8.439659675531264,0.33516914260038067,BBH,higher,match,
618,BBH,20.613201141538845,14.964450179325087,15.25064699331099,-0.21361230298452533,20.824032548973314,15.06249743176595,15.377679266790851,-0.1952092024521141,BBH,high,match,
619,BNS,1.0864841962453844,1.054846825655766,0.9319463817899868,-0.004143359005135395,1.0817116807341556,1.0601705496389258,0.9322518107545925,-0.018432066112532838,BNS,higher,match,
620,BBH,20.47129016872328,16.848543469880386,16.15238309102701,0.02996418301559304,20.310016577983294,16.39837825269144,15.869148631208523,0.044542767500529275,BBH,high,match,
621,BNS,1.6658537063562053,1.5522780809423602,1.3997261158011836,-0.01926968114357785,1.6397753026017043,1.5894240481737496,1.405385605804227,-0.004306618611153641,BNS,higher,match,
622,BNS,1.7234095031624597,1.5416438370160788,1.418552666878802,-0.005214933862605511,1.7367542689502682,1.5431523301049839,1.4246756746022384,-0.004598196525294758,BNS,higher,match,
623,BNS,1.9043577000916412,1.8395217038663798,1.6293249026870784,0.0007703086334413559,1.9822391980628993,1.816487931844217,1.6516024802415146,-0.009925902200515334,BNS,higher,match,
624,BBH,45.508365279718085,40.82957407265131,37.514513182748075,0.32646304934229775,46.22613333730146,41.50099952753885,38.11894631759079,0.338772256254111,BBH,higher,match,
625,BNS,1.9970263616391728,1.0301293427678413,1.2352600089068266,0.011532953735129216,1.9620414787246814,1.0281296736969143,1.2238112396011556,0.04202575483986914,AMBIGUOUS,medium,ambiguous,
626,BBH,14.860250333808555,11.869695855763826,11.547283089918617,0.031094773308067685,14.418166447849215,11.926470672707755,11.405510889381096,0.036773747288881616,BBH,high,match,
627,BBH,25.498890778546183,24.06769776151648,21.564316472262995,-0.036331552550988466,24.730294652398037,23.103368107293356,20.806356032110067,-0.03523227250418215,BBH,high,match,
628,BNS,1.3256948097375845,1.2240249603641973,1.1087708706102073,-0.015145337128633854,1.2767533688676438,1.2270436361419015,1.089583176030627,-0.023619418308645376,BNS,higher,match,
629,BNS,1.7293504449521397,1.258668202201467,1.28114976642256,-0.031000791102140164,1.7607644903971258,1.2661807203518116,1.296335064849277,-0.03451104715394786,BNS,higher,match,
630,BBH,37.7288851832344,20.334956472869216,23.88741631873294,-0.22958116319959485,37.98464063519732,21.322207240083458,24.572149041150933,-0.2039299207355687,BBH,high,match,
631,BNS,1.7854440223341705,1.0047835737651716,1.1565471245879582,0.032930734816182604,1.7580771405803897,0.9885157768931521,1.138292986894082,0.054165344327233134,AMBIGUOUS,medium,ambiguous,
632,BNS,1.4429140631136037,1.2914517642522594,1.1880093812191044,0.0070862199889565785,1.463492017008763,1.2660758927101559,1.184380579666143,0.0003077912425711026,BNS,higher,match,
633,BNS,1.155545799937268,1.0200909482060017,0.9447966771367099,0.03150764850297727,1.186280388870445,0.9806840982411109,0.9381224556139547,0.04055869521020119,BNS,higher,match,
634,BNS,1.5373986255693408,1.2394648435151514,1.2003323623946407,-0.024034751162034993,1.5995891489857994,1.2192792276242252,1.213534185770749,-0.014010074524965567,BNS,higher,match,
635,BNS,1.1782460031510935,1.1151375727610924,0.9977995756042879,-0.03705054875473852,1.2042255384343352,1.0914932238786734,0.9978231820962633,-0.020078483256135114,BNS,higher,match,
636,BNS,1.8097691790479546,1.6446967266902996,1.5015826007867255,-0.0179120173057776,1.7367180602024335,1.6420521071845366,1.4700023289713788,-0.03594121286804139,BNS,higher,match,
637,BNS,1.2077307353695816,1.1418582090601694,1.022235597322725,-0.03321957879691787,1.214884597574337,1.1644997978984324,1.0354085438793699,-0.04168372472086589,BNS,higher,match,
638,BNS,1.3661563678024198,1.3236226320984046,1.1706186458651713,0.03968072267677281,1.3524503068712397,1.3272658929421244,1.1663524080484242,0.05587871620413799,BNS,higher,match,
639,BNS,1.6632380285105512,1.1572821650582072,1.2038444008859497,0.004375894913584114,1.6634150970515156,1.1985252995017674,1.2259043606584519,0.01612373149681116,BNS,higher,match,
640,BBH,12.704222400954158,8.904707666540883,9.230261389665097,-0.2811958063825723,12.623773470299762,8.860044763446336,9.178099706900376,-0.2591635135793623,BBH,high,match,
641,BNS,1.1011432133276031,1.0543328349469472,0.9379599239432116,-0.010087042768438578,1.1263812023383548,1.027935457110902,0.9365454030150506,-0.021560228219007486,BNS,higher,match,
642,BNS,1.570193038698938,1.2529773028525557,1.2195239517631349,-0.01706147381441684,1.5441732394208074,1.2601771761304879,1.2131377660795495,-0.006194056039393679,BNS,higher,match,
643,BNS,1.1981790308228533,1.1891753307479123,1.039147473800575,0.007773054012073128,1.2266558292592993,1.1817526096390938,1.0481020010959228,0.002584467070844467,BNS,higher,match,
644,BNS,1.2978748426431057,1.180714267267422,1.0774215748635838,-0.030607340066428613,1.2697048509886686,1.192651195096301,1.0711728731376315,-0.010417286382396645,BNS,higher,match,
645,BBH,29.778865736873126,12.18705660291429,16.26690136836288,0.5919386425110968,30.14356448007849,12.420685221001259,16.527040855971496,0.5804202664036991,BBH,higher,match,
646,BNS,1.1760974292683921,1.1165920419888213,0.9975476504819429,0.009835747135511297,1.1613578339435695,1.1013040280084105,0.9844644490752323,0.020664859386921756,BNS,higher,match,
647,BNS,1.363846781025483,1.0368210926420194,1.0332733490787116,0.00020823732896783212,1.3916368297158848,1.0173590369813321,1.033315361239689,-0.013289215709085821,BNS,higher,match,
648,BBH,11.661494904615282,5.124906938002271,6.620222762688344,0.17855614446324025,11.831236394285119,5.119478773545591,6.660639397314671,0.18860147659693569,BBH,high,match,
649,BBH,43.28107843766704,33.792664198994906,33.242296138200324,0.09713817513814191,43.10823995287437,33.20443730890902,32.88020464633655,0.10971127849660854,BBH,high,match,
650,BNS,1.2946211057876735,1.1442255161736574,1.0591456551843486,0.002598715051741233,1.3179043762786082,1.1569977506953253,1.0745292526328734,-0.00902624507683212,BNS,higher,match,
651,BBH,33.512170367383746,31.096084734689413,28.098773098657666,-0.014257529848413013,34.50199161635849,31.32729509573436,28.61385737825341,-0.008786773030136703,BBH,high,match,
652,BNS,1.5480596098426327,1.3050255988017867,1.2364628654412289,-0.019526290404816595,1.5207633657194182,1.321610106872699,1.2335670709174809,-0.01879561793113391,BNS,higher,match,
653,BBH,17.910222072454125,13.413660541951725,13.465232350377894,-0.07085717526632894,18.19946758609458,13.627171675595283,13.681083385009375,-0.05501878408461715,BBH,high,match,
654,BBH,19.029715645006267,14.002106419977201,14.17714880062855,-0.22646470550053682,18.822455121475205,14.221592173393212,14.215300587056898,-0.23388961515045575,BBH,high,match,
655,BNS,1.3036584171098689,1.1279232625673141,1.0550869405389758,-0.02084546134776841,1.2456361481101343,1.1033196474344704,1.0201888299262758,-0.027882491432249645,BNS,higher,match,
656,BNS,1.048108528016668,1.027070815592408,0.9032185719283531,0.00921544775727182,1.0565429790778122,1.0273247307489597,0.9069491075737468,-0.01260271047849153,BNS,higher,match,
657,BBH,24.557192785337453,8.573640495058548,12.301552413546247,0.4318570532717263,24.956048850440215,8.404308046520526,12.25633254787571,0.4500433114258148,BBH,higher,match,
658,BBH,40.97596020921287,9.794197629484936,16.633249374998414,0.29345941598895586,41.15376459023981,9.749599235563764,16.62219999352342,0.29082442886825116,BBH,high,match,
659,BBH,36.32184326408419,13.054162583943858,18.48617020162956,0.5277323232410775,35.483109709641,12.82068026466968,18.11187468276234,0.4978737698415307,BBH,higher,match,
660,BBH,28.21506801999501,25.981562763869537,23.566406527795785,-0.21924001733747797,28.178297230232356,26.849492675588724,23.94385555248871,-0.18640839983679547,BBH,high,match,
661,BBH,12.798894195316224,9.55493132875229,9.60659849888436,-0.40433110736677164,12.942377037090228,9.433995813693043,9.59550636920658,-0.40116266018216923,BBH,higher,match,
662,BNS,1.1055654625141234,1.0564161838697237,0.9407653316399837,0.030374787017011018,1.114672144062513,1.1090099516681529,0.9679100851041212,0.02154705811739157,BNS,higher,match,
663,BBH,7.41719143153516,6.990978919178032,6.268227080536407,-0.6708000516109472,7.398747424865979,7.018374057820408,6.27279531001517,-0.6653583187826194,BBH,higher,match,
664,BNS,1.0576234715470565,1.0355010856565017,0.9110243159571717,0.016255097919080728,1.0475868103213508,1.0179851127133537,0.898981604071348,0.0305275935346406,BNS,higher,match,
665,BBH,42.18105295397579,42.060462646406954,36.66820434628546,-0.6410674112055496,42.31428885298369,41.58575712925236,36.517963968318874,-0.6350373084813866,BBH,higher,match,
666,BBH,44.6703439938972,30.806090435246716,32.183350468091604,0.09729260461777986,45.08233535256896,31.003429126910397,32.433140270076095,0.08859465782296515,BBH,high,match,
667,BBH,45.30524381191592,11.283639473973386,18.819686268129956,0.6153451288415102,45.87866243561414,11.36904916388939,19.00418761316165,0.6093624315019701,BBH,higher,match,
668,BNS,1.7877527188659603,1.7065691229339128,1.5204992768907029,-0.011903560153814854,1.763004712395099,1.683254808136068,1.49958955335179,0.010469335284800037,BNS,higher,match,
669,BBH,6.655973018005309,5.633323846909799,5.3269712847406305,0.4104986215832903,6.718896336165459,5.91893254867675,5.487699282490359,0.41861473254116754,BBH,higher,match,
670,BNS,1.0531611717347276,1.0042539264225343,0.8952382754497418,0.03297454029260019,1.0737007117579174,0.968568993001412,0.8875353559308702,0.05848626626656108,BNS,higher,match,
671,BNS,1.61630709605209,1.2166685448741557,1.2183417527803855,0.026991283562015803,1.6160275193401963,1.1594858236951993,1.1883923658360722,0.041737438251726953,BNS,higher,match,
672,BNS,1.7078253041698377,1.3885828372066746,1.3391755208890654,-0.006142312792102396,1.7675907845638523,1.4199531689550247,1.3775336407842753,-0.04149622403871305,BNS,higher,match,
673,BNS,1.243568555805557,1.179647924700207,1.0543258174953718,0.0347797551567172,1.2079961956079996,1.197982684184404,1.047252250310071,0.03528532045975811,BNS,higher,match,
674,BNS,1.1141844040645201,1.0881414690759084,0.9585375833033758,0.0073047358507926236,1.12262717899318,1.09345686046168,0.9645063216359909,0.007457877148046597,BNS,higher,match,
675,BNS,1.605244360817585,1.4601523287253964,1.3324970438004053,0.0037872751037444784,1.5844802387478385,1.4754220079912543,1.3308844173456473,0.0017284722589965547,BNS,higher,match,
676,BNS,1.51376045095169,1.0383743710312208,1.08759185457794,0.01942797396303983,1.525352679990073,1.0431830168124738,1.0942116776201336,0.025200057615104507,AMBIGUOUS,medium,ambiguous,
677,BBH,20.783027828447533,11.471838662419609,13.325578133486017,0.39861730609938667,20.06230467727372,11.823479860640772,13.315462660806421,0.42395060510217214,BBH,higher,match,
678,BNS,1.248171878216894,1.130386261916456,1.0338035144547,0.02343777947181692,1.2646205514530637,1.1801481968986436,1.0633849571818486,0.022087345260231213,BNS,higher,match,
679,BBH,9.337706936151998,8.791119378930368,7.8867252689162175,-0.010273821129189183,9.449541696304307,8.79468998113078,7.935122810361388,-0.018212632136726505,BBH,high,match,
680,BBH,25.80239121261269,23.49743811526538,21.430840247438848,0.15565406319939745,24.186178545134606,23.67735598230045,20.832400762073316,0.14584619215917502,BBH,high,match,
681,BBH,6.066383095343062,5.26794320294925,4.918848060894656,-0.15251555299193453,6.123704472280316,5.283989397196596,4.949326733632543,-0.14576933409054665,BBH,high,match,
682,BNS,1.0306669784640299,1.0198112276265245,0.8925074686148837,0.02038926005484649,1.0543182642331834,0.9925729498263695,0.8904746220039927,-0.0014473771933447928,BNS,higher,match,
683,BBH,13.781489924224177,10.594761110963157,10.501202218799822,-0.45514309780753726,13.90614463692836,10.734882147107998,10.618682943359964,-0.4656446672824743,BBH,higher,match,
684,BNS,1.712496610363221,1.2002205303141693,1.2441558925418295,-0.02247278569403696,1.7422417284985225,1.1565623220307508,1.2306164010931364,-0.04627397388084745,AMBIGUOUS,medium,ambiguous,
685,BNS,1.2605693164254759,1.0411830563176852,0.9964249059923992,-7.271636690168881e-06,1.2895244750944619,1.0230168044508978,0.9985493090570572,-0.004092477399377378,BNS,higher,match,
686,BBH,39.97187372331543,9.07786195724988,15.765781901153042,0.4529735913646144,39.495646201287634,9.42778988882105,16.020352990459966,0.4440705365935888,BBH,higher,match,
687,BNS,1.797824523826629,1.3708855830326718,1.3641829078467103,0.027497876864889508,1.8411083053477084,1.3869287679586109,1.388328993336645,0.03649286364093149,BNS,higher,match,
688,BBH,28.805477003310543,11.488625320942122,15.516636468867398,-0.22662870158805512,28.46027347177201,11.424675597666797,15.384661999602326,-0.25465330276855114,BBH,high,match,
689,BNS,1.4657513817150738,1.0043475903749473,1.052503967285779,0.006611706049168202,1.4390137749842076,0.9897246814486386,1.0353125088620367,0.032044162263147206,AMBIGUOUS,medium,ambiguous,
690,BBH,7.067164869802528,7.051575779576451,6.145534317350966,-0.3542839796519101,7.388389985432172,7.080537402679707,6.296255625855118,-0.35918371052579934,BBH,higher,match,
691,BBH,34.50229620994469,29.664692697225618,27.83494579087019,0.23558736852108184,34.28775632807477,29.440881090295683,27.643115968937227,0.22390735880403395,BBH,high,match,
692,BNS,1.6674289755844627,1.2458615342903288,1.2520841388614283,0.0021608487940057578,1.6968890963495977,1.2650736215704443,1.2727574212060673,-0.00022782910571237787,BNS,higher,match,
693,BNS,1.6410643631152027,1.3500546353579739,1.2945518123787427,-0.01571659012433561,1.5974350678727725,1.3540031956903218,1.279437281338133,-0.03483331290278702,BNS,higher,match,
694,BNS,1.694383013753551,1.167105685633622,1.2199854670311627,0.007444289349085871,1.6567873307720067,1.1719758287400703,1.209461182552413,0.0027785060075282172,BNS,higher,match,
695,BNS,1.5354455210588809,1.5329873236254266,1.3356124563695502,0.009530663866138541,1.5343812622678148,1.4892452650344408,1.3159339126313423,0.0013943357195674816,BNS,higher,match,
696,BBH,29.26537509450548,25.076993299586093,23.569481180768296,-0.01747075774532726,30.111790678569317,25.362724514139416,24.04035016871359,-0.010898782259042459,BBH,high,match,
697,BBH,26.746811693978767,7.353666929448435,11.741227157007746,0.39559825910126917,26.599782274702356,7.468328395802203,11.813845395644597,0.4018235461313033,BBH,higher,match,
698,BBH,43.75568039083044,36.734851894815186,34.87535852256151,-0.317043134507777,43.346735242742504,37.08944276664895,34.884599047762734,-0.3413392478813216,BBH,higher,match,
699,BBH,34.49180525209826,30.190346017141643,28.079768203177505,0.5081024210545271,34.61406500520604,31.668346259395282,28.816891680909556,0.5114844113841212,BBH,higher,match,
700,BBH,7.640020954964347,5.412931359170001,5.58180282958536,0.46455683877278703,7.816997864166664,5.53548568608532,5.709591338321481,0.4599091879723968,BBH,higher,match,
701,BNS,1.8783827409249803,1.7366443850971225,1.572080132775124,0.002548889788828202,1.9525747675238176,1.7678065380654744,1.6169923096747703,0.008335921283837394,BNS,higher,match,
702,BNS,1.1244425278295644,1.0025677829627335,0.9240100299838626,0.04387382378719453,1.1195693456224793,1.0141187574630932,0.9273799485088203,0.06551794077665023,BNS,higher,match,
703,BNS,1.4533193689780068,1.0025383340925684,1.0472167733760043,0.03680065425688944,1.4372342124770126,0.9992874129287741,1.0398644333757774,0.05253259997888141,AMBIGUOUS,medium,ambiguous,
704,BNS,1.5021327886346312,1.216845041076057,1.1756688955176595,0.018110003192463305,1.5509370182241906,1.2217943033441923,1.1966683286981163,0.02297260295091299,BNS,higher,match,
705,BNS,1.5704829848044026,1.4610556827040144,1.3185219968868498,0.026550215777947,1.584677709934876,1.4524602209737678,1.3204872572127768,0.04044362022710498,BNS,higher,match,
706,BBH,26.902371983477327,9.954226741941513,13.911559278560809,-0.40374471847176824,27.3843443939468,10.071936058881283,14.11445960634821,-0.39809672102836935,BBH,higher,match,
707,BBH,41.489330805978156,24.10095274332391,27.328417449476554,0.043722368985853056,40.525691140936274,23.56033653049653,26.705116767151523,0.05510916896256099,BBH,high,match,
708,BNS,1.083289220384601,1.0079759299839912,0.90956749102713,0.015155317258079063,1.1098217760256888,0.9712187341160284,0.903412444995713,0.016328684767516585,BNS,higher,match,
709,BBH,10.241627716994445,8.230216163537971,7.982999212034923,0.43170833367464495,9.871257129706894,8.300464173172575,7.874186429686767,0.43721144551924446,BBH,higher,match,
710,BBH,13.899520474621907,12.517692445641117,11.479872308510583,0.22880250091129692,13.509585918819397,12.916991018137251,11.499364885188102,0.23706752578122617,BBH,high,match,
711,BBH,32.014466152099004,7.29184813535615,12.647883690811211,-0.22381007814276102,32.99174179477513,7.355654389804176,12.878130850509288,-0.22103277084443254,BBH,high,match,
712,BBH,43.84181885723814,5.016193810828881,11.683435444230158,-0.6598265551501049,43.35625742595943,4.875530105678127,11.438722010553928,-0.6710690729345834,BBH,higher,match,
713,BNS,1.2449808589901623,1.0013277472150168,0.9708440446963924,-0.015159776616104693,1.2591315930223657,0.9980964084155574,0.9746104921461005,-0.018780571518326954,BNS,higher,match,
714,BNS,1.2469092381274653,1.2362646352769278,1.0808522900803579,-0.03131341044068958,1.2228143288038504,1.199921977955743,1.054500734892004,-0.013069477369696636,BNS,higher,match,
715,BNS,1.6401712481082495,1.3918374610654585,1.3144393155656604,0.020668873580471377,1.6685148383602124,1.4087269403693168,1.3337112422684534,-0.006733441232027226,BNS,higher,match,
716,BNS,1.3584556454325618,1.1014545931868756,1.063710349400626,-0.022322354529025916,1.3775983616603713,1.1182702547823087,1.079337560038938,-0.02958785522320528,BNS,higher,match,
717,BBH,36.02015872645518,22.428581477960616,24.606702952537788,-0.11337009864437268,35.901148727788076,22.385592840287828,24.543257939753243,-0.13541788817725844,BBH,high,match,
718,BNS,1.9809809410158143,1.4166792018935355,1.4543036766955613,-0.009282258134131452,2.014842762918583,1.354281374656712,1.4324076660075753,0.007829674809527171,AMBIGUOUS,medium,ambiguous,
719,BBH,21.717606822202516,12.20189360808509,14.055737269457879,-0.4585958945995316,21.58603035643559,12.334603171733086,14.09567858640645,-0.46029677280498105,BBH,higher,match,
720,BNS,1.2625392156489972,1.163529023858858,1.0549518939067053,0.022069876635790898,1.2610305777705424,1.183933387790592,1.0635973311135696,0.024715734608378812,BNS,higher,match,
721,BBH,23.701738892076797,19.74106671324174,18.815116961385094,-0.3357696351105194,24.644764508475966,19.703013117013715,19.15931682958673,-0.33842172463484727,BBH,higher,match,
722,BBH,22.80950644575966,10.163093963871965,13.045311611686312,-0.34801172162615907,22.880427699440123,10.264526235495769,13.134040299930959,-0.3212393122915501,BBH,higher,match,
723,BBH,29.002460037572632,21.69653592456522,21.79190868323606,-0.32228595407954325,28.37374686108941,21.118476959662804,21.263765626164517,-0.3111697995258172,BBH,higher,match,
724,BBH,10.104418011469978,7.478411417092683,7.550481403146058,-0.20572832485099407,9.811543177068726,7.356902015104513,7.380965603159961,-0.22708533043977083,BBH,high,match,
725,BBH,15.154357681027186,8.575174630051903,9.844880936415105,-0.47999927949697324,15.369993174085272,8.885944771083363,10.09863687001216,-0.48433766079428014,BBH,higher,match,
726,BNS,1.0372060382334394,1.029455579398428,0.8995591266345642,-0.03707538659835279,1.0577648453538886,1.0121028234780303,0.9006991298713612,-0.027232109739025973,BNS,higher,match,
727,BNS,1.833239540964052,1.1705807649428184,1.268929721858663,-0.00988120281952772,1.8445106924131502,1.1746687103431392,1.2749705773890603,0.005952132858006799,AMBIGUOUS,medium,ambiguous,
728,BBH,16.039776480082555,14.7692711252807,13.396728943453198,-0.6430552900837008,15.81482631640591,14.898891129436338,13.361787083130078,-0.6416139309187124,BBH,higher,match,
729,BNS,1.8010761326078426,1.029907979420268,1.176551142830785,-0.03143158062926379,1.8371592239674814,1.0493592819320983,1.1994101903698777,-0.03688975851520842,AMBIGUOUS,medium,ambiguous,
730,BNS,1.2101651624923115,1.1379560114568938,1.0214990607212908,-0.008475484913211083,1.205062387005874,1.1347292428225344,1.0179012094975861,0.0019030553618193638,BNS,higher,match,
731,BBH,42.73834925141837,26.160978773685624,28.936103026012127,0.28928557867580323,40.956497077249466,26.08957305609331,28.313867869262644,0.32700575321247977,BBH,higher,match,
732,BBH,49.59634122617313,10.872301365403267,19.175938528685887,0.476065176545573,49.08589683361855,10.724979699472577,18.943311118689536,0.4468535735280269,BBH,higher,match,
733,BBH,27.480892026129755,16.723495476306272,18.549049245023653,-0.20167306720932565,26.83235853860398,16.655143394057173,18.30001486585582,-0.15968840946100432,BBH,high,match,
734,BNS,1.15677400814785,1.132622815646439,0.9964513075556958,0.005657886463324865,1.1420466711019068,1.1342667741840218,0.9908160316614572,0.01666965355778669,BNS,higher,match,
735,BBH,26.993322470139677,18.20317192698113,19.222997001937987,-0.3354398520653312,28.117978173963866,18.685967036166037,19.872079148840506,-0.3609663097090352,BBH,higher,match,
736,BBH,31.05697792340974,15.502233232096424,18.87691208747109,-0.3006490040791226,30.580069728444315,15.512823720246386,18.74782120033193,-0.3414721238140652,BBH,higher,match,
737,BBH,22.0571181874358,12.29062082925734,14.213267302982217,-0.367389589299119,22.50253334076936,11.933835580032602,14.12548628960484,-0.3605791924422688,BBH,higher,match,
738,BNS,1.2840661922031962,1.181212570465091,1.071953819810443,0.03456267491770543,1.2783936190440484,1.1704464082354882,1.0646763165891298,0.04124926591776511,BNS,higher,match,
739,BNS,1.2736065184654841,1.1367708819313938,1.0471476417172438,0.011802641640444771,1.2770885383940156,1.1706566944939598,1.0642339114417154,0.0049243657769643895,BNS,higher,match,
740,BBH,10.807201530421544,10.047664929309208,9.070381496509027,-0.16887040424940142,11.028980861744863,9.922797250257766,9.10452983118414,-0.1649287516559991,BBH,high,match,
741,BBH,36.67179839091605,14.004250615484247,19.29277502648875,-0.4323329340062962,36.66566127178171,13.81893953937663,19.151762961497546,-0.4233814909098209,BBH,higher,match,
742,BNS,1.6585711623461041,1.4959759989352153,1.3709065032138241,0.0007222049852703626,1.648689119564169,1.4950777117886802,1.366442804058342,0.0038868683194671146,BNS,higher,match,
743,BBH,11.149338653508941,8.849614518900376,8.635800953320135,-0.4211639871920297,11.552565433335824,8.821908397498065,8.772579410701194,-0.4225160291814192,BBH,higher,match,
744,BNS,1.8136783706814605,1.1310730169935768,1.2399975366545517,-0.03711618657632567,1.7960985969978116,1.1588190240967908,1.2499665708802425,-0.008578276579778705,AMBIGUOUS,medium,ambiguous,
745,BBH,14.393997004958162,11.097615384433919,10.984168464161831,-0.5960754934201814,14.316952541546964,11.257054372174755,11.035841485395494,-0.5913265099914949,BBH,higher,match,
746,BBH,25.239849880877504,9.106499468935576,12.873209109165963,0.5254642556004021,24.74334139911367,9.003942057804936,12.679054233933604,0.530243059267818,BBH,higher,match,
747,BNS,1.0801472098705416,1.0018048223554346,0.9054521322529092,-0.025055382553726285,1.1045884949548164,1.000217882551198,0.9148178878932934,-0.023800863302784157,BNS,higher,match,
748,BNS,1.9166599601957341,1.5492130821339842,1.4984118729523603,-0.005855343928773739,1.9451647954599807,1.6001925000146782,1.5344232733473029,-0.014564018866302013,BNS,higher,match,
749,BNS,1.9108854030955977,1.7633034752118661,1.5977349235844283,0.00309984947465948,1.9216562854048267,1.7181386695928815,1.5813389573101782,0.0075551922943427425,BNS,higher,match,
750,BNS,1.2953135073447508,1.084061117772699,1.0307767926712383,-0.01081638753515439,1.2808266569936004,1.0592311754882187,1.0130790843663846,-0.042569500212381775,BNS,higher,match,
751,BBH,27.96969060818493,21.37444289690623,21.247232707416988,-0.08389782650680055,27.56832531176562,21.272695537316427,21.04664128059856,-0.08549874648215217,BBH,high,match,
752,BNS,1.7359797840146762,1.7021002184429557,1.4964240480454951,0.01361707347243387,1.779892428928837,1.6528432926810843,1.4929566149692803,0.03188730924495483,BNS,higher,match,
753,BNS,1.045430754778761,1.0359045846902777,0.9059424390295915,-0.016437475418441646,1.0861696556404596,1.0346207422886198,0.9228003665181079,-0.030692418510592505,BNS,higher,match,
754,BBH,48.83063677004413,43.943685870981625,40.31510201293513,-0.08616120223089314,49.103912804485056,46.19756922440174,41.459227335422256,-0.08445808627014176,BBH,very_high,match,
755,BBH,43.21191295398044,11.131661724351074,18.292305890065474,0.282734897256311,42.99721611320858,10.734545283079584,17.884968458953928,0.25624036601104355,BBH,high,match,
756,BBH,19.71451014351301,13.523525485440551,14.164409656106091,0.5359329462142317,19.381786354717594,13.691828126255961,14.138938731267453,0.5171567166619688,BBH,higher,match,
757,BBH,30.890912914182415,25.360360979677484,24.342502991604157,-0.5401818334953443,30.896431188470878,25.554628014785848,24.439499606909365,-0.5302871100519895,BBH,higher,match,
758,BBH,14.477188375089282,7.880688630108901,9.214312219961595,0.4569254696795681,14.809252153041461,7.748194756283932,9.229585662713545,0.4912191869787416,BBH,higher,match,
759,BBH,6.187813195214524,5.609255017930478,5.1275583299233505,-0.5213342134914931,6.399612486771033,5.49659486683298,5.160202418308902,-0.5206778273999197,BBH,higher,match,
760,BBH,10.532509538095457,8.2479449988382,8.101871496078106,0.1757334200418164,10.562695956607499,7.955291959201771,7.964156431638083,0.182691100685794,BBH,high,match,
761,BNS,1.258834918185117,1.2189189082074194,1.0783370470038618,-0.02067009429123118,1.2313981003320376,1.2293507388583098,1.0711026991696635,0.01533479580875342,BNS,higher,match,
762,BNS,1.0785449638324573,1.0125615069191178,0.9096630871980155,0.011005633100939544,1.0868565754113784,1.0123586524708457,0.9130458526676009,0.028292775524868655,BNS,higher,match,
763,BBH,20.8730481917152,6.875023287757803,10.126735544910682,0.5102522772905573,21.325463487924456,6.7433813420119755,10.116279303081186,0.5100707580312177,BBH,higher,match,
764,BBH,36.469056906234925,21.756645921812847,24.36054150830129,0.20910566656453583,35.996156508592456,22.521657855719834,24.65223354277629,0.2015920660569662,BBH,high,match,
765,BBH,48.193941087375315,40.45081320714125,38.4079574205766,0.270560289060544,48.05660529603782,41.98044467071276,39.083713650806374,0.2715521878696491,BBH,high,match,
766,BNS,1.8638485618518414,1.4437578127905242,1.4257396190795564,-0.005430314749690674,1.8998088878810406,1.4110222882244472,1.4221940788071457,0.006136450723954075,BNS,higher,match,
767,BBH,9.200581055630238,6.655222988061703,6.7943680104174335,-0.7069969784460022,9.26325946727957,6.682597107621313,6.831182590141089,-0.6874743111421173,BBH,higher,match,
768,BBH,14.95015266699288,6.080493217070046,8.13917037244871,-0.45765045318337294,14.922974443571512,6.0845363214125445,8.135323194350478,-0.42321983709253835,BBH,higher,match,
769,BBH,10.642313258147988,7.324215117266365,7.659235873784853,0.16687575947528638,10.709483549459339,7.2770658178701915,7.656765172494874,0.17363545330939917,BBH,high,match,
770,BNS,1.012535209678475,1.0114044370416597,0.880970734770727,0.01124301706536387,1.0386349732102553,1.031023613658451,0.9008639138968318,0.016009962320055086,BNS,higher,match,
771,BNS,1.8808465308105724,1.5103742506420064,1.4655193163739557,0.005661584730265119,1.9784078460542274,1.554394738404142,1.5244121867842424,0.016104622689705125,BNS,higher,match,
772,BBH,41.821431109423905,12.588672574018384,19.305959290467538,-0.15049135467291128,40.06029779198784,12.451626797661895,18.82402860559562,-0.15262870717859545,BBH,high,match,
773,BNS,1.3113827442686556,1.2057177548764508,1.0944727710541102,0.033605511345799526,1.2966873688601646,1.2040695920377598,1.0876216003990264,0.025837722724626904,BNS,higher,match,
774,BBH,40.461981516423954,20.043916452007732,24.493920085718614,0.024007172491735514,40.55747968542132,19.253102078922453,23.99868240140628,0.02078001406286159,BBH,high,match,
775,BBH,41.27992613486735,22.305398412907767,26.170857900575964,-0.1261250238016418,43.59167294698384,22.64361796247023,27.063983729518867,-0.12664181410698597,BBH,high,match,
776,BBH,11.173901376769942,7.689904954970583,8.04173240957772,0.06863545768244464,11.020387950562995,7.753496361478583,8.022428496361439,0.04378734182854243,BBH,high,match,
777,BBH,42.10179220576978,13.262235911518585,19.92988824050473,-0.009632940983232188,42.2861465626734,13.544795638301567,20.202603907083446,0.009854520475565362,BBH,high,match,
778,BBH,45.15696967804551,37.85440500154247,35.964763400344715,-0.19900375090817543,46.30492475666647,36.078436637950865,35.526877154057736,-0.1998321450064481,BBH,high,match,
779,BNS,1.2341034228248948,1.145847736862369,1.03507893892302,0.006669967475769118,1.2051897325503595,1.119694558734395,1.0111433404655235,0.001162667149695609,BNS,higher,match,
780,BBH,12.08050424683229,6.0955232240188,7.38512477810576,0.27774429082546914,12.070940663705773,6.091813834212698,7.379998953053345,0.28113326931736937,BBH,high,match,
781,BBH,42.8259395047225,28.649336810783883,30.37118343255383,-0.11671265218042587,42.71795343885044,28.272491393852498,30.126226131754468,-0.11070356784353164,BBH,high,match,
782,BNS,1.0345716633182316,1.009511727841633,0.8896587340433494,0.01659926340565074,1.0441218754105566,1.0004059072336824,0.8896882646183959,0.03534785638311531,BNS,higher,match,
783,BNS,1.0982845701422472,1.09602465090669,0.955127956355308,-0.019450700515676527,1.123471419122598,1.0827945576669065,0.9601371681838231,-0.016077823085027407,BNS,higher,match,
784,BNS,1.008461519089331,1.0008026768786384,0.8745754144045544,-0.014632704116325392,1.0183369015860393,0.9617906165363831,0.8614787684610046,-0.018287709255699187,BNS,very_high,match,
785,BNS,1.270983481415731,1.2106605887516053,1.0798153280834155,0.017988908353337545,1.278233321839986,1.1949942382623286,1.075803002949916,0.022302018747083457,BNS,higher,match,
786,BBH,6.978725070032538,6.169590398148929,5.710122558075093,0.48162674563186575,6.9458720248959755,6.151874709706217,5.688545522772659,0.48265694704371037,BBH,higher,match,
787,BNS,1.8197484899978384,1.321267365662785,1.3464406656999555,-0.005285914084924033,1.8459466076249997,1.2857435830279365,1.3368058643657672,-0.0077162607576953994,AMBIGUOUS,medium,ambiguous,
788,BBH,29.657297777590248,13.751171806019501,17.32877555267747,0.18318205399949994,29.695190447571107,14.214242000265081,17.649578056774732,0.18779613966386643,BBH,high,match,
789,BNS,1.504972217158687,1.2287656013621102,1.1826252421470562,0.02367840384836594,1.4721861529962341,1.2636356602461387,1.1866788431272492,0.021415078871741502,BNS,higher,match,
790,BNS,1.5555229071058352,1.429248674550602,1.2978016001334187,-0.013485856298464702,1.5660681670839482,1.419013702471021,1.2974394569692447,-0.031076598725403425,BNS,higher,match,
791,BBH,22.081619150248155,20.116720523575953,18.343989191269998,0.2484768053636265,22.411961172033315,20.398984454136293,18.609816072605874,0.2520605248501292,BBH,high,match,
792,BBH,20.213851160027968,6.609941181288744,9.767961955141534,-0.11915750756334584,20.25268485428753,6.482308944207147,9.671890714418783,-0.138390085869096,BBH,high,match,
793,BNS,1.6582403058111064,1.6164097364748058,1.4252346623064942,-0.023543928745402662,1.7038388534896403,1.6033790862058293,1.4387531125768018,-0.014972491952896266,BNS,higher,match,
794,BBH,38.511102621926575,21.551840875579963,24.87258207726923,-0.017772337960294735,37.95735376344541,21.437714494082275,24.633979120845307,-0.018480445922361612,BBH,high,match,
795,BBH,33.6277369888417,33.151939739605865,29.06665723774932,0.47942326562266513,32.83161959927823,32.06042293852503,28.243508410875503,0.4939770799519644,BBH,higher,match,
796,BBH,14.975712060014338,9.165261167093092,10.138377096760571,-0.02048137089897974,15.149410504566251,8.886936904608776,10.03032497096668,-0.052817808766029026,BBH,high,match,
797,BNS,1.1395092043862065,1.0470043964592737,0.9507128612544864,-0.02212784143473005,1.1735418218855385,1.0851286031315028,0.9822392773189499,-0.02047467947706922,BNS,higher,match,
798,BNS,1.3247566437552345,1.1716176141314836,1.0841547076720528,-0.006894260430241101,1.312416588386219,1.16399836445229,1.0755974529882129,-0.0041991990304044,BNS,higher,match,
799,BNS,1.567257815827237,1.2484042297097042,1.2161336351268972,-0.02047072040482293,1.5672260558949918,1.2361649716806398,1.2100076334713663,-0.01721670174834049,BNS,higher,match,
800,BBH,7.830105904378787,6.845734521544615,6.37077133534092,0.13799869999966907,7.674827025239192,6.688789087896122,6.23443212297088,0.13513849640853937,BBH,high,match,
801,BNS,1.608613738742478,1.3823268453007604,1.2974061503131473,-0.0016568186573221878,1.5897870358385955,1.343708146861261,1.2714792146181308,-0.01777940970982687,BNS,higher,match,
802,BBH,5.623144068828557,5.375044080483678,4.78577763135363,0.25662248914158026,5.611840555436625,5.339455856493078,4.765059055484565,0.24948012931586877,BBH,high,match,
803,BBH,41.76962826497384,32.40645073754756,31.97735015963258,0.6185666893642977,40.93100892603744,31.519491733043576,31.21553014702309,0.6279160723870231,BBH,higher,match,
804,BNS,1.7497313169463147,1.6640708772596151,1.48538228598603,-0.00024145302649136488,1.7389925750130102,1.6860590083380416,1.4906266286769125,-0.0038870553979113553,BNS,higher,match,
805,BBH,23.905602634510522,14.617662391984409,16.176402944858424,-0.36590187793616946,23.87501032135522,14.760596821823142,16.249161054788026,-0.38143459929494733,BBH,higher,match,
806,BBH,37.538198936647014,23.673779536637323,25.81530942473279,0.28225000514276816,38.576000589839985,23.5062496505811,26.055945453306315,0.2892541351137488,BBH,high,match,
807,BNS,1.2708254344468997,1.1918037130527437,1.071259228781528,0.002043926091601982,1.3234651233253971,1.192512854011754,1.0933619977100266,-0.011857621351720755,BNS,higher,match,
808,BBH,37.18895783157251,33.65969617025175,30.79273035211435,0.43516008366329967,38.04793745399011,33.6384335090092,31.132414943668444,0.43384496951064844,BBH,higher,match,
809,BBH,17.96937739056214,12.13364330315372,12.805381944771483,0.13467169796921297,17.446598562753355,11.982501585710924,12.542946257872503,0.14400720274027606,BBH,high,match,
810,BBH,30.417905794905877,18.67092941113801,20.624365811774645,-0.2645869216570306,30.20590146106071,18.814482509005213,20.638356288206293,-0.2698621657547602,BBH,high,match,
811,BNS,1.9512198869707755,1.5338412685874623,1.5038686242658805,-0.012359412944110403,1.9774057428183482,1.5199618353010957,1.5066376942943978,-0.007047124140959117,BNS,higher,match,
812,BNS,1.27441062465576,1.210321908350664,1.081110879057561,-0.003100161793322753,1.2470186032220276,1.2163143811933455,1.0721280042055064,-0.007778830634726723,BNS,higher,match,
813,BBH,10.75739213892835,6.4834064282609765,7.224281710816736,0.4174822978406535,10.541049808043006,6.787573241536656,7.32835038373407,0.4227852863567664,BBH,higher,match,
814,BBH,38.39223889944143,29.81549053664624,29.406580114535572,0.430661744305694,38.210562583050475,29.938125609075353,29.400405663573405,0.4299265432178056,BBH,higher,match,
815,BBH,7.423086220016348,5.0031256466367005,5.284790771976436,-0.2476385499162213,7.628428847958966,4.992768311164551,5.348669923287878,-0.2273229476321179,BBH,high,match,
816,BBH,22.169374278255326,5.468439357117482,9.159449334329306,-0.5902446068858991,20.989092160751667,5.133457185308943,8.63056141971825,-0.5660959326988723,BBH,higher,match,
817,BBH,9.520511260901724,7.360506357692881,7.275469983867095,-0.08370130440474008,9.274380377128637,7.298739366864522,7.152186030632767,-0.094883030874563,BBH,high,match,
818,BNS,1.123886203033827,1.0205776485653135,0.9321317252925533,-0.012309363589411452,1.1586465174296996,1.0221351890770303,0.9470068955297104,-0.010494162840276685,BNS,higher,match,
819,BNS,1.197396410633616,1.016837237850917,0.9599507389888081,0.006722999194328669,1.2234298966027488,1.0147138571575263,0.9691165553941512,0.017140492615116354,BNS,higher,match,
820,BNS,1.9796624516555634,1.216722289310129,1.3431909475093218,-0.010793110854138045,1.9797039131549132,1.2196722126360944,1.344909194636396,-0.033663374983044184,AMBIGUOUS,medium,ambiguous,
821,BNS,1.5840219508261872,1.2374850146481886,1.2169828585042368,-0.03988484736247228,1.580031469024387,1.2119800648168424,1.2025780878213663,-0.0315946910598591,BNS,higher,match,
822,BBH,47.63226702657951,23.20463529638022,28.578122082024098,0.3102280447952321,46.82232830710322,23.247455088414704,28.378595575750612,0.28699961986990935,BBH,high,match,
823,BBH,15.248369127898728,15.18140310989594,13.24528919324095,0.05569477199483485,15.39055258323652,14.927478530341356,13.194842240524718,0.0445135830032658,BBH,high,match,
824,BBH,39.05374156029193,30.393391249411216,29.945682880808178,-0.4288289969924804,39.58881606394299,31.69311871423041,30.798289645639215,-0.4554305272642845,BBH,higher,match,
825,BBH,39.60654024670772,28.399230379310875,29.116216062150325,-0.23450123887619923,40.71865708549847,27.591210592756354,29.069785862623508,-0.23315681029434143,BBH,high,match,
826,BBH,30.73560471350675,6.603373732973318,11.749302830832715,-0.4310466574414042,30.861762747696833,6.418287619034775,11.582668953410957,-0.4154952876475675,BBH,higher,match,
827,BNS,1.9579198327687353,1.5598011154738125,1.5193792895700593,0.011359270360642632,1.9364702873365411,1.553795052315798,1.5082420827263008,0.002927579149526054,BNS,higher,match,
828,BBH,34.33347712229173,16.70862254015115,20.587772280879687,-0.2922343563422045,35.67625017269433,16.96237096753693,21.12800805194205,-0.2763060850341822,BBH,high,match,
829,BNS,1.4588441864590749,1.3905952553309446,1.2398635855534998,-0.012417948511180001,1.452856151240971,1.3894455867954107,1.2368141920118838,-0.009785791564366514,BNS,higher,match,
830,BNS,1.1359693900603718,1.0316443572612026,0.9421967509668764,-0.005284026825792853,1.1463198986908651,1.0617227056149923,0.9602596319270256,0.011451560077647471,BNS,higher,match,
831,BBH,43.33980242387652,32.75695498568215,32.73716296949605,0.03524854285969466,44.57505555816325,31.991336578581116,32.78437662550056,0.03537184622219732,BBH,high,match,
832,BNS,1.5785522493158854,1.4678855437700045,1.3249888694566503,0.0298015222130954,1.6293699838288052,1.4514607634493937,1.3383245327781046,0.013439464491037037,BNS,higher,match,
833,BBH,25.2182778298927,16.5390299692643,17.700632173501678,0.5615788557108932,24.883900590607322,16.13778191989107,17.364196273417257,0.5572517164310862,BBH,higher,match,
834,BNS,1.503750567133097,1.2747135505628255,1.2044591785107528,0.01960080540241129,1.4723455781703867,1.2766535238309364,1.1929294583167245,0.011026592498348302,BNS,higher,match,
835,BNS,1.9223331583153058,1.2998442038513456,1.3708883540563879,-0.01695170191853345,1.9495165149179672,1.2581157420848441,1.3569117230606498,-0.03897165976731301,AMBIGUOUS,medium,ambiguous,
836,BBH,19.62185050450453,7.382736486527766,10.239691914141291,0.1963130343998354,19.681454419694628,7.285051235152762,10.179558552944432,0.2212073536003211,BBH,high,match,
837,BNS,1.9559842693402016,1.1249189510502726,1.2816113454358409,0.03185133100029913,1.9324974976092288,1.1421828279090749,1.2845551252339311,0.043345398825417866,AMBIGUOUS,medium,ambiguous,
838,BBH,23.104788076576643,14.844819283007643,16.04444449827138,-0.6518378100518487,23.88125086832055,14.868116765600869,16.313039826839248,-0.6619564302959702,BBH,higher,match,
839,BBH,32.06460541907242,27.06484459872548,25.627019227637376,-0.23479742649690621,31.23545637229147,27.133719999585033,25.331307320583868,-0.23538214910091806,BBH,high,match,
840,BNS,1.5237821909035945,1.0710386465113668,1.1087033144210499,-0.006946895350950634,1.5321289802534874,1.0924033952030503,1.123043644053724,0.01357985904811318,BNS,higher,match,
841,BNS,1.3029963006172174,1.067284596565674,1.0255907407240161,-0.022349361649514773,1.3710414432266387,1.0550248241635545,1.0452193106234888,-0.00548564328235422,BNS,higher,match,
842,BBH,43.09229058140293,26.676104728477043,29.348198597146858,-0.0830894073225147,43.47035490418583,27.175450806861203,29.758065089101343,-0.10884476718025261,BBH,high,match,
843,BNS,1.1969546696654914,1.1549552429079173,1.0235323610791944,0.00684718208753056,1.1981225887293045,1.1822405238004023,1.03608554908984,-0.0102745522283528,BNS,higher,match,
844,BBH,25.17362913913508,23.31849371562699,21.088881888734655,-0.1696240836959829,25.10560343249692,23.726912918826525,21.24541993012304,-0.16684599220726823,BBH,high,match,
845,BNS,1.5624296180338006,1.030702498498948,1.100006740242283,-0.005698813656993204,1.5297378963144523,0.9959706518152024,1.069649502070648,-3.1719750694599486e-05,AMBIGUOUS,medium,ambiguous,
846,BNS,1.2394278377525314,1.1699607954060804,1.0482241514285349,0.007988348055796927,1.2488411155773613,1.1989561677538279,1.0652001211022237,-0.00014926044026592278,BNS,higher,match,
847,BNS,1.0858707979903612,1.013589069319442,0.9131929036506637,0.0018836371402584015,1.093359333900939,1.025394394065782,0.9216716252492076,-0.0017342308806893097,BNS,higher,match,
848,BBH,21.577277190146113,9.42764612788839,12.211072667547521,0.19328277842661268,21.661172180028913,9.211828407893371,12.080945029577272,0.18605146706159031,BBH,high,match,
849,BNS,1.907849501962525,1.583819565112721,1.5119703506320996,0.004856473876986392,1.9056932906198252,1.6001777060073226,1.5190551657663736,-0.0066588750549673075,BNS,higher,match,
850,BNS,1.7870701269273583,1.099494907113291,1.2131782649531462,-0.010838089087290254,1.7719400925242375,1.091767585042991,1.2038206853297653,0.014318441060491337,AMBIGUOUS,medium,ambiguous,
851,BNS,1.1725119376982764,1.1499762738095352,1.0108646005897193,0.02171934738880629,1.1922731538264548,1.129045811193029,1.0099629297310335,0.029454507938067222,BNS,higher,match,
852,BBH,37.8818844530704,16.48463667429987,21.391451982084842,0.4872434041644766,37.545156531147796,16.686195784243548,21.443549057332227,0.5009566335384893,BBH,higher,match,
853,BBH,21.252798968796064,15.693837307633121,15.862520164411205,0.17091244386143747,21.311132431056137,15.301102548950556,15.6773373601531,0.1660959291276975,BBH,high,match,
854,BNS,1.2850529729614175,1.2502556705551282,1.103432447835912,-0.03175230928442083,1.289348989544441,1.2160683571510003,1.0899863702922363,-0.014900251364650244,BNS,higher,match,
855,BBH,10.853739091980373,5.2157345119227285,6.464524454566015,-0.13475150510008788,11.154614360448209,5.262091272160946,6.578252812513609,-0.1373859549639622,BBH,high,match,
856,BNS,1.2761298676526636,1.1811141654958535,1.0686177732996232,0.011895177286633644,1.2813421161083725,1.1953568910077623,1.0772660377720622,0.012401155333380771,BNS,higher,match,
857,BNS,1.1694406005450486,1.1327619109302203,1.0019392230946222,0.04195474313790676,1.1931957347577182,1.1108077962358118,1.0021061762217445,0.046809300916145644,BNS,higher,match,
858,BNS,1.145893219779118,1.0115575953755105,0.9368987905992584,0.020805541997994784,1.1628282818054902,1.02243244298452,0.9488323263709543,0.01673447184701111,BNS,higher,match,
859,BBH,7.821706433142913,5.33595600054491,5.603669370016881,0.30755809479819546,7.827937481098,5.303927981919561,5.588325512002216,0.2961738449734595,BBH,high,match,
860,BNS,1.2160905383371934,1.1595437365505883,1.0337033168534626,0.037632535382390545,1.2140208745693168,1.1392447451101608,1.0236976893335903,0.04369500517426751,BNS,higher,match,
861,BNS,1.3213054528851047,1.1655893755014632,1.0799354575399827,-0.020557629059565298,1.2879378785261277,1.1781646516692694,1.0721568311480068,-0.022050932951798923,BNS,higher,match,
862,BBH,38.17690340413292,8.157046891782906,14.548570707741247,0.16979289668825764,39.070622493544356,8.428939032090666,14.970490355348735,0.17713764485775463,BBH,high,match,
863,BBH,9.343562868754015,5.458772415907084,6.173030927663228,-0.43339080891753395,8.905967745822696,5.336322214380256,5.962630991901466,-0.43658691226971147,BBH,higher,match,
864,BBH,31.972008547496635,30.05538937643703,26.98352324388514,0.38888099675872023,31.354429353011948,29.99454911851017,26.6958206713293,0.3856424087103258,BBH,higher,match,
865,BNS,1.089518926338303,1.0320256252372133,0.92304893315319,0.006066006553657385,1.0911047771355875,1.0564455272167803,0.9346294694204857,0.013806987329182164,BNS,higher,match,
866,BBH,34.42495360346116,23.89841588782269,24.887253163828785,-0.14122115066455457,34.849034563628706,24.788628138133127,25.513017288929415,-0.13002598914723787,BBH,high,match,
867,BNS,1.6031790299115898,1.5765301014564368,1.3839904575152842,0.0134016843401375,1.6446974273692372,1.5842651424446814,1.405192185060211,0.0034588915110924205,BNS,higher,match,
868,BNS,1.0384169357690447,1.0348140317438383,0.9024245580968469,-0.00210421047641519,1.0460725934643176,1.005985159398919,0.8930054777042318,0.009796137712689407,BNS,higher,match,
869,BBH,12.980014848352928,11.495500309572524,10.630054024917126,-0.1537450380191515,12.929856690786199,11.584849148757229,10.651361371700224,-0.159737033121054,BBH,high,match,
870,BNS,1.9083371498543,1.4567974266079968,1.4488788567735278,0.025782939441319156,1.9145919450497901,1.4393500530270664,1.4422298627073527,0.01856433903598245,BNS,higher,match,
871,BNS,1.019549971642973,1.0031422462813289,0.8803931641915542,-0.0019395622593244058,1.0046550345718377,0.9975260977138533,0.8714933270446149,0.005913362401470923,BNS,higher,match,
872,BBH,34.7791703567886,5.716203212236144,11.417605798371111,0.05460420960542946,34.66104844423189,5.609080600447516,11.278294256375656,0.04200675398143463,BBH,high,match,
873,BBH,48.40041698568984,41.81551250215081,39.14310481464766,0.16633904806940836,49.74374274792951,42.37833878312961,39.9444719061081,0.15211604950891539,BBH,very_high,match,
874,BNS,1.5124803622670275,1.4460565553294258,1.2873884702364717,0.0021028166235580077,1.5077374721791872,1.4846965919755184,1.3024862467120155,0.00882115350809695,BNS,higher,match,
875,BBH,12.509200377879127,6.421704190132044,7.717802027831112,-0.13298605812795083,12.46000710421071,6.428429810873083,7.7078759015145355,-0.13730514985750547,BBH,high,match,
876,BBH,22.607566290471745,5.801891413730999,9.549957896551263,-0.06101298691764252,22.56015488356473,5.555469134941025,9.312111001860105,-0.06596405119870924,BBH,high,match,
877,BNS,1.9465464445440088,1.36304968434101,1.4135490211571176,0.0283377137632637,1.9726879752429154,1.3476819765612835,1.4143281830257366,0.019558445600904487,AMBIGUOUS,medium,ambiguous,
878,BNS,1.00717110505227,1.0063407630963348,0.8764318560817858,-0.001511800336666716,1.0343509880507706,1.0193801380853265,0.8939098927608342,0.011553292259157058,BNS,higher,match,
879,BNS,1.3215591093867818,1.2746888867952282,1.129861578198144,0.040351969646159884,1.293422137339866,1.2269600545749213,1.0966022880811461,0.02402539813994344,BNS,higher,match,
880,BBH,6.64857238115952,6.044997835198784,5.517698584266051,0.703600005402052,6.627080769343933,6.129184208611893,5.547409887018143,0.692718345577009,BBH,higher,match,
881,BBH,5.392161379703016,5.384782381844562,4.690935911597593,-0.054897659011791125,5.433353506055636,5.240216662112949,4.645028485061428,-0.03694482809805539,BBH,high,match,
882,BBH,29.950686499579845,14.416183775846953,17.854286359820165,-0.12391685949927475,29.06334945454123,14.153491341279231,17.43391584135187,-0.08448478214861714,BBH,high,match,
883,BBH,41.95363136858425,34.976260594793736,33.32013373633852,0.383605757717604,42.633099594996445,34.338529777926794,33.26986412766986,0.38292272020442303,BBH,higher,match,
884,BNS,1.9845247806753183,1.5046861247576118,1.501467794366334,0.02133515068215683,1.9343659041663466,1.5111356153299023,1.4861229904966489,0.024714312254417666,BNS,higher,match,
885,BBH,45.345305296413855,35.99941642380225,35.126170006914826,0.334955148886787,45.04524053637089,35.879467586750664,34.95269858418634,0.3401487215844407,BBH,higher,match,
886,BBH,37.67938355407804,32.599569109239255,30.494697743345853,0.025017696890800797,38.49238024459667,32.672191209331245,30.85169646727034,0.024523447808709815,BBH,high,match,
887,BBH,47.64642446594023,43.46263155903539,39.60732306739843,-0.11920270815126928,47.542096988139114,44.40936692186882,39.99631866762699,-0.09748626240531467,BBH,very_high,match,
888,BNS,1.0025786104865864,1.0012813670740741,0.8722304967896168,0.026104890539123057,0.9947391430398079,0.9714936321894968,0.8557807504444124,0.04426211284063159,BNS,very_high,match,
889,BNS,1.7047774013150963,1.4892826912003814,1.3864949003067093,-0.033475670549451435,1.699518271203708,1.520535835008782,1.3990101482087591,-0.04088944043219498,BNS,higher,match,
890,BNS,1.0406083473881615,1.0087005748876186,0.8918837639981648,0.027733367082651634,1.0446480744901205,1.0162941650406085,0.8969753331067098,0.015104376301048805,BNS,higher,match,
891,BBH,49.61688335577907,34.18255905430547,35.728287993579094,0.18082291700199266,47.2612959645589,33.790184183519614,34.69169513177095,0.1796274728478694,BBH,high,match,
892,BBH,49.636823414809655,12.761117867587759,20.98850804001933,0.5218957224693089,50.5921890249244,12.707455388528665,21.115675764022836,0.5171113247055078,BBH,higher,match,
893,BBH,46.016924235565526,44.90557478376475,39.57276857679666,0.5365744497892374,47.405425017520656,44.66258065840196,40.053582602425905,0.5384543330262406,BBH,very_high,match,
894,BBH,35.2949012187538,16.331688479635194,20.60018626805862,-0.38072729449289006,34.86438140430095,16.406974180720766,20.533893970379232,-0.4043433033872817,BBH,higher,match,
895,BNS,1.5841395804425118,1.185622877121637,1.1905715614744432,0.0022534211451994152,1.5456892565268077,1.192759835387904,1.1800602526148263,0.011867908980841137,BNS,higher,match,
896,BBH,24.234122627280218,14.799298569271057,16.387538925162804,-0.33936785672325365,22.955395538766144,14.911047141467256,16.03189473490945,-0.3237900580352188,BBH,higher,match,
897,BBH,24.169644435816146,9.519649554126092,12.931126240703808,-0.46536272332552114,24.457087358356237,9.846885634034377,13.241991136657134,-0.47526895473652137,BBH,higher,match,
898,BNS,1.8634844432974527,1.0490295395722595,1.2072980236559636,0.006396636578990844,1.875598759668979,1.021706067092916,1.194210010988334,-0.0033595842874584343,AMBIGUOUS,medium,ambiguous,
899,BNS,1.1520359076945708,1.099573686897718,0.9797507270966326,-0.011251534169207532,1.1887282889956259,1.1061457958186238,0.9981256362279923,-0.006217832921904536,BNS,higher,match,
900,BNS,1.0918671868867795,1.0404680447454338,0.9278292084725434,-0.0016634258791502533,1.1083131590741644,1.0438541176270943,0.9362809222902606,0.010926801831071881,BNS,higher,match,
901,BNS,1.5414499605548908,1.3490273240835056,1.2548048660164408,0.0032396357410256187,1.5165456048754156,1.3394802031867936,1.2402882773070307,-0.015545154339575554,BNS,higher,match,
902,BBH,45.90500909417355,9.926558137152853,17.61243069414096,-0.6642246669203427,46.4937901513348,9.815747614111862,17.598457677871675,-0.6585715274816709,BBH,higher,match,
903,BNS,1.281213393592679,1.1785220272700772,1.069541955389256,-0.014939624693433035,1.2807096156924,1.2041085921571097,1.0809631055128952,0.001609190416043448,BNS,higher,match,
904,BNS,1.0881681069241584,1.0839909012684863,0.9454850261227994,0.0056075355127557375,1.126838649430377,1.0623769113588333,0.952415620312,0.007232409248946783,BNS,higher,match,
905,BNS,1.763324361545346,1.2249181709010033,1.27520616103895,-0.011065005007081956,1.762839292892488,1.198392805203839,1.260644575619887,-0.008136817884548782,AMBIGUOUS,medium,ambiguous,
906,BBH,15.756788396811027,12.668297770517976,12.284888567420793,-0.22992791658236322,15.992092807243147,12.625933250516153,12.353025540098777,-0.22432796780613062,BBH,high,match,
907,BBH,44.4198802707199,19.961859197502996,25.52198691498323,-0.40389216567259617,43.95357946095303,19.34504578941149,24.97235791505095,-0.4046678573324747,BBH,higher,match,
908,BBH,40.146503339859,16.929610645971092,22.28876154371195,0.27813530296848715,40.013289328820385,17.0411150655841,22.333846288174527,0.2634692184628437,BBH,high,match,
909,BBH,29.93319936011068,12.938387771035899,16.84170548240153,0.13735931683584204,30.54866666005521,12.461091424067156,16.65772182037433,0.12711645483204928,BBH,high,match,
910,BBH,16.387885926397416,16.2497590892568,14.206207456368622,-0.004273195395589095,16.46643591400696,16.134688432191325,14.189581910052,-0.011552404531139999,BBH,high,match,
911,BNS,1.6859876565745173,1.0618200027937932,1.158633042952535,0.01585703555637089,1.7323344866640535,1.0588440371446144,1.1719814153193435,-0.030238374874992494,AMBIGUOUS,medium,ambiguous,
912,BNS,1.8762271108395037,1.2355536973216816,1.3197340424512403,-0.021969411811055092,1.8346483965764693,1.2253458890499282,1.299998356214939,-0.019538826591204223,AMBIGUOUS,medium,ambiguous,
913,BNS,1.2149963424200445,1.1511822922478372,1.029489536605785,0.018943251110058245,1.2018162684167712,1.175929031793145,1.0349001461194707,0.010966716368740958,BNS,higher,match,
914,BNS,1.2422284109731603,1.203856668484628,1.06456315901891,0.01780394778724778,1.227181552846666,1.2044979432001466,1.0583947137110297,0.00278775940541151,BNS,higher,match,
915,BNS,1.1842699986668217,1.1084920389540867,0.9973284018046025,-0.012525746642266338,1.1968761427198895,1.1058429223252437,1.001376511911935,-0.038858601379600365,BNS,higher,match,
916,BBH,34.16987007056401,27.671561579754936,26.739315795911935,0.7369975334145524,34.33856940426045,27.411385668194356,26.67476386296544,0.7310509984938303,BBH,higher,match,
917,BNS,1.0598012092725393,1.0215112519193903,0.9057598849795847,-0.024058608737945072,1.0493392279358804,1.034862430981306,0.9071752022852951,-0.031472540654812975,BNS,higher,match,
918,BNS,1.1496892244781307,1.057398285108742,0.9596823929763455,0.012148191387298501,1.1229597298357359,1.0454796884360789,0.9431448782307726,-0.002682026382738692,BNS,higher,match,
919,BNS,1.6236297990434236,1.5894333817161879,1.398471927691607,0.0307176463248375,1.6309584537038242,1.586054827939745,1.40012266469594,0.04099072064968329,BNS,higher,match,
920,BNS,1.9847585300318773,1.1388384860821192,1.298885556818569,0.007953299283355678,1.9720040783174004,1.1756980389000482,1.316810971286534,0.016768250041751948,AMBIGUOUS,medium,ambiguous,
921,BNS,1.9297664996274881,1.3980955108096194,1.426237661917883,0.004350456704595644,1.8930040013351983,1.3709761482342238,1.3988120243273277,0.01361977162015851,BNS,higher,match,
922,BNS,1.440376801584787,1.0020924701731635,1.042472310679525,0.003005478902640766,1.4567367255583363,0.9610782343200402,1.0256502131046326,-0.010813684253777501,AMBIGUOUS,medium,ambiguous,
923,BNS,1.305662627111043,1.0656324730691114,1.0258076438500432,-0.02774571312084638,1.2751188853462088,1.05095504727986,1.0068300940085317,-0.0440686590865265,BNS,higher,match,
924,BNS,1.9327148731652057,1.3860313305990817,1.4209202166509838,0.004479727629912685,1.9117776083001352,1.3323589482932368,1.3848902025208467,-0.0022047911667630177,AMBIGUOUS,medium,ambiguous,
925,BNS,1.8376795120075804,1.5678330898984256,1.476744158027827,-0.018772175434283372,1.8580433839727886,1.5225390397237422,1.4627707473331657,-0.016509202176181896,BNS,higher,match,
926,BNS,1.7101524378859927,1.1141702875093051,1.1962142557179642,0.019426743803805734,1.672226682057247,1.1710293670637044,1.214379890053961,0.005678762008294526,BNS,higher,match,
927,BBH,11.751070869941758,8.543968210853805,8.700901720641538,-0.2615839812368545,11.695856849734609,8.353278142589403,8.580532962379225,-0.2436573778148218,BBH,high,match,
928,BNS,1.3983482084436467,1.35699315857292,1.199169877062432,0.04495429355597282,1.3938561227731256,1.3459470265249545,1.192349781880541,0.0451109679900789,BNS,higher,match,
929,BNS,1.6661313639129713,1.5710612730790576,1.4083406313515756,0.024702842492670404,1.7142002665701876,1.5437433943150765,1.4157719002991684,0.03937458075249355,BNS,higher,match,
930,BNS,1.4791350924629123,1.1112772843838783,1.1138440401648029,0.02835836400954469,1.4907322988148728,1.1138187557485413,1.119391327223341,0.0367619911107818,BNS,higher,match,
931,BNS,1.702377659971972,1.3831411456229001,1.3344054525506694,0.03264336309641736,1.6087418328840686,1.4010875485417804,1.3063591807060457,0.025957527739701673,BNS,higher,match,
932,BNS,1.0022585786000078,1.000544187967086,0.8717701550401754,0.023691901359074986,1.0003797989488863,0.9809684593771305,0.8623822535154902,0.028628167255953782,BNS,very_high,match,
933,BNS,1.9474080939024967,1.3914506190424532,1.4290099510664387,-0.01541099833992495,1.9583942796728222,1.4068289641322136,1.441060067486717,-0.011435662162119527,BNS,higher,match,
934,BNS,1.364833858723483,1.2059964816671833,1.1164539482262064,-0.032995848468750866,1.2997028549274647,1.2014001320517134,1.0876589402552914,-0.03236012124126844,BNS,higher,match,
935,BBH,42.66997310324264,11.41659285960898,18.44919613344269,0.0020968005802224597,43.1740275899843,11.560304461423275,18.67510866893068,0.030776088934153463,BBH,high,match,
936,BNS,1.5496136372203109,1.38043371015906,1.2728243172234388,0.006194340585220378,1.5423589017668349,1.408804504182753,1.282989358093895,-0.015034754091520499,BNS,higher,match,
937,BBH,30.97118482029333,12.9115341979061,17.088450944103244,0.4165286044063488,30.868676272216153,12.708431862074717,16.9166475596781,0.4278444118567832,BBH,higher,match,
938,BNS,1.1565960495205538,1.019965540770726,0.9451617337471792,-0.02217042132728421,1.1730713278208975,1.0115746059176243,0.9478010617779431,-0.023969544433965147,BNS,higher,match,
939,BBH,25.210675559161817,24.901329642554533,21.81201844804957,-0.3996213471716951,25.977560981422176,24.326573224928744,21.881991738596163,-0.4105979830236063,BBH,higher,match,
940,BBH,8.46087487274365,6.9984532708124405,6.692868320905652,-0.09675973973579262,8.395394030418988,6.9148584731052996,6.626712930188667,-0.08647005688019925,BBH,high,match,
941,BBH,20.261300318283872,5.993476385446388,9.263305808776554,-0.1116718412173452,20.048068108748225,6.0948841095230595,9.305760326729645,-0.09186719159588919,BBH,high,match,
942,BNS,1.931554660020645,1.1854258267881428,1.309549791598473,-0.01039081229985812,1.8335695961031748,1.199541565860875,1.2853161213961448,-0.013975727163518217,AMBIGUOUS,medium,ambiguous,
943,BNS,1.8398951778542993,1.5046578387861362,1.4470078360656573,-0.003559451352544953,1.8442312983967426,1.5222162365945047,1.4572721755881985,0.02105650138875472,BNS,higher,match,
944,BBH,31.206656831812467,13.736313151485147,17.731198967987133,-0.004048047837319244,31.215814841662105,13.521901906392763,17.583799018031456,-0.022606463227020902,BBH,high,match,
945,BBH,47.49086688091472,20.134089817668464,26.442581966650376,0.003973525563238625,48.52632548059668,19.838765269544922,26.49282974536456,-0.005072790366955587,BBH,high,match,
946,BNS,1.8242590099547735,1.212995459009682,1.2896479407383736,-0.0026914699646375406,1.8315768111177624,1.2095345861380724,1.2902075855214359,-0.015356629586368393,AMBIGUOUS,medium,ambiguous,
947,BBH,16.668140421026585,8.306509061328676,10.12240095216241,-0.11719181939268837,17.216200984261967,8.302808797512622,10.27364731799516,-0.11856885961485707,BBH,high,match,
948,BBH,28.077027854041738,17.01299779339024,18.90876178768677,0.30667911625109046,26.845827810189885,16.488432172319456,18.20821699841254,0.32537596745785496,BBH,higher,match,
949,BNS,1.2411833102253012,1.0831537673800888,1.0089178436976074,-0.0033234694714810195,1.220823077060588,1.1176460438356293,1.0166884299692507,0.0020651070814216967,BNS,higher,match,
950,BBH,48.92525330181303,13.891149207212079,21.864932614980095,0.030896677282667144,48.32680370494752,14.103432649037567,21.929500763109164,0.038003540864275556,BBH,high,match,
951,BBH,45.201821396715964,30.1464489528325,32.0052040967228,0.0940760537413221,45.334072475424044,30.10268417879972,32.02590215795788,0.09258746402885774,BBH,high,match,
952,BNS,1.3990944997721633,1.3706006044831522,1.2055032576048994,-0.010663856706543209,1.3596586919306317,1.3545718120647392,1.1814349572423029,0.004652484942183421,BNS,higher,match,
953,BNS,1.1139705870406984,1.1053763560751846,0.9660181740260685,0.021228026041275536,1.1415155854134476,1.1322553366209138,0.989706428966431,0.018636216856104185,BNS,higher,match,
954,BNS,1.259146515710205,1.153701951689646,1.049049370763543,-0.01661016546489984,1.269342386292804,1.1145552593844235,1.035024694851973,-0.02657441581694761,BNS,higher,match,
955,BBH,24.288559250280485,23.774070186802096,20.919036197090467,0.22046622546701927,25.04622974772104,23.40659975346973,21.07582503881479,0.22292677862367524,BBH,high,match,
956,BNS,1.8119673220884835,1.2521811215345222,1.3068584418516047,0.009741197848400095,1.8451360502393672,1.2575619914675036,1.3212554017322788,0.01573390605342418,AMBIGUOUS,medium,ambiguous,
957,BNS,1.1628472530647707,1.154601164900753,1.0087203497747887,-0.005603652614366932,1.151569794755647,1.1250033705045164,0.9908550580239925,-0.01669663528657231,BNS,higher,match,
958,BNS,1.9253921955791762,1.4812495746356493,1.4676522814339732,0.003991470155520962,1.9052868466281663,1.4920483479405682,1.465609527641157,-0.0372113464576334,BNS,higher,match,
959,BNS,1.9438679297519796,1.1583114670148698,1.2976628883607702,-0.03757736499760582,1.9522306142088943,1.1711778728151117,1.307876177509206,-0.04066761929524969,AMBIGUOUS,medium,ambiguous,
960,BBH,42.50131922013836,30.793985922324627,31.41273560989547,-0.09849633083120149,41.69058612191964,31.580448100971026,31.52733844942342,-0.07962176548219976,BBH,high,match,
961,BBH,47.28438143592014,33.15792141450811,34.36260714607967,0.723197455304019,48.58837752914208,34.23956301387578,35.39981510874908,0.7200262871135175,BBH,higher,match,
962,BNS,1.9747794280576525,1.707823782966502,1.5978867865671122,-0.018459995290082017,1.9991534955310015,1.7925371820951108,1.6474870440391083,-0.03545216220075126,BNS,higher,match,
963,BNS,1.4725000882804196,1.2802906305330097,1.194713301414514,-0.005510686680288034,1.5030099801007866,1.2960194610149953,1.2143462585219646,-0.004351615242002843,BNS,higher,match,
964,BNS,1.2497928086050136,1.1855616405524985,1.0596071020463635,0.021058872159391305,1.25228420076921,1.1547877094904624,1.0467072195570044,0.012721493087695601,BNS,higher,match,
965,BNS,1.2777165158292036,1.0006687813104624,0.9829003321341805,0.00027385861071902085,1.2736576521274936,0.9764870209162493,0.9691464789179715,0.014799404756124743,BNS,higher,match,
966,BBH,36.12884151409915,25.773646352374286,26.48965608690105,0.1926174733597904,36.04903000471649,26.152266841774853,26.66133337975086,0.18356277121420522,BBH,high,match,
967,BNS,1.2047219425410431,1.1120344749031272,1.0074580425069926,0.03955092836376606,1.1721382373031057,1.1288321817241138,1.0013426684863909,0.05112331864498413,BNS,higher,match,
968,BBH,47.23727748030949,41.61692493972422,38.583117292320246,-0.09370653264145146,48.48481842593749,42.332810554857325,39.42173135717972,-0.11040410007736187,BBH,very_high,match,
969,BNS,1.6398434001228317,1.0513668373880583,1.1374818222424163,-0.0060694470744697415,1.6611400173095534,1.0292970740685348,1.1318884256432442,0.006056623581186171,AMBIGUOUS,medium,ambiguous,
970,BNS,1.1637030615188584,1.0927416592077457,0.9815916753463962,0.0018301567224281736,1.133746618006231,1.090080954406491,0.9677532349330754,-0.0011442258502812476,BNS,higher,match,
971,BBH,6.042207853970107,5.052890559091559,4.806346756894346,0.6307678464640932,5.953299172633262,5.163769782204975,4.824326451262477,0.6247419193976403,BBH,higher,match,
972,BNS,1.1155211936759377,1.1034539883883125,0.9658479086073762,-0.0333791175016134,1.138424656377104,1.1027045925121826,0.9753594705310767,-0.03817942440615488,BNS,higher,match,
973,BBH,49.162879977445016,10.283225436457284,18.51123193425123,0.29414693069980213,47.82362199126023,10.198583859297198,18.20499460810979,0.27840838090929315,BBH,high,match,
974,BBH,33.60542114625307,21.48953837302055,23.27874074202854,0.4277294037607975,33.498104194482096,21.405520641712016,23.195696150644277,0.4519183409374988,BBH,higher,match,
975,BNS,1.1083226742378915,1.0338654976276884,0.9317655146327637,-0.022484609885114425,1.08142597329604,1.0702173394762273,0.9365418995751992,-0.026349774617363226,BNS,higher,match,
976,BNS,1.4349534632904009,1.1947329299088607,1.1388968681881988,-0.008961170620641534,1.466694412201747,1.179653024008559,1.1437391345432555,-0.01812822978036188,BNS,higher,match,
977,BBH,40.80896540540636,23.040149002038277,26.47972955420459,-0.28706998810180123,41.214841065352054,22.662553687690025,26.37230235418575,-0.27712198680794625,BBH,high,match,
978,BNS,1.8801549474858432,1.5994004524985337,1.5086405014079072,0.010044449341480683,1.8744514364193074,1.6183309888478807,1.5154116424257396,-0.01275643968315405,BNS,higher,match,
979,BBH,47.44149383261821,41.36481986255011,38.546497929802776,-0.4448862276969125,47.93969034732885,40.32753119931194,38.24883616471616,-0.45644375839403045,BBH,higher,match,
980,BNS,1.5514721202916424,1.435684053198272,1.2990627375606028,0.008489093857696582,1.530600285283803,1.4386950635718532,1.2917178065487747,0.012492056661613182,BNS,higher,match,
981,BNS,1.6452815277610775,1.4923966008940228,1.3638072840819722,0.011109511750801982,1.6312550133420738,1.4993194558839655,1.3612090060018793,0.01717116380309583,BNS,higher,match,
982,BBH,19.467185137423424,10.971400846313026,12.619851668016032,0.09655537957103372,19.306904633405047,11.020627427567169,12.6003894685738,0.08763084147678621,BBH,high,match,
983,BNS,1.1529481378308781,1.1489863566217478,1.0019734046559003,-0.036150001064292045,1.183193886975271,1.144338934551015,1.012948095460729,-0.028839894795477626,BNS,higher,match,
984,BNS,1.6555200751114227,1.4315922275673245,1.3394971202765684,0.025537252755540207,1.6540048747675844,1.4353134022401046,1.3406567045680233,0.028310372612627123,BNS,higher,match,
985,BBH,21.237434650321333,12.276293381424338,13.952660929579146,0.25714019340571975,21.441707284071747,12.389089328502,14.083701231403506,0.2966031721560407,BBH,high,match,
986,BNS,1.2803105430351331,1.2272491262308804,1.0911854760677144,-0.04049064814342166,1.2907278628698964,1.237146924075258,1.1000247769266924,-0.04633859425379494,BNS,higher,match,
987,BNS,1.9419634885885397,1.0597436568221026,1.2376318232328718,0.02672950785904156,1.9715723169128,1.0459517028890348,1.237839846173188,0.031584419828865354,AMBIGUOUS,medium,ambiguous,
988,BBH,28.703657594343046,8.78130070717291,13.369841159330202,0.528864230049712,28.661832314896902,8.734481466455655,13.32167665043382,0.519332744401047,BBH,higher,match,
989,BBH,31.943229603266534,23.35054767903047,23.717575123663767,-0.15710296243954702,31.05074847147845,23.593005493539913,23.518255260910262,-0.16335461237204968,BBH,high,match,
990,BNS,1.5006328571539056,1.4806191865617464,1.297630233751474,-0.0022436406611200496,1.4764136804363455,1.4626395218178743,1.2792803510767723,0.007114624694059055,BNS,higher,match,
991,BBH,32.78745193183253,15.16140443639493,19.129896010217394,0.4688355291514856,32.693325421928435,14.598809138082032,18.720098671721374,0.48130628671120823,BBH,higher,match,
992,BBH,16.912184796023308,12.6482599459698,12.705627131307741,-0.6304048894627875,17.204558906707813,12.347641405861749,12.653730081762294,-0.5881126035111196,BBH,higher,match,
993,BBH,47.70137501908257,9.79056760094933,17.76977236283446,-0.40896961675120924,47.609619994836734,9.486371230617063,17.44037324811685,-0.3796557471822108,BBH,higher,match,
994,BBH,38.567110276480165,23.49816655766699,26.04839129101396,0.3401004298483338,37.33041040183376,23.632966548878734,25.723780769427343,0.3175190992840121,BBH,higher,match,
995,BBH,40.62987143173362,10.187625132806279,16.941364603511822,0.30331447108966303,40.014479498154216,9.70113705737886,16.372889148302146,0.27466272457206814,BBH,high,match,
996,BNS,1.4155024624318,1.1528728418651748,1.1109218933203298,0.019928940585942884,1.4009400839476802,1.1583520744975702,1.1079804876419164,0.014474972179577534,BNS,higher,match,
997,BNS,1.8025075292560082,1.3211688319672337,1.3401951379490304,0.027053354694777133,1.785507036747881,1.324534306229492,1.3358005992574093,0.04138651353752489,BNS,higher,match,
998,BNS,1.36159802230753,1.1932327327389318,1.1091544222567982,-0.010274592800442121,1.3082246846998462,1.1909367176104768,1.0863849831206418,-0.0017029111433223781,BNS,higher,match,
999,BBH,33.6831219723285,20.046088458726732,22.47103605401306,-0.2360930131596776,33.98524193325033,20.57842151705829,22.879195564519925,-0.24079752738685123,BBH,high,match,
